model,revision,method,context,batch,tp,v_rank,base_rank,residual_rank,page_size,sparse_budget,sink,recent,k_residency,dtype,gpu,repeat,run_id,stage,median_ms,p10_ms,p90_ms,collective,communicated_width,communicated_elements_per_rank,payload_bytes_per_rank,ring_bytes_per_rank
Qwen/Qwen3-8B-Base,49e3418fbbbca6ecbdf9608b4d22e5a407081db4,dense_ar,n/a,1,8,64,,,,,,,n/a,bfloat16,NVIDIA L40S,0,dense_ar_b1,projection,0.013791999779641628,0.012384000234305859,0.018912000581622124,all_reduce,4096,4096,8192,14336.0
Qwen/Qwen3-8B-Base,49e3418fbbbca6ecbdf9608b4d22e5a407081db4,dense_ar,n/a,1,8,64,,,,,,,n/a,bfloat16,NVIDIA L40S,0,dense_ar_b1,collective,0.035023998469114304,0.031488001346588135,0.03855999931693077,all_reduce,4096,4096,8192,14336.0
Qwen/Qwen3-8B-Base,49e3418fbbbca6ecbdf9608b4d22e5a407081db4,dense_ar,n/a,1,8,64,,,,,,,n/a,bfloat16,NVIDIA L40S,0,dense_ar_b1,reconstruction,0.009312000125646591,0.009088000282645226,0.00979200005531311,all_reduce,4096,4096,8192,14336.0
Qwen/Qwen3-8B-Base,49e3418fbbbca6ecbdf9608b4d22e5a407081db4,dense_ar,n/a,1,8,64,,,,,,,n/a,bfloat16,NVIDIA L40S,0,dense_ar_b1,total,0.06801600009202957,0.06540799885988235,0.07657600194215775,all_reduce,4096,4096,8192,14336.0
Qwen/Qwen3-8B-Base,49e3418fbbbca6ecbdf9608b4d22e5a407081db4,lr_ar_wire,n/a,1,8,64,,,,,,,n/a,bfloat16,NVIDIA L40S,0,lr_ar_wire_b1,projection,0.016367999836802483,0.015744000673294067,0.024288000538945198,all_reduce,1024,1024,2048,3584.0
Qwen/Qwen3-8B-Base,49e3418fbbbca6ecbdf9608b4d22e5a407081db4,lr_ar_wire,n/a,1,8,64,,,,,,,n/a,bfloat16,NVIDIA L40S,0,lr_ar_wire_b1,collective,0.03387200087308884,0.031936001032590866,0.038943998515605927,all_reduce,1024,1024,2048,3584.0
Qwen/Qwen3-8B-Base,49e3418fbbbca6ecbdf9608b4d22e5a407081db4,lr_ar_wire,n/a,1,8,64,,,,,,,n/a,bfloat16,NVIDIA L40S,0,lr_ar_wire_b1,reconstruction,0.012319999746978283,0.01206399966031313,0.013919999822974205,all_reduce,1024,1024,2048,3584.0
Qwen/Qwen3-8B-Base,49e3418fbbbca6ecbdf9608b4d22e5a407081db4,lr_ar_wire,n/a,1,8,64,,,,,,,n/a,bfloat16,NVIDIA L40S,0,lr_ar_wire_b1,total,0.06828799843788147,0.06332799792289734,0.07820799946784973,all_reduce,1024,1024,2048,3584.0
Qwen/Qwen3-8B-Base,49e3418fbbbca6ecbdf9608b4d22e5a407081db4,lr_ar_cap,n/a,1,8,64,,,,,,,n/a,bfloat16,NVIDIA L40S,0,lr_ar_cap_b1,projection,0.01603199914097786,0.015744000673294067,0.01756799966096878,all_reduce,2048,2048,4096,7168.0
Qwen/Qwen3-8B-Base,49e3418fbbbca6ecbdf9608b4d22e5a407081db4,lr_ar_cap,n/a,1,8,64,,,,,,,n/a,bfloat16,NVIDIA L40S,0,lr_ar_cap_b1,collective,0.03155200183391571,0.03033600002527237,0.036031998693943024,all_reduce,2048,2048,4096,7168.0
Qwen/Qwen3-8B-Base,49e3418fbbbca6ecbdf9608b4d22e5a407081db4,lr_ar_cap,n/a,1,8,64,,,,,,,n/a,bfloat16,NVIDIA L40S,0,lr_ar_cap_b1,reconstruction,0.01539199985563755,0.015231999568641186,0.016095999628305435,all_reduce,2048,2048,4096,7168.0
Qwen/Qwen3-8B-Base,49e3418fbbbca6ecbdf9608b4d22e5a407081db4,lr_ar_cap,n/a,1,8,64,,,,,,,n/a,bfloat16,NVIDIA L40S,0,lr_ar_cap_b1,total,0.06907199695706367,0.06358399987220764,0.07516799867153168,all_reduce,2048,2048,4096,7168.0
Qwen/Qwen3-8B-Base,49e3418fbbbca6ecbdf9608b4d22e5a407081db4,c1_ar,n/a,1,8,64,,,,,,,n/a,bfloat16,NVIDIA L40S,0,c1_ar_b1,projection,0.023151999339461327,0.020320000126957893,0.025472000241279602,all_reduce,2048,2048,4096,7168.0
Qwen/Qwen3-8B-Base,49e3418fbbbca6ecbdf9608b4d22e5a407081db4,c1_ar,n/a,1,8,64,,,,,,,n/a,bfloat16,NVIDIA L40S,0,c1_ar_b1,collective,0.03412799909710884,0.03206399828195572,0.03827200084924698,all_reduce,2048,2048,4096,7168.0
Qwen/Qwen3-8B-Base,49e3418fbbbca6ecbdf9608b4d22e5a407081db4,c1_ar,n/a,1,8,64,,,,,,,n/a,bfloat16,NVIDIA L40S,0,c1_ar_b1,reconstruction,0.025312000885605812,0.02518399991095066,0.02550400048494339,all_reduce,2048,2048,4096,7168.0
Qwen/Qwen3-8B-Base,49e3418fbbbca6ecbdf9608b4d22e5a407081db4,c1_ar,n/a,1,8,64,,,,,,,n/a,bfloat16,NVIDIA L40S,0,c1_ar_b1,total,0.07614399865269661,0.07388799637556076,0.08575999736785889,all_reduce,2048,2048,4096,7168.0
Qwen/Qwen3-8B-Base,49e3418fbbbca6ecbdf9608b4d22e5a407081db4,basiskv_ag,n/a,1,8,64,,,,,,,n/a,bfloat16,NVIDIA L40S,0,basiskv_ag_b1,projection,0.011888000182807446,0.01158399973064661,0.013088000006973743,all_gather,256,256,512,3584.0
Qwen/Qwen3-8B-Base,49e3418fbbbca6ecbdf9608b4d22e5a407081db4,basiskv_ag,n/a,1,8,64,,,,,,,n/a,bfloat16,NVIDIA L40S,0,basiskv_ag_b1,collective,0.016095999628305435,0.015552000142633915,0.01692800037562847,all_gather,256,256,512,3584.0
Qwen/Qwen3-8B-Base,49e3418fbbbca6ecbdf9608b4d22e5a407081db4,basiskv_ag,n/a,1,8,64,,,,,,,n/a,bfloat16,NVIDIA L40S,0,basiskv_ag_b1,reconstruction,0.025312000885605812,0.025151999667286873,0.025439999997615814,all_gather,256,256,512,3584.0
Qwen/Qwen3-8B-Base,49e3418fbbbca6ecbdf9608b4d22e5a407081db4,basiskv_ag,n/a,1,8,64,,,,,,,n/a,bfloat16,NVIDIA L40S,0,basiskv_ag_b1,total,0.041600000113248825,0.040991999208927155,0.042527999728918076,all_gather,256,256,512,3584.0
Qwen/Qwen3-8B-Base,49e3418fbbbca6ecbdf9608b4d22e5a407081db4,dense_ar,n/a,1,8,64,,,,,,,n/a,bfloat16,NVIDIA L40S,1,dense_ar_b1,projection,0.012319999746978283,0.012128000147640705,0.012671999633312225,all_reduce,4096,4096,8192,14336.0
Qwen/Qwen3-8B-Base,49e3418fbbbca6ecbdf9608b4d22e5a407081db4,dense_ar,n/a,1,8,64,,,,,,,n/a,bfloat16,NVIDIA L40S,1,dense_ar_b1,collective,0.03215999901294708,0.031168000772595406,0.03612799942493439,all_reduce,4096,4096,8192,14336.0
Qwen/Qwen3-8B-Base,49e3418fbbbca6ecbdf9608b4d22e5a407081db4,dense_ar,n/a,1,8,64,,,,,,,n/a,bfloat16,NVIDIA L40S,1,dense_ar_b1,reconstruction,0.009440000168979168,0.009247999638319016,0.010528000071644783,all_reduce,4096,4096,8192,14336.0
Qwen/Qwen3-8B-Base,49e3418fbbbca6ecbdf9608b4d22e5a407081db4,dense_ar,n/a,1,8,64,,,,,,,n/a,bfloat16,NVIDIA L40S,1,dense_ar_b1,total,0.06665600091218948,0.06499200314283371,0.07231999933719635,all_reduce,4096,4096,8192,14336.0
Qwen/Qwen3-8B-Base,49e3418fbbbca6ecbdf9608b4d22e5a407081db4,lr_ar_wire,n/a,1,8,64,,,,,,,n/a,bfloat16,NVIDIA L40S,1,lr_ar_wire_b1,projection,0.015968000516295433,0.01571200042963028,0.020959999412298203,all_reduce,1024,1024,2048,3584.0
Qwen/Qwen3-8B-Base,49e3418fbbbca6ecbdf9608b4d22e5a407081db4,lr_ar_wire,n/a,1,8,64,,,,,,,n/a,bfloat16,NVIDIA L40S,1,lr_ar_wire_b1,collective,0.03286400064826012,0.0315839983522892,0.03494400158524513,all_reduce,1024,1024,2048,3584.0
Qwen/Qwen3-8B-Base,49e3418fbbbca6ecbdf9608b4d22e5a407081db4,lr_ar_wire,n/a,1,8,64,,,,,,,n/a,bfloat16,NVIDIA L40S,1,lr_ar_wire_b1,reconstruction,0.012415999546647072,0.012191999703645706,0.01462399959564209,all_reduce,1024,1024,2048,3584.0
Qwen/Qwen3-8B-Base,49e3418fbbbca6ecbdf9608b4d22e5a407081db4,lr_ar_wire,n/a,1,8,64,,,,,,,n/a,bfloat16,NVIDIA L40S,1,lr_ar_wire_b1,total,0.06355199962854385,0.06233600154519081,0.07014399766921997,all_reduce,1024,1024,2048,3584.0
Qwen/Qwen3-8B-Base,49e3418fbbbca6ecbdf9608b4d22e5a407081db4,lr_ar_cap,n/a,1,8,64,,,,,,,n/a,bfloat16,NVIDIA L40S,1,lr_ar_cap_b1,projection,0.01603199914097786,0.015776000916957855,0.016831999644637108,all_reduce,2048,2048,4096,7168.0
Qwen/Qwen3-8B-Base,49e3418fbbbca6ecbdf9608b4d22e5a407081db4,lr_ar_cap,n/a,1,8,64,,,,,,,n/a,bfloat16,NVIDIA L40S,1,lr_ar_cap_b1,collective,0.03232000023126602,0.03142400085926056,0.034143999218940735,all_reduce,2048,2048,4096,7168.0
Qwen/Qwen3-8B-Base,49e3418fbbbca6ecbdf9608b4d22e5a407081db4,lr_ar_cap,n/a,1,8,64,,,,,,,n/a,bfloat16,NVIDIA L40S,1,lr_ar_cap_b1,reconstruction,0.01539199985563755,0.015231999568641186,0.01603199914097786,all_reduce,2048,2048,4096,7168.0
Qwen/Qwen3-8B-Base,49e3418fbbbca6ecbdf9608b4d22e5a407081db4,lr_ar_cap,n/a,1,8,64,,,,,,,n/a,bfloat16,NVIDIA L40S,1,lr_ar_cap_b1,total,0.06433599814772606,0.06207999959588051,0.07443200051784515,all_reduce,2048,2048,4096,7168.0
Qwen/Qwen3-8B-Base,49e3418fbbbca6ecbdf9608b4d22e5a407081db4,c1_ar,n/a,1,8,64,,,,,,,n/a,bfloat16,NVIDIA L40S,1,c1_ar_b1,projection,0.016416000202298164,0.016095999628305435,0.01865600049495697,all_reduce,2048,2048,4096,7168.0
Qwen/Qwen3-8B-Base,49e3418fbbbca6ecbdf9608b4d22e5a407081db4,c1_ar,n/a,1,8,64,,,,,,,n/a,bfloat16,NVIDIA L40S,1,c1_ar_b1,collective,0.035472000017762184,0.033535998314619064,0.04124800115823746,all_reduce,2048,2048,4096,7168.0
Qwen/Qwen3-8B-Base,49e3418fbbbca6ecbdf9608b4d22e5a407081db4,c1_ar,n/a,1,8,64,,,,,,,n/a,bfloat16,NVIDIA L40S,1,c1_ar_b1,reconstruction,0.025296000763773918,0.025151999667286873,0.025472000241279602,all_reduce,2048,2048,4096,7168.0
Qwen/Qwen3-8B-Base,49e3418fbbbca6ecbdf9608b4d22e5a407081db4,c1_ar,n/a,1,8,64,,,,,,,n/a,bfloat16,NVIDIA L40S,1,c1_ar_b1,total,0.07782399654388428,0.0756480023264885,0.08643200248479843,all_reduce,2048,2048,4096,7168.0
Qwen/Qwen3-8B-Base,49e3418fbbbca6ecbdf9608b4d22e5a407081db4,basiskv_ag,n/a,1,8,64,,,,,,,n/a,bfloat16,NVIDIA L40S,1,basiskv_ag_b1,projection,0.011839999817311764,0.01152000017464161,0.012896000407636166,all_gather,256,256,512,3584.0
Qwen/Qwen3-8B-Base,49e3418fbbbca6ecbdf9608b4d22e5a407081db4,basiskv_ag,n/a,1,8,64,,,,,,,n/a,bfloat16,NVIDIA L40S,1,basiskv_ag_b1,collective,0.016095999628305435,0.015615999698638916,0.01679999940097332,all_gather,256,256,512,3584.0
Qwen/Qwen3-8B-Base,49e3418fbbbca6ecbdf9608b4d22e5a407081db4,basiskv_ag,n/a,1,8,64,,,,,,,n/a,bfloat16,NVIDIA L40S,1,basiskv_ag_b1,reconstruction,0.025280000641942024,0.025151999667286873,0.025472000241279602,all_gather,256,256,512,3584.0
Qwen/Qwen3-8B-Base,49e3418fbbbca6ecbdf9608b4d22e5a407081db4,basiskv_ag,n/a,1,8,64,,,,,,,n/a,bfloat16,NVIDIA L40S,1,basiskv_ag_b1,total,0.0414079986512661,0.04076800122857094,0.04227200150489807,all_gather,256,256,512,3584.0
Qwen/Qwen3-8B-Base,49e3418fbbbca6ecbdf9608b4d22e5a407081db4,dense_ar,n/a,1,8,64,,,,,,,n/a,bfloat16,NVIDIA L40S,2,dense_ar_b1,projection,0.012272000312805176,0.012032000347971916,0.012992000207304955,all_reduce,4096,4096,8192,14336.0
Qwen/Qwen3-8B-Base,49e3418fbbbca6ecbdf9608b4d22e5a407081db4,dense_ar,n/a,1,8,64,,,,,,,n/a,bfloat16,NVIDIA L40S,2,dense_ar_b1,collective,0.03262399882078171,0.031488001346588135,0.034623999148607254,all_reduce,4096,4096,8192,14336.0
Qwen/Qwen3-8B-Base,49e3418fbbbca6ecbdf9608b4d22e5a407081db4,dense_ar,n/a,1,8,64,,,,,,,n/a,bfloat16,NVIDIA L40S,2,dense_ar_b1,reconstruction,0.009664000011980534,0.009375999681651592,0.010432000271975994,all_reduce,4096,4096,8192,14336.0
Qwen/Qwen3-8B-Base,49e3418fbbbca6ecbdf9608b4d22e5a407081db4,dense_ar,n/a,1,8,64,,,,,,,n/a,bfloat16,NVIDIA L40S,2,dense_ar_b1,total,0.06806400045752525,0.06592000275850296,0.07532799988985062,all_reduce,4096,4096,8192,14336.0
Qwen/Qwen3-8B-Base,49e3418fbbbca6ecbdf9608b4d22e5a407081db4,lr_ar_wire,n/a,1,8,64,,,,,,,n/a,bfloat16,NVIDIA L40S,2,lr_ar_wire_b1,projection,0.015904000028967857,0.015744000673294067,0.019807999953627586,all_reduce,1024,1024,2048,3584.0
Qwen/Qwen3-8B-Base,49e3418fbbbca6ecbdf9608b4d22e5a407081db4,lr_ar_wire,n/a,1,8,64,,,,,,,n/a,bfloat16,NVIDIA L40S,2,lr_ar_wire_b1,collective,0.03271999955177307,0.03152000159025192,0.03593600168824196,all_reduce,1024,1024,2048,3584.0
Qwen/Qwen3-8B-Base,49e3418fbbbca6ecbdf9608b4d22e5a407081db4,lr_ar_wire,n/a,1,8,64,,,,,,,n/a,bfloat16,NVIDIA L40S,2,lr_ar_wire_b1,reconstruction,0.01235199999064207,0.012128000147640705,0.012864000163972378,all_reduce,1024,1024,2048,3584.0
Qwen/Qwen3-8B-Base,49e3418fbbbca6ecbdf9608b4d22e5a407081db4,lr_ar_wire,n/a,1,8,64,,,,,,,n/a,bfloat16,NVIDIA L40S,2,lr_ar_wire_b1,total,0.06384000182151794,0.062144000083208084,0.07264000177383423,all_reduce,1024,1024,2048,3584.0
Qwen/Qwen3-8B-Base,49e3418fbbbca6ecbdf9608b4d22e5a407081db4,lr_ar_cap,n/a,1,8,64,,,,,,,n/a,bfloat16,NVIDIA L40S,2,lr_ar_cap_b1,projection,0.01603199914097786,0.015807999297976494,0.016863999888300896,all_reduce,2048,2048,4096,7168.0
Qwen/Qwen3-8B-Base,49e3418fbbbca6ecbdf9608b4d22e5a407081db4,lr_ar_cap,n/a,1,8,64,,,,,,,n/a,bfloat16,NVIDIA L40S,2,lr_ar_cap_b1,collective,0.03244800120592117,0.031328000128269196,0.03596799820661545,all_reduce,2048,2048,4096,7168.0
Qwen/Qwen3-8B-Base,49e3418fbbbca6ecbdf9608b4d22e5a407081db4,lr_ar_cap,n/a,1,8,64,,,,,,,n/a,bfloat16,NVIDIA L40S,2,lr_ar_cap_b1,reconstruction,0.015424000099301338,0.015263999812304974,0.016287999227643013,all_reduce,2048,2048,4096,7168.0
Qwen/Qwen3-8B-Base,49e3418fbbbca6ecbdf9608b4d22e5a407081db4,lr_ar_cap,n/a,1,8,64,,,,,,,n/a,bfloat16,NVIDIA L40S,2,lr_ar_cap_b1,total,0.06355199962854385,0.06188800185918808,0.07369600236415863,all_reduce,2048,2048,4096,7168.0
Qwen/Qwen3-8B-Base,49e3418fbbbca6ecbdf9608b4d22e5a407081db4,c1_ar,n/a,1,8,64,,,,,,,n/a,bfloat16,NVIDIA L40S,2,c1_ar_b1,projection,0.016256000846624374,0.015904000028967857,0.01740800030529499,all_reduce,2048,2048,4096,7168.0
Qwen/Qwen3-8B-Base,49e3418fbbbca6ecbdf9608b4d22e5a407081db4,c1_ar,n/a,1,8,64,,,,,,,n/a,bfloat16,NVIDIA L40S,2,c1_ar_b1,collective,0.033695999532938004,0.03251200169324875,0.036320000886917114,all_reduce,2048,2048,4096,7168.0
Qwen/Qwen3-8B-Base,49e3418fbbbca6ecbdf9608b4d22e5a407081db4,c1_ar,n/a,1,8,64,,,,,,,n/a,bfloat16,NVIDIA L40S,2,c1_ar_b1,reconstruction,0.025248000398278236,0.025119999423623085,0.025439999997615814,all_reduce,2048,2048,4096,7168.0
Qwen/Qwen3-8B-Base,49e3418fbbbca6ecbdf9608b4d22e5a407081db4,c1_ar,n/a,1,8,64,,,,,,,n/a,bfloat16,NVIDIA L40S,2,c1_ar_b1,total,0.07700799778103828,0.07507199794054031,0.08515200018882751,all_reduce,2048,2048,4096,7168.0
Qwen/Qwen3-8B-Base,49e3418fbbbca6ecbdf9608b4d22e5a407081db4,basiskv_ag,n/a,1,8,64,,,,,,,n/a,bfloat16,NVIDIA L40S,2,basiskv_ag_b1,projection,0.011872000060975552,0.01152000017464161,0.012543999589979649,all_gather,256,256,512,3584.0
Qwen/Qwen3-8B-Base,49e3418fbbbca6ecbdf9608b4d22e5a407081db4,basiskv_ag,n/a,1,8,64,,,,,,,n/a,bfloat16,NVIDIA L40S,2,basiskv_ag_b1,collective,0.01600000075995922,0.015615999698638916,0.01711999997496605,all_gather,256,256,512,3584.0
Qwen/Qwen3-8B-Base,49e3418fbbbca6ecbdf9608b4d22e5a407081db4,basiskv_ag,n/a,1,8,64,,,,,,,n/a,bfloat16,NVIDIA L40S,2,basiskv_ag_b1,reconstruction,0.025280000641942024,0.025151999667286873,0.025439999997615814,all_gather,256,256,512,3584.0
Qwen/Qwen3-8B-Base,49e3418fbbbca6ecbdf9608b4d22e5a407081db4,basiskv_ag,n/a,1,8,64,,,,,,,n/a,bfloat16,NVIDIA L40S,2,basiskv_ag_b1,total,0.041439998894929886,0.040800001472234726,0.042399998754262924,all_gather,256,256,512,3584.0
Qwen/Qwen3-8B-Base,49e3418fbbbca6ecbdf9608b4d22e5a407081db4,dense_ar,n/a,2,8,64,,,,,,,n/a,bfloat16,NVIDIA L40S,0,dense_ar_b2,projection,0.012992000207304955,0.012671999633312225,0.014655999839305878,all_reduce,4096,8192,16384,28672.0
Qwen/Qwen3-8B-Base,49e3418fbbbca6ecbdf9608b4d22e5a407081db4,dense_ar,n/a,2,8,64,,,,,,,n/a,bfloat16,NVIDIA L40S,0,dense_ar_b2,collective,0.03336000069975853,0.03200000151991844,0.037376001477241516,all_reduce,4096,8192,16384,28672.0
Qwen/Qwen3-8B-Base,49e3418fbbbca6ecbdf9608b4d22e5a407081db4,dense_ar,n/a,2,8,64,,,,,,,n/a,bfloat16,NVIDIA L40S,0,dense_ar_b2,reconstruction,0.012671999633312225,0.00940799992531538,0.014688000082969666,all_reduce,4096,8192,16384,28672.0
Qwen/Qwen3-8B-Base,49e3418fbbbca6ecbdf9608b4d22e5a407081db4,dense_ar,n/a,2,8,64,,,,,,,n/a,bfloat16,NVIDIA L40S,0,dense_ar_b2,total,0.07015999779105186,0.06828799843788147,0.07859200239181519,all_reduce,4096,8192,16384,28672.0
Qwen/Qwen3-8B-Base,49e3418fbbbca6ecbdf9608b4d22e5a407081db4,lr_ar_wire,n/a,2,8,64,,,,,,,n/a,bfloat16,NVIDIA L40S,0,lr_ar_wire_b2,projection,0.012575999833643436,0.01235199999064207,0.01398400031030178,all_reduce,1024,2048,4096,7168.0
Qwen/Qwen3-8B-Base,49e3418fbbbca6ecbdf9608b4d22e5a407081db4,lr_ar_wire,n/a,2,8,64,,,,,,,n/a,bfloat16,NVIDIA L40S,0,lr_ar_wire_b2,collective,0.03296000137925148,0.03142400085926056,0.03827200084924698,all_reduce,1024,2048,4096,7168.0
Qwen/Qwen3-8B-Base,49e3418fbbbca6ecbdf9608b4d22e5a407081db4,lr_ar_wire,n/a,2,8,64,,,,,,,n/a,bfloat16,NVIDIA L40S,0,lr_ar_wire_b2,reconstruction,0.014015999622642994,0.013791999779641628,0.014911999925971031,all_reduce,1024,2048,4096,7168.0
Qwen/Qwen3-8B-Base,49e3418fbbbca6ecbdf9608b4d22e5a407081db4,lr_ar_wire,n/a,2,8,64,,,,,,,n/a,bfloat16,NVIDIA L40S,0,lr_ar_wire_b2,total,0.061872001737356186,0.060095999389886856,0.06972800195217133,all_reduce,1024,2048,4096,7168.0
Qwen/Qwen3-8B-Base,49e3418fbbbca6ecbdf9608b4d22e5a407081db4,lr_ar_cap,n/a,2,8,64,,,,,,,n/a,bfloat16,NVIDIA L40S,0,lr_ar_cap_b2,projection,0.01345600001513958,0.012415999546647072,0.01852799952030182,all_reduce,2048,4096,8192,14336.0
Qwen/Qwen3-8B-Base,49e3418fbbbca6ecbdf9608b4d22e5a407081db4,lr_ar_cap,n/a,2,8,64,,,,,,,n/a,bfloat16,NVIDIA L40S,0,lr_ar_cap_b2,collective,0.034304000437259674,0.03251200169324875,0.03670400008559227,all_reduce,2048,4096,8192,14336.0
Qwen/Qwen3-8B-Base,49e3418fbbbca6ecbdf9608b4d22e5a407081db4,lr_ar_cap,n/a,2,8,64,,,,,,,n/a,bfloat16,NVIDIA L40S,0,lr_ar_cap_b2,reconstruction,0.016448000445961952,0.015615999698638916,0.019168000668287277,all_reduce,2048,4096,8192,14336.0
Qwen/Qwen3-8B-Base,49e3418fbbbca6ecbdf9608b4d22e5a407081db4,lr_ar_cap,n/a,2,8,64,,,,,,,n/a,bfloat16,NVIDIA L40S,0,lr_ar_cap_b2,total,0.06084800139069557,0.059167999774217606,0.06656000018119812,all_reduce,2048,4096,8192,14336.0
Qwen/Qwen3-8B-Base,49e3418fbbbca6ecbdf9608b4d22e5a407081db4,c1_ar,n/a,2,8,64,,,,,,,n/a,bfloat16,NVIDIA L40S,0,c1_ar_b2,projection,0.016448000445961952,0.01616000011563301,0.018079999834299088,all_reduce,2048,4096,8192,14336.0
Qwen/Qwen3-8B-Base,49e3418fbbbca6ecbdf9608b4d22e5a407081db4,c1_ar,n/a,2,8,64,,,,,,,n/a,bfloat16,NVIDIA L40S,0,c1_ar_b2,collective,0.03268799930810928,0.031647998839616776,0.03471999987959862,all_reduce,2048,4096,8192,14336.0
Qwen/Qwen3-8B-Base,49e3418fbbbca6ecbdf9608b4d22e5a407081db4,c1_ar,n/a,2,8,64,,,,,,,n/a,bfloat16,NVIDIA L40S,0,c1_ar_b2,reconstruction,0.01881599985063076,0.018592000007629395,0.019999999552965164,all_reduce,2048,4096,8192,14336.0
Qwen/Qwen3-8B-Base,49e3418fbbbca6ecbdf9608b4d22e5a407081db4,c1_ar,n/a,2,8,64,,,,,,,n/a,bfloat16,NVIDIA L40S,0,c1_ar_b2,total,0.08308799937367439,0.081216000020504,0.08953599631786346,all_reduce,2048,4096,8192,14336.0
Qwen/Qwen3-8B-Base,49e3418fbbbca6ecbdf9608b4d22e5a407081db4,basiskv_ag,n/a,2,8,64,,,,,,,n/a,bfloat16,NVIDIA L40S,0,basiskv_ag_b2,projection,0.012032000347971916,0.011776000261306763,0.013439999893307686,all_gather,256,512,1024,7168.0
Qwen/Qwen3-8B-Base,49e3418fbbbca6ecbdf9608b4d22e5a407081db4,basiskv_ag,n/a,2,8,64,,,,,,,n/a,bfloat16,NVIDIA L40S,0,basiskv_ag_b2,collective,0.021808000281453133,0.01648000068962574,0.025119999423623085,all_gather,256,512,1024,7168.0
Qwen/Qwen3-8B-Base,49e3418fbbbca6ecbdf9608b4d22e5a407081db4,basiskv_ag,n/a,2,8,64,,,,,,,n/a,bfloat16,NVIDIA L40S,0,basiskv_ag_b2,reconstruction,0.0191040001809597,0.018688000738620758,0.02022399939596653,all_gather,256,512,1024,7168.0
Qwen/Qwen3-8B-Base,49e3418fbbbca6ecbdf9608b4d22e5a407081db4,basiskv_ag,n/a,2,8,64,,,,,,,n/a,bfloat16,NVIDIA L40S,0,basiskv_ag_b2,total,0.03641600161790848,0.03580800071358681,0.03731200098991394,all_gather,256,512,1024,7168.0
Qwen/Qwen3-8B-Base,49e3418fbbbca6ecbdf9608b4d22e5a407081db4,dense_ar,n/a,2,8,64,,,,,,,n/a,bfloat16,NVIDIA L40S,1,dense_ar_b2,projection,0.012752000242471695,0.012415999546647072,0.01727999933063984,all_reduce,4096,8192,16384,28672.0
Qwen/Qwen3-8B-Base,49e3418fbbbca6ecbdf9608b4d22e5a407081db4,dense_ar,n/a,2,8,64,,,,,,,n/a,bfloat16,NVIDIA L40S,1,dense_ar_b2,collective,0.031727999448776245,0.030208000913262367,0.03359999880194664,all_reduce,4096,8192,16384,28672.0
Qwen/Qwen3-8B-Base,49e3418fbbbca6ecbdf9608b4d22e5a407081db4,dense_ar,n/a,2,8,64,,,,,,,n/a,bfloat16,NVIDIA L40S,1,dense_ar_b2,reconstruction,0.009472000412642956,0.009216000325977802,0.010048000141978264,all_reduce,4096,8192,16384,28672.0
Qwen/Qwen3-8B-Base,49e3418fbbbca6ecbdf9608b4d22e5a407081db4,dense_ar,n/a,2,8,64,,,,,,,n/a,bfloat16,NVIDIA L40S,1,dense_ar_b2,total,0.06919999793171883,0.06761600077152252,0.07494399696588516,all_reduce,4096,8192,16384,28672.0
Qwen/Qwen3-8B-Base,49e3418fbbbca6ecbdf9608b4d22e5a407081db4,lr_ar_wire,n/a,2,8,64,,,,,,,n/a,bfloat16,NVIDIA L40S,1,lr_ar_wire_b2,projection,0.012703999876976013,0.012415999546647072,0.013856000266969204,all_reduce,1024,2048,4096,7168.0
Qwen/Qwen3-8B-Base,49e3418fbbbca6ecbdf9608b4d22e5a407081db4,lr_ar_wire,n/a,2,8,64,,,,,,,n/a,bfloat16,NVIDIA L40S,1,lr_ar_wire_b2,collective,0.03251200169324875,0.03136000037193298,0.03558399900794029,all_reduce,1024,2048,4096,7168.0
Qwen/Qwen3-8B-Base,49e3418fbbbca6ecbdf9608b4d22e5a407081db4,lr_ar_wire,n/a,2,8,64,,,,,,,n/a,bfloat16,NVIDIA L40S,1,lr_ar_wire_b2,reconstruction,0.014112000353634357,0.013824000023305416,0.014879999682307243,all_reduce,1024,2048,4096,7168.0
Qwen/Qwen3-8B-Base,49e3418fbbbca6ecbdf9608b4d22e5a407081db4,lr_ar_wire,n/a,2,8,64,,,,,,,n/a,bfloat16,NVIDIA L40S,1,lr_ar_wire_b2,total,0.06092799827456474,0.05967999994754791,0.0663679987192154,all_reduce,1024,2048,4096,7168.0
Qwen/Qwen3-8B-Base,49e3418fbbbca6ecbdf9608b4d22e5a407081db4,lr_ar_cap,n/a,2,8,64,,,,,,,n/a,bfloat16,NVIDIA L40S,1,lr_ar_cap_b2,projection,0.01708799973130226,0.015104000456631184,0.02035200037062168,all_reduce,2048,4096,8192,14336.0
Qwen/Qwen3-8B-Base,49e3418fbbbca6ecbdf9608b4d22e5a407081db4,lr_ar_cap,n/a,2,8,64,,,,,,,n/a,bfloat16,NVIDIA L40S,1,lr_ar_cap_b2,collective,0.03471999987959862,0.03206399828195572,0.037408001720905304,all_reduce,2048,4096,8192,14336.0
Qwen/Qwen3-8B-Base,49e3418fbbbca6ecbdf9608b4d22e5a407081db4,lr_ar_cap,n/a,2,8,64,,,,,,,n/a,bfloat16,NVIDIA L40S,1,lr_ar_cap_b2,reconstruction,0.01616000011563301,0.015552000142633915,0.017920000478625298,all_reduce,2048,4096,8192,14336.0
Qwen/Qwen3-8B-Base,49e3418fbbbca6ecbdf9608b4d22e5a407081db4,lr_ar_cap,n/a,2,8,64,,,,,,,n/a,bfloat16,NVIDIA L40S,1,lr_ar_cap_b2,total,0.05953599885106087,0.05801599845290184,0.06524799764156342,all_reduce,2048,4096,8192,14336.0
Qwen/Qwen3-8B-Base,49e3418fbbbca6ecbdf9608b4d22e5a407081db4,c1_ar,n/a,2,8,64,,,,,,,n/a,bfloat16,NVIDIA L40S,1,c1_ar_b2,projection,0.016543999314308167,0.01616000011563301,0.021824000403285027,all_reduce,2048,4096,8192,14336.0
Qwen/Qwen3-8B-Base,49e3418fbbbca6ecbdf9608b4d22e5a407081db4,c1_ar,n/a,2,8,64,,,,,,,n/a,bfloat16,NVIDIA L40S,1,c1_ar_b2,collective,0.032816000282764435,0.03174399957060814,0.03481600061058998,all_reduce,2048,4096,8192,14336.0
Qwen/Qwen3-8B-Base,49e3418fbbbca6ecbdf9608b4d22e5a407081db4,c1_ar,n/a,2,8,64,,,,,,,n/a,bfloat16,NVIDIA L40S,1,c1_ar_b2,reconstruction,0.01896000001579523,0.018624000251293182,0.020031999796628952,all_reduce,2048,4096,8192,14336.0
Qwen/Qwen3-8B-Base,49e3418fbbbca6ecbdf9608b4d22e5a407081db4,c1_ar,n/a,2,8,64,,,,,,,n/a,bfloat16,NVIDIA L40S,1,c1_ar_b2,total,0.0835840031504631,0.08198399841785431,0.0904960036277771,all_reduce,2048,4096,8192,14336.0
Qwen/Qwen3-8B-Base,49e3418fbbbca6ecbdf9608b4d22e5a407081db4,basiskv_ag,n/a,2,8,64,,,,,,,n/a,bfloat16,NVIDIA L40S,1,basiskv_ag_b2,projection,0.01196799986064434,0.011711999773979187,0.01369599997997284,all_gather,256,512,1024,7168.0
Qwen/Qwen3-8B-Base,49e3418fbbbca6ecbdf9608b4d22e5a407081db4,basiskv_ag,n/a,2,8,64,,,,,,,n/a,bfloat16,NVIDIA L40S,1,basiskv_ag_b2,collective,0.02160000056028366,0.016383999958634377,0.02518399991095066,all_gather,256,512,1024,7168.0
Qwen/Qwen3-8B-Base,49e3418fbbbca6ecbdf9608b4d22e5a407081db4,basiskv_ag,n/a,2,8,64,,,,,,,n/a,bfloat16,NVIDIA L40S,1,basiskv_ag_b2,reconstruction,0.01913600042462349,0.018783999606966972,0.020735999569296837,all_gather,256,512,1024,7168.0
Qwen/Qwen3-8B-Base,49e3418fbbbca6ecbdf9608b4d22e5a407081db4,basiskv_ag,n/a,2,8,64,,,,,,,n/a,bfloat16,NVIDIA L40S,1,basiskv_ag_b2,total,0.03651199862360954,0.035840000957250595,0.03728000074625015,all_gather,256,512,1024,7168.0
Qwen/Qwen3-8B-Base,49e3418fbbbca6ecbdf9608b4d22e5a407081db4,dense_ar,n/a,2,8,64,,,,,,,n/a,bfloat16,NVIDIA L40S,2,dense_ar_b2,projection,0.012736000120639801,0.01235199999064207,0.020576000213623047,all_reduce,4096,8192,16384,28672.0
Qwen/Qwen3-8B-Base,49e3418fbbbca6ecbdf9608b4d22e5a407081db4,dense_ar,n/a,2,8,64,,,,,,,n/a,bfloat16,NVIDIA L40S,2,dense_ar_b2,collective,0.03267199918627739,0.031136000528931618,0.034432001411914825,all_reduce,4096,8192,16384,28672.0
Qwen/Qwen3-8B-Base,49e3418fbbbca6ecbdf9608b4d22e5a407081db4,dense_ar,n/a,2,8,64,,,,,,,n/a,bfloat16,NVIDIA L40S,2,dense_ar_b2,reconstruction,0.009440000168979168,0.009184000082314014,0.010208000428974628,all_reduce,4096,8192,16384,28672.0
Qwen/Qwen3-8B-Base,49e3418fbbbca6ecbdf9608b4d22e5a407081db4,dense_ar,n/a,2,8,64,,,,,,,n/a,bfloat16,NVIDIA L40S,2,dense_ar_b2,total,0.0690079964697361,0.06771200150251389,0.07356800138950348,all_reduce,4096,8192,16384,28672.0
Qwen/Qwen3-8B-Base,49e3418fbbbca6ecbdf9608b4d22e5a407081db4,lr_ar_wire,n/a,2,8,64,,,,,,,n/a,bfloat16,NVIDIA L40S,2,lr_ar_wire_b2,projection,0.012703999876976013,0.012415999546647072,0.014495999552309513,all_reduce,1024,2048,4096,7168.0
Qwen/Qwen3-8B-Base,49e3418fbbbca6ecbdf9608b4d22e5a407081db4,lr_ar_wire,n/a,2,8,64,,,,,,,n/a,bfloat16,NVIDIA L40S,2,lr_ar_wire_b2,collective,0.0326399989426136,0.031647998839616776,0.035360001027584076,all_reduce,1024,2048,4096,7168.0
Qwen/Qwen3-8B-Base,49e3418fbbbca6ecbdf9608b4d22e5a407081db4,lr_ar_wire,n/a,2,8,64,,,,,,,n/a,bfloat16,NVIDIA L40S,2,lr_ar_wire_b2,reconstruction,0.014047999866306782,0.013791999779641628,0.014816000126302242,all_reduce,1024,2048,4096,7168.0
Qwen/Qwen3-8B-Base,49e3418fbbbca6ecbdf9608b4d22e5a407081db4,lr_ar_wire,n/a,2,8,64,,,,,,,n/a,bfloat16,NVIDIA L40S,2,lr_ar_wire_b2,total,0.06120000034570694,0.059808000922203064,0.06588800251483917,all_reduce,1024,2048,4096,7168.0
Qwen/Qwen3-8B-Base,49e3418fbbbca6ecbdf9608b4d22e5a407081db4,lr_ar_cap,n/a,2,8,64,,,,,,,n/a,bfloat16,NVIDIA L40S,2,lr_ar_cap_b2,projection,0.016783999279141426,0.012640000320971012,0.020255999639630318,all_reduce,2048,4096,8192,14336.0
Qwen/Qwen3-8B-Base,49e3418fbbbca6ecbdf9608b4d22e5a407081db4,lr_ar_cap,n/a,2,8,64,,,,,,,n/a,bfloat16,NVIDIA L40S,2,lr_ar_cap_b2,collective,0.034015998244285583,0.03177599981427193,0.03788800165057182,all_reduce,2048,4096,8192,14336.0
Qwen/Qwen3-8B-Base,49e3418fbbbca6ecbdf9608b4d22e5a407081db4,lr_ar_cap,n/a,2,8,64,,,,,,,n/a,bfloat16,NVIDIA L40S,2,lr_ar_cap_b2,reconstruction,0.016448000445961952,0.015615999698638916,0.019071999937295914,all_reduce,2048,4096,8192,14336.0
Qwen/Qwen3-8B-Base,49e3418fbbbca6ecbdf9608b4d22e5a407081db4,lr_ar_cap,n/a,2,8,64,,,,,,,n/a,bfloat16,NVIDIA L40S,2,lr_ar_cap_b2,total,0.06099199876189232,0.0594559982419014,0.06511999666690826,all_reduce,2048,4096,8192,14336.0
Qwen/Qwen3-8B-Base,49e3418fbbbca6ecbdf9608b4d22e5a407081db4,c1_ar,n/a,2,8,64,,,,,,,n/a,bfloat16,NVIDIA L40S,2,c1_ar_b2,projection,0.01649599988013506,0.0161920003592968,0.022016000002622604,all_reduce,2048,4096,8192,14336.0
Qwen/Qwen3-8B-Base,49e3418fbbbca6ecbdf9608b4d22e5a407081db4,c1_ar,n/a,2,8,64,,,,,,,n/a,bfloat16,NVIDIA L40S,2,c1_ar_b2,collective,0.032735999673604965,0.031328000128269196,0.03468799963593483,all_reduce,2048,4096,8192,14336.0
Qwen/Qwen3-8B-Base,49e3418fbbbca6ecbdf9608b4d22e5a407081db4,c1_ar,n/a,2,8,64,,,,,,,n/a,bfloat16,NVIDIA L40S,2,c1_ar_b2,reconstruction,0.021455999463796616,0.018783999606966972,0.023615999147295952,all_reduce,2048,4096,8192,14336.0
Qwen/Qwen3-8B-Base,49e3418fbbbca6ecbdf9608b4d22e5a407081db4,c1_ar,n/a,2,8,64,,,,,,,n/a,bfloat16,NVIDIA L40S,2,c1_ar_b2,total,0.08422400057315826,0.08211199939250946,0.09110400080680847,all_reduce,2048,4096,8192,14336.0
Qwen/Qwen3-8B-Base,49e3418fbbbca6ecbdf9608b4d22e5a407081db4,basiskv_ag,n/a,2,8,64,,,,,,,n/a,bfloat16,NVIDIA L40S,2,basiskv_ag_b2,projection,0.012719999998807907,0.01206399966031313,0.018239999189972878,all_gather,256,512,1024,7168.0
Qwen/Qwen3-8B-Base,49e3418fbbbca6ecbdf9608b4d22e5a407081db4,basiskv_ag,n/a,2,8,64,,,,,,,n/a,bfloat16,NVIDIA L40S,2,basiskv_ag_b2,collective,0.016944000497460365,0.016256000846624374,0.01772800087928772,all_gather,256,512,1024,7168.0
Qwen/Qwen3-8B-Base,49e3418fbbbca6ecbdf9608b4d22e5a407081db4,basiskv_ag,n/a,2,8,64,,,,,,,n/a,bfloat16,NVIDIA L40S,2,basiskv_ag_b2,reconstruction,0.019392000511288643,0.018880000337958336,0.02131200022995472,all_gather,256,512,1024,7168.0
Qwen/Qwen3-8B-Base,49e3418fbbbca6ecbdf9608b4d22e5a407081db4,basiskv_ag,n/a,2,8,64,,,,,,,n/a,bfloat16,NVIDIA L40S,2,basiskv_ag_b2,total,0.03699199855327606,0.036031998693943024,0.06115199998021126,all_gather,256,512,1024,7168.0
Qwen/Qwen3-8B-Base,49e3418fbbbca6ecbdf9608b4d22e5a407081db4,dense_ar,n/a,4,8,64,,,,,,,n/a,bfloat16,NVIDIA L40S,0,dense_ar_b4,projection,0.012640000320971012,0.01235199999064207,0.013952000066637993,all_reduce,4096,16384,32768,57344.0
Qwen/Qwen3-8B-Base,49e3418fbbbca6ecbdf9608b4d22e5a407081db4,dense_ar,n/a,4,8,64,,,,,,,n/a,bfloat16,NVIDIA L40S,0,dense_ar_b4,collective,0.03302399814128876,0.03167999908328056,0.035711999982595444,all_reduce,4096,16384,32768,57344.0
Qwen/Qwen3-8B-Base,49e3418fbbbca6ecbdf9608b4d22e5a407081db4,dense_ar,n/a,4,8,64,,,,,,,n/a,bfloat16,NVIDIA L40S,0,dense_ar_b4,reconstruction,0.009440000168979168,0.009216000325977802,0.010143999941647053,all_reduce,4096,16384,32768,57344.0
Qwen/Qwen3-8B-Base,49e3418fbbbca6ecbdf9608b4d22e5a407081db4,dense_ar,n/a,4,8,64,,,,,,,n/a,bfloat16,NVIDIA L40S,0,dense_ar_b4,total,0.06931199878454208,0.0674239993095398,0.07414399832487106,all_reduce,4096,16384,32768,57344.0
Qwen/Qwen3-8B-Base,49e3418fbbbca6ecbdf9608b4d22e5a407081db4,lr_ar_wire,n/a,4,8,64,,,,,,,n/a,bfloat16,NVIDIA L40S,0,lr_ar_wire_b4,projection,0.012608000077307224,0.01235199999064207,0.013344000093638897,all_reduce,1024,4096,8192,14336.0
Qwen/Qwen3-8B-Base,49e3418fbbbca6ecbdf9608b4d22e5a407081db4,lr_ar_wire,n/a,4,8,64,,,,,,,n/a,bfloat16,NVIDIA L40S,0,lr_ar_wire_b4,collective,0.03271999955177307,0.03145600110292435,0.03542400151491165,all_reduce,1024,4096,8192,14336.0
Qwen/Qwen3-8B-Base,49e3418fbbbca6ecbdf9608b4d22e5a407081db4,lr_ar_wire,n/a,4,8,64,,,,,,,n/a,bfloat16,NVIDIA L40S,0,lr_ar_wire_b4,reconstruction,0.014047999866306782,0.013856000266969204,0.01462399959564209,all_reduce,1024,4096,8192,14336.0
Qwen/Qwen3-8B-Base,49e3418fbbbca6ecbdf9608b4d22e5a407081db4,lr_ar_wire,n/a,4,8,64,,,,,,,n/a,bfloat16,NVIDIA L40S,0,lr_ar_wire_b4,total,0.05999999865889549,0.0586559996008873,0.06732799857854843,all_reduce,1024,4096,8192,14336.0
Qwen/Qwen3-8B-Base,49e3418fbbbca6ecbdf9608b4d22e5a407081db4,lr_ar_cap,n/a,4,8,64,,,,,,,n/a,bfloat16,NVIDIA L40S,0,lr_ar_cap_b4,projection,0.012896000407636166,0.012543999589979649,0.013663999736309052,all_reduce,2048,8192,16384,28672.0
Qwen/Qwen3-8B-Base,49e3418fbbbca6ecbdf9608b4d22e5a407081db4,lr_ar_cap,n/a,4,8,64,,,,,,,n/a,bfloat16,NVIDIA L40S,0,lr_ar_cap_b4,collective,0.03387200087308884,0.03232000023126602,0.03718400001525879,all_reduce,2048,8192,16384,28672.0
Qwen/Qwen3-8B-Base,49e3418fbbbca6ecbdf9608b4d22e5a407081db4,lr_ar_cap,n/a,4,8,64,,,,,,,n/a,bfloat16,NVIDIA L40S,0,lr_ar_cap_b4,reconstruction,0.01603199914097786,0.015552000142633915,0.018848000094294548,all_reduce,2048,8192,16384,28672.0
Qwen/Qwen3-8B-Base,49e3418fbbbca6ecbdf9608b4d22e5a407081db4,lr_ar_cap,n/a,4,8,64,,,,,,,n/a,bfloat16,NVIDIA L40S,0,lr_ar_cap_b4,total,0.060736000537872314,0.05926400050520897,0.06646399945020676,all_reduce,2048,8192,16384,28672.0
Qwen/Qwen3-8B-Base,49e3418fbbbca6ecbdf9608b4d22e5a407081db4,c1_ar,n/a,4,8,64,,,,,,,n/a,bfloat16,NVIDIA L40S,0,c1_ar_b4,projection,0.016607999801635742,0.016287999227643013,0.01788800023496151,all_reduce,2048,8192,16384,28672.0
Qwen/Qwen3-8B-Base,49e3418fbbbca6ecbdf9608b4d22e5a407081db4,c1_ar,n/a,4,8,64,,,,,,,n/a,bfloat16,NVIDIA L40S,0,c1_ar_b4,collective,0.032607998698949814,0.03139200061559677,0.03420799970626831,all_reduce,2048,8192,16384,28672.0
Qwen/Qwen3-8B-Base,49e3418fbbbca6ecbdf9608b4d22e5a407081db4,c1_ar,n/a,4,8,64,,,,,,,n/a,bfloat16,NVIDIA L40S,0,c1_ar_b4,reconstruction,0.018864000216126442,0.018592000007629395,0.01990400068461895,all_reduce,2048,8192,16384,28672.0
Qwen/Qwen3-8B-Base,49e3418fbbbca6ecbdf9608b4d22e5a407081db4,c1_ar,n/a,4,8,64,,,,,,,n/a,bfloat16,NVIDIA L40S,0,c1_ar_b4,total,0.08407999947667122,0.08144000172615051,0.09222400188446045,all_reduce,2048,8192,16384,28672.0
Qwen/Qwen3-8B-Base,49e3418fbbbca6ecbdf9608b4d22e5a407081db4,basiskv_ag,n/a,4,8,64,,,,,,,n/a,bfloat16,NVIDIA L40S,0,basiskv_ag_b4,projection,0.01206399966031313,0.011807999573647976,0.012864000163972378,all_gather,256,1024,2048,14336.0
Qwen/Qwen3-8B-Base,49e3418fbbbca6ecbdf9608b4d22e5a407081db4,basiskv_ag,n/a,4,8,64,,,,,,,n/a,bfloat16,NVIDIA L40S,0,basiskv_ag_b4,collective,0.02796800062060356,0.024800000712275505,0.031488001346588135,all_gather,256,1024,2048,14336.0
Qwen/Qwen3-8B-Base,49e3418fbbbca6ecbdf9608b4d22e5a407081db4,basiskv_ag,n/a,4,8,64,,,,,,,n/a,bfloat16,NVIDIA L40S,0,basiskv_ag_b4,reconstruction,0.019168000668287277,0.018688000738620758,0.020767999812960625,all_gather,256,1024,2048,14336.0
Qwen/Qwen3-8B-Base,49e3418fbbbca6ecbdf9608b4d22e5a407081db4,basiskv_ag,n/a,4,8,64,,,,,,,n/a,bfloat16,NVIDIA L40S,0,basiskv_ag_b4,total,0.049775999039411545,0.037728000432252884,0.06380800157785416,all_gather,256,1024,2048,14336.0
Qwen/Qwen3-8B-Base,49e3418fbbbca6ecbdf9608b4d22e5a407081db4,dense_ar,n/a,4,8,64,,,,,,,n/a,bfloat16,NVIDIA L40S,1,dense_ar_b4,projection,0.012703999876976013,0.012384000234305859,0.01369599997997284,all_reduce,4096,16384,32768,57344.0
Qwen/Qwen3-8B-Base,49e3418fbbbca6ecbdf9608b4d22e5a407081db4,dense_ar,n/a,4,8,64,,,,,,,n/a,bfloat16,NVIDIA L40S,1,dense_ar_b4,collective,0.03311999887228012,0.03200000151991844,0.035071998834609985,all_reduce,4096,16384,32768,57344.0
Qwen/Qwen3-8B-Base,49e3418fbbbca6ecbdf9608b4d22e5a407081db4,dense_ar,n/a,4,8,64,,,,,,,n/a,bfloat16,NVIDIA L40S,1,dense_ar_b4,reconstruction,0.009503999724984169,0.009247999638319016,0.010208000428974628,all_reduce,4096,16384,32768,57344.0
Qwen/Qwen3-8B-Base,49e3418fbbbca6ecbdf9608b4d22e5a407081db4,dense_ar,n/a,4,8,64,,,,,,,n/a,bfloat16,NVIDIA L40S,1,dense_ar_b4,total,0.06947200000286102,0.06800000369548798,0.0740479975938797,all_reduce,4096,16384,32768,57344.0
Qwen/Qwen3-8B-Base,49e3418fbbbca6ecbdf9608b4d22e5a407081db4,lr_ar_wire,n/a,4,8,64,,,,,,,n/a,bfloat16,NVIDIA L40S,1,lr_ar_wire_b4,projection,0.012543999589979649,0.012319999746978283,0.013567999936640263,all_reduce,1024,4096,8192,14336.0
Qwen/Qwen3-8B-Base,49e3418fbbbca6ecbdf9608b4d22e5a407081db4,lr_ar_wire,n/a,4,8,64,,,,,,,n/a,bfloat16,NVIDIA L40S,1,lr_ar_wire_b4,collective,0.032496001571416855,0.03139200061559677,0.03488000109791756,all_reduce,1024,4096,8192,14336.0
Qwen/Qwen3-8B-Base,49e3418fbbbca6ecbdf9608b4d22e5a407081db4,lr_ar_wire,n/a,4,8,64,,,,,,,n/a,bfloat16,NVIDIA L40S,1,lr_ar_wire_b4,reconstruction,0.014047999866306782,0.013824000023305416,0.015424000099301338,all_reduce,1024,4096,8192,14336.0
Qwen/Qwen3-8B-Base,49e3418fbbbca6ecbdf9608b4d22e5a407081db4,lr_ar_wire,n/a,4,8,64,,,,,,,n/a,bfloat16,NVIDIA L40S,1,lr_ar_wire_b4,total,0.05923200026154518,0.05788800120353699,0.06361600011587143,all_reduce,1024,4096,8192,14336.0
Qwen/Qwen3-8B-Base,49e3418fbbbca6ecbdf9608b4d22e5a407081db4,lr_ar_cap,n/a,4,8,64,,,,,,,n/a,bfloat16,NVIDIA L40S,1,lr_ar_cap_b4,projection,0.020287999883294106,0.017920000478625298,0.023264000192284584,all_reduce,2048,8192,16384,28672.0
Qwen/Qwen3-8B-Base,49e3418fbbbca6ecbdf9608b4d22e5a407081db4,lr_ar_cap,n/a,4,8,64,,,,,,,n/a,bfloat16,NVIDIA L40S,1,lr_ar_cap_b4,collective,0.033504001796245575,0.03152000159025192,0.03580800071358681,all_reduce,2048,8192,16384,28672.0
Qwen/Qwen3-8B-Base,49e3418fbbbca6ecbdf9608b4d22e5a407081db4,lr_ar_cap,n/a,4,8,64,,,,,,,n/a,bfloat16,NVIDIA L40S,1,lr_ar_cap_b4,reconstruction,0.01603199914097786,0.015552000142633915,0.018783999606966972,all_reduce,2048,8192,16384,28672.0
Qwen/Qwen3-8B-Base,49e3418fbbbca6ecbdf9608b4d22e5a407081db4,lr_ar_cap,n/a,4,8,64,,,,,,,n/a,bfloat16,NVIDIA L40S,1,lr_ar_cap_b4,total,0.06140799820423126,0.05984000116586685,0.06550399959087372,all_reduce,2048,8192,16384,28672.0
Qwen/Qwen3-8B-Base,49e3418fbbbca6ecbdf9608b4d22e5a407081db4,c1_ar,n/a,4,8,64,,,,,,,n/a,bfloat16,NVIDIA L40S,1,c1_ar_b4,projection,0.01649599988013506,0.01616000011563301,0.019519999623298645,all_reduce,2048,8192,16384,28672.0
Qwen/Qwen3-8B-Base,49e3418fbbbca6ecbdf9608b4d22e5a407081db4,c1_ar,n/a,4,8,64,,,,,,,n/a,bfloat16,NVIDIA L40S,1,c1_ar_b4,collective,0.03292800113558769,0.0318400003015995,0.03519999980926514,all_reduce,2048,8192,16384,28672.0
Qwen/Qwen3-8B-Base,49e3418fbbbca6ecbdf9608b4d22e5a407081db4,c1_ar,n/a,4,8,64,,,,,,,n/a,bfloat16,NVIDIA L40S,1,c1_ar_b4,reconstruction,0.018688000738620758,0.018559999763965607,0.019711999222636223,all_reduce,2048,8192,16384,28672.0
Qwen/Qwen3-8B-Base,49e3418fbbbca6ecbdf9608b4d22e5a407081db4,c1_ar,n/a,4,8,64,,,,,,,n/a,bfloat16,NVIDIA L40S,1,c1_ar_b4,total,0.0838719978928566,0.08169600367546082,0.09267199784517288,all_reduce,2048,8192,16384,28672.0
Qwen/Qwen3-8B-Base,49e3418fbbbca6ecbdf9608b4d22e5a407081db4,basiskv_ag,n/a,4,8,64,,,,,,,n/a,bfloat16,NVIDIA L40S,1,basiskv_ag_b4,projection,0.012000000104308128,0.011744000017642975,0.012703999876976013,all_gather,256,1024,2048,14336.0
Qwen/Qwen3-8B-Base,49e3418fbbbca6ecbdf9608b4d22e5a407081db4,basiskv_ag,n/a,4,8,64,,,,,,,n/a,bfloat16,NVIDIA L40S,1,basiskv_ag_b4,collective,0.017904000356793404,0.01727999933063984,0.018848000094294548,all_gather,256,1024,2048,14336.0
Qwen/Qwen3-8B-Base,49e3418fbbbca6ecbdf9608b4d22e5a407081db4,basiskv_ag,n/a,4,8,64,,,,,,,n/a,bfloat16,NVIDIA L40S,1,basiskv_ag_b4,reconstruction,0.019999999552965164,0.019039999693632126,0.024671999737620354,all_gather,256,1024,2048,14336.0
Qwen/Qwen3-8B-Base,49e3418fbbbca6ecbdf9608b4d22e5a407081db4,basiskv_ag,n/a,4,8,64,,,,,,,n/a,bfloat16,NVIDIA L40S,1,basiskv_ag_b4,total,0.03819200024008751,0.036959998309612274,0.06224000081419945,all_gather,256,1024,2048,14336.0
Qwen/Qwen3-8B-Base,49e3418fbbbca6ecbdf9608b4d22e5a407081db4,dense_ar,n/a,4,8,64,,,,,,,n/a,bfloat16,NVIDIA L40S,2,dense_ar_b4,projection,0.012640000320971012,0.012384000234305859,0.014047999866306782,all_reduce,4096,16384,32768,57344.0
Qwen/Qwen3-8B-Base,49e3418fbbbca6ecbdf9608b4d22e5a407081db4,dense_ar,n/a,4,8,64,,,,,,,n/a,bfloat16,NVIDIA L40S,2,dense_ar_b4,collective,0.034752000123262405,0.032416000962257385,0.038176000118255615,all_reduce,4096,16384,32768,57344.0
Qwen/Qwen3-8B-Base,49e3418fbbbca6ecbdf9608b4d22e5a407081db4,dense_ar,n/a,4,8,64,,,,,,,n/a,bfloat16,NVIDIA L40S,2,dense_ar_b4,reconstruction,0.009440000168979168,0.009216000325977802,0.010495999827980995,all_reduce,4096,16384,32768,57344.0
Qwen/Qwen3-8B-Base,49e3418fbbbca6ecbdf9608b4d22e5a407081db4,dense_ar,n/a,4,8,64,,,,,,,n/a,bfloat16,NVIDIA L40S,2,dense_ar_b4,total,0.07043199986219406,0.06800000369548798,0.07599999755620956,all_reduce,4096,16384,32768,57344.0
Qwen/Qwen3-8B-Base,49e3418fbbbca6ecbdf9608b4d22e5a407081db4,lr_ar_wire,n/a,4,8,64,,,,,,,n/a,bfloat16,NVIDIA L40S,2,lr_ar_wire_b4,projection,0.012640000320971012,0.01235199999064207,0.01568000018596649,all_reduce,1024,4096,8192,14336.0
Qwen/Qwen3-8B-Base,49e3418fbbbca6ecbdf9608b4d22e5a407081db4,lr_ar_wire,n/a,4,8,64,,,,,,,n/a,bfloat16,NVIDIA L40S,2,lr_ar_wire_b4,collective,0.03307199850678444,0.031488001346588135,0.03763199970126152,all_reduce,1024,4096,8192,14336.0
Qwen/Qwen3-8B-Base,49e3418fbbbca6ecbdf9608b4d22e5a407081db4,lr_ar_wire,n/a,4,8,64,,,,,,,n/a,bfloat16,NVIDIA L40S,2,lr_ar_wire_b4,reconstruction,0.014192000031471252,0.013952000066637993,0.01484800036996603,all_reduce,1024,4096,8192,14336.0
Qwen/Qwen3-8B-Base,49e3418fbbbca6ecbdf9608b4d22e5a407081db4,lr_ar_wire,n/a,4,8,64,,,,,,,n/a,bfloat16,NVIDIA L40S,2,lr_ar_wire_b4,total,0.06294400244951248,0.059808000922203064,0.07123199850320816,all_reduce,1024,4096,8192,14336.0
Qwen/Qwen3-8B-Base,49e3418fbbbca6ecbdf9608b4d22e5a407081db4,lr_ar_cap,n/a,4,8,64,,,,,,,n/a,bfloat16,NVIDIA L40S,2,lr_ar_cap_b4,projection,0.01283199992030859,0.012384000234305859,0.018880000337958336,all_reduce,2048,8192,16384,28672.0
Qwen/Qwen3-8B-Base,49e3418fbbbca6ecbdf9608b4d22e5a407081db4,lr_ar_cap,n/a,4,8,64,,,,,,,n/a,bfloat16,NVIDIA L40S,2,lr_ar_cap_b4,collective,0.03379200026392937,0.03254399821162224,0.03612799942493439,all_reduce,2048,8192,16384,28672.0
Qwen/Qwen3-8B-Base,49e3418fbbbca6ecbdf9608b4d22e5a407081db4,lr_ar_cap,n/a,4,8,64,,,,,,,n/a,bfloat16,NVIDIA L40S,2,lr_ar_cap_b4,reconstruction,0.01583999954164028,0.015359999611973763,0.018559999763965607,all_reduce,2048,8192,16384,28672.0
Qwen/Qwen3-8B-Base,49e3418fbbbca6ecbdf9608b4d22e5a407081db4,lr_ar_cap,n/a,4,8,64,,,,,,,n/a,bfloat16,NVIDIA L40S,2,lr_ar_cap_b4,total,0.06115199998021126,0.05958399921655655,0.06592000275850296,all_reduce,2048,8192,16384,28672.0
Qwen/Qwen3-8B-Base,49e3418fbbbca6ecbdf9608b4d22e5a407081db4,c1_ar,n/a,4,8,64,,,,,,,n/a,bfloat16,NVIDIA L40S,2,c1_ar_b4,projection,0.016575999557971954,0.016063999384641647,0.021983999758958817,all_reduce,2048,8192,16384,28672.0
Qwen/Qwen3-8B-Base,49e3418fbbbca6ecbdf9608b4d22e5a407081db4,c1_ar,n/a,4,8,64,,,,,,,n/a,bfloat16,NVIDIA L40S,2,c1_ar_b4,collective,0.03246400132775307,0.031168000772595406,0.03574400022625923,all_reduce,2048,8192,16384,28672.0
Qwen/Qwen3-8B-Base,49e3418fbbbca6ecbdf9608b4d22e5a407081db4,c1_ar,n/a,4,8,64,,,,,,,n/a,bfloat16,NVIDIA L40S,2,c1_ar_b4,reconstruction,0.01929599978029728,0.018880000337958336,0.02300800010561943,all_reduce,2048,8192,16384,28672.0
Qwen/Qwen3-8B-Base,49e3418fbbbca6ecbdf9608b4d22e5a407081db4,c1_ar,n/a,4,8,64,,,,,,,n/a,bfloat16,NVIDIA L40S,2,c1_ar_b4,total,0.08612800016999245,0.08342400193214417,0.09529600292444229,all_reduce,2048,8192,16384,28672.0
Qwen/Qwen3-8B-Base,49e3418fbbbca6ecbdf9608b4d22e5a407081db4,basiskv_ag,n/a,4,8,64,,,,,,,n/a,bfloat16,NVIDIA L40S,2,basiskv_ag_b4,projection,0.019328000023961067,0.017632000148296356,0.021727999672293663,all_gather,256,1024,2048,14336.0
Qwen/Qwen3-8B-Base,49e3418fbbbca6ecbdf9608b4d22e5a407081db4,basiskv_ag,n/a,4,8,64,,,,,,,n/a,bfloat16,NVIDIA L40S,2,basiskv_ag_b4,collective,0.01772800087928772,0.017216000705957413,0.018624000251293182,all_gather,256,1024,2048,14336.0
Qwen/Qwen3-8B-Base,49e3418fbbbca6ecbdf9608b4d22e5a407081db4,basiskv_ag,n/a,4,8,64,,,,,,,n/a,bfloat16,NVIDIA L40S,2,basiskv_ag_b4,reconstruction,0.018880000337958336,0.018624000251293182,0.020096000283956528,all_gather,256,1024,2048,14336.0
Qwen/Qwen3-8B-Base,49e3418fbbbca6ecbdf9608b4d22e5a407081db4,basiskv_ag,n/a,4,8,64,,,,,,,n/a,bfloat16,NVIDIA L40S,2,basiskv_ag_b4,total,0.037567999213933945,0.036768000572919846,0.03846399858593941,all_gather,256,1024,2048,14336.0
Qwen/Qwen3-8B-Base,49e3418fbbbca6ecbdf9608b4d22e5a407081db4,dense_ar,n/a,8,8,64,,,,,,,n/a,bfloat16,NVIDIA L40S,0,dense_ar_b8,projection,0.012575999833643436,0.012319999746978283,0.013504000380635262,all_reduce,4096,32768,65536,114688.0
Qwen/Qwen3-8B-Base,49e3418fbbbca6ecbdf9608b4d22e5a407081db4,dense_ar,n/a,8,8,64,,,,,,,n/a,bfloat16,NVIDIA L40S,0,dense_ar_b8,collective,0.03288000077009201,0.03222399950027466,0.034623999148607254,all_reduce,4096,32768,65536,114688.0
Qwen/Qwen3-8B-Base,49e3418fbbbca6ecbdf9608b4d22e5a407081db4,dense_ar,n/a,8,8,64,,,,,,,n/a,bfloat16,NVIDIA L40S,0,dense_ar_b8,reconstruction,0.013183999806642532,0.009375999681651592,0.016287999227643013,all_reduce,4096,32768,65536,114688.0
Qwen/Qwen3-8B-Base,49e3418fbbbca6ecbdf9608b4d22e5a407081db4,dense_ar,n/a,8,8,64,,,,,,,n/a,bfloat16,NVIDIA L40S,0,dense_ar_b8,total,0.06907199695706367,0.06774400174617767,0.07334399968385696,all_reduce,4096,32768,65536,114688.0
Qwen/Qwen3-8B-Base,49e3418fbbbca6ecbdf9608b4d22e5a407081db4,lr_ar_wire,n/a,8,8,64,,,,,,,n/a,bfloat16,NVIDIA L40S,0,lr_ar_wire_b8,projection,0.01268799975514412,0.012384000234305859,0.013728000223636627,all_reduce,1024,8192,16384,28672.0
Qwen/Qwen3-8B-Base,49e3418fbbbca6ecbdf9608b4d22e5a407081db4,lr_ar_wire,n/a,8,8,64,,,,,,,n/a,bfloat16,NVIDIA L40S,0,lr_ar_wire_b8,collective,0.033376000821590424,0.03145600110292435,0.03606399893760681,all_reduce,1024,8192,16384,28672.0
Qwen/Qwen3-8B-Base,49e3418fbbbca6ecbdf9608b4d22e5a407081db4,lr_ar_wire,n/a,8,8,64,,,,,,,n/a,bfloat16,NVIDIA L40S,0,lr_ar_wire_b8,reconstruction,0.014063999988138676,0.013856000266969204,0.014688000082969666,all_reduce,1024,8192,16384,28672.0
Qwen/Qwen3-8B-Base,49e3418fbbbca6ecbdf9608b4d22e5a407081db4,lr_ar_wire,n/a,8,8,64,,,,,,,n/a,bfloat16,NVIDIA L40S,0,lr_ar_wire_b8,total,0.0607680007815361,0.059039998799562454,0.06492800265550613,all_reduce,1024,8192,16384,28672.0
Qwen/Qwen3-8B-Base,49e3418fbbbca6ecbdf9608b4d22e5a407081db4,lr_ar_cap,n/a,8,8,64,,,,,,,n/a,bfloat16,NVIDIA L40S,0,lr_ar_cap_b8,projection,0.012512000277638435,0.01228800043463707,0.013311999849975109,all_reduce,2048,16384,32768,57344.0
Qwen/Qwen3-8B-Base,49e3418fbbbca6ecbdf9608b4d22e5a407081db4,lr_ar_cap,n/a,8,8,64,,,,,,,n/a,bfloat16,NVIDIA L40S,0,lr_ar_cap_b8,collective,0.032127998769283295,0.030912000685930252,0.03404799848794937,all_reduce,2048,16384,32768,57344.0
Qwen/Qwen3-8B-Base,49e3418fbbbca6ecbdf9608b4d22e5a407081db4,lr_ar_cap,n/a,8,8,64,,,,,,,n/a,bfloat16,NVIDIA L40S,0,lr_ar_cap_b8,reconstruction,0.01571200042963028,0.01532800029963255,0.01724799908697605,all_reduce,2048,16384,32768,57344.0
Qwen/Qwen3-8B-Base,49e3418fbbbca6ecbdf9608b4d22e5a407081db4,lr_ar_cap,n/a,8,8,64,,,,,,,n/a,bfloat16,NVIDIA L40S,0,lr_ar_cap_b8,total,0.06059199944138527,0.05894400179386139,0.070592001080513,all_reduce,2048,16384,32768,57344.0
Qwen/Qwen3-8B-Base,49e3418fbbbca6ecbdf9608b4d22e5a407081db4,c1_ar,n/a,8,8,64,,,,,,,n/a,bfloat16,NVIDIA L40S,0,c1_ar_b8,projection,0.016575999557971954,0.01616000011563301,0.020096000283956528,all_reduce,2048,16384,32768,57344.0
Qwen/Qwen3-8B-Base,49e3418fbbbca6ecbdf9608b4d22e5a407081db4,c1_ar,n/a,8,8,64,,,,,,,n/a,bfloat16,NVIDIA L40S,0,c1_ar_b8,collective,0.03283200040459633,0.031328000128269196,0.03884800150990486,all_reduce,2048,16384,32768,57344.0
Qwen/Qwen3-8B-Base,49e3418fbbbca6ecbdf9608b4d22e5a407081db4,c1_ar,n/a,8,8,64,,,,,,,n/a,bfloat16,NVIDIA L40S,0,c1_ar_b8,reconstruction,0.02513599954545498,0.02425600029528141,0.0272000003606081,all_reduce,2048,16384,32768,57344.0
Qwen/Qwen3-8B-Base,49e3418fbbbca6ecbdf9608b4d22e5a407081db4,c1_ar,n/a,8,8,64,,,,,,,n/a,bfloat16,NVIDIA L40S,0,c1_ar_b8,total,0.080400001257658,0.07772800326347351,0.08665599673986435,all_reduce,2048,16384,32768,57344.0
Qwen/Qwen3-8B-Base,49e3418fbbbca6ecbdf9608b4d22e5a407081db4,basiskv_ag,n/a,8,8,64,,,,,,,n/a,bfloat16,NVIDIA L40S,0,basiskv_ag_b8,projection,0.012000000104308128,0.011807999573647976,0.012736000120639801,all_gather,256,2048,4096,28672.0
Qwen/Qwen3-8B-Base,49e3418fbbbca6ecbdf9608b4d22e5a407081db4,basiskv_ag,n/a,8,8,64,,,,,,,n/a,bfloat16,NVIDIA L40S,0,basiskv_ag_b8,collective,0.01950399950146675,0.01897599920630455,0.020160000771284103,all_gather,256,2048,4096,28672.0
Qwen/Qwen3-8B-Base,49e3418fbbbca6ecbdf9608b4d22e5a407081db4,basiskv_ag,n/a,8,8,64,,,,,,,n/a,bfloat16,NVIDIA L40S,0,basiskv_ag_b8,reconstruction,0.01820800080895424,0.018015999346971512,0.018464000895619392,all_gather,256,2048,4096,28672.0
Qwen/Qwen3-8B-Base,49e3418fbbbca6ecbdf9608b4d22e5a407081db4,basiskv_ag,n/a,8,8,64,,,,,,,n/a,bfloat16,NVIDIA L40S,0,basiskv_ag_b8,total,0.03903999924659729,0.03827200084924698,0.039872001856565475,all_gather,256,2048,4096,28672.0
Qwen/Qwen3-8B-Base,49e3418fbbbca6ecbdf9608b4d22e5a407081db4,dense_ar,n/a,8,8,64,,,,,,,n/a,bfloat16,NVIDIA L40S,1,dense_ar_b8,projection,0.012640000320971012,0.01235199999064207,0.015263999812304974,all_reduce,4096,32768,65536,114688.0
Qwen/Qwen3-8B-Base,49e3418fbbbca6ecbdf9608b4d22e5a407081db4,dense_ar,n/a,8,8,64,,,,,,,n/a,bfloat16,NVIDIA L40S,1,dense_ar_b8,collective,0.03302399814128876,0.03232000023126602,0.03574400022625923,all_reduce,4096,32768,65536,114688.0
Qwen/Qwen3-8B-Base,49e3418fbbbca6ecbdf9608b4d22e5a407081db4,dense_ar,n/a,8,8,64,,,,,,,n/a,bfloat16,NVIDIA L40S,1,dense_ar_b8,reconstruction,0.009503999724984169,0.009247999638319016,0.010080000385642052,all_reduce,4096,32768,65536,114688.0
Qwen/Qwen3-8B-Base,49e3418fbbbca6ecbdf9608b4d22e5a407081db4,dense_ar,n/a,8,8,64,,,,,,,n/a,bfloat16,NVIDIA L40S,1,dense_ar_b8,total,0.06943999975919724,0.06806399673223495,0.07532799988985062,all_reduce,4096,32768,65536,114688.0
Qwen/Qwen3-8B-Base,49e3418fbbbca6ecbdf9608b4d22e5a407081db4,lr_ar_wire,n/a,8,8,64,,,,,,,n/a,bfloat16,NVIDIA L40S,1,lr_ar_wire_b8,projection,0.01990400068461895,0.012480000033974648,0.023391999304294586,all_reduce,1024,8192,16384,28672.0
Qwen/Qwen3-8B-Base,49e3418fbbbca6ecbdf9608b4d22e5a407081db4,lr_ar_wire,n/a,8,8,64,,,,,,,n/a,bfloat16,NVIDIA L40S,1,lr_ar_wire_b8,collective,0.033135998994112015,0.03145600110292435,0.035551998764276505,all_reduce,1024,8192,16384,28672.0
Qwen/Qwen3-8B-Base,49e3418fbbbca6ecbdf9608b4d22e5a407081db4,lr_ar_wire,n/a,8,8,64,,,,,,,n/a,bfloat16,NVIDIA L40S,1,lr_ar_wire_b8,reconstruction,0.014208000153303146,0.013919999822974205,0.020576000213623047,all_reduce,1024,8192,16384,28672.0
Qwen/Qwen3-8B-Base,49e3418fbbbca6ecbdf9608b4d22e5a407081db4,lr_ar_wire,n/a,8,8,64,,,,,,,n/a,bfloat16,NVIDIA L40S,1,lr_ar_wire_b8,total,0.0612960010766983,0.05951999872922897,0.06547199934720993,all_reduce,1024,8192,16384,28672.0
Qwen/Qwen3-8B-Base,49e3418fbbbca6ecbdf9608b4d22e5a407081db4,lr_ar_cap,n/a,8,8,64,,,,,,,n/a,bfloat16,NVIDIA L40S,1,lr_ar_cap_b8,projection,0.012608000077307224,0.01228800043463707,0.013504000380635262,all_reduce,2048,16384,32768,57344.0
Qwen/Qwen3-8B-Base,49e3418fbbbca6ecbdf9608b4d22e5a407081db4,lr_ar_cap,n/a,8,8,64,,,,,,,n/a,bfloat16,NVIDIA L40S,1,lr_ar_cap_b8,collective,0.03280000016093254,0.03152000159025192,0.037376001477241516,all_reduce,2048,16384,32768,57344.0
Qwen/Qwen3-8B-Base,49e3418fbbbca6ecbdf9608b4d22e5a407081db4,lr_ar_cap,n/a,8,8,64,,,,,,,n/a,bfloat16,NVIDIA L40S,1,lr_ar_cap_b8,reconstruction,0.01571200042963028,0.01532800029963255,0.017023999243974686,all_reduce,2048,16384,32768,57344.0
Qwen/Qwen3-8B-Base,49e3418fbbbca6ecbdf9608b4d22e5a407081db4,lr_ar_cap,n/a,8,8,64,,,,,,,n/a,bfloat16,NVIDIA L40S,1,lr_ar_cap_b8,total,0.06003199890255928,0.05894400179386139,0.06825599819421768,all_reduce,2048,16384,32768,57344.0
Qwen/Qwen3-8B-Base,49e3418fbbbca6ecbdf9608b4d22e5a407081db4,c1_ar,n/a,8,8,64,,,,,,,n/a,bfloat16,NVIDIA L40S,1,c1_ar_b8,projection,0.01655999943614006,0.0161920003592968,0.0226879995316267,all_reduce,2048,16384,32768,57344.0
Qwen/Qwen3-8B-Base,49e3418fbbbca6ecbdf9608b4d22e5a407081db4,c1_ar,n/a,8,8,64,,,,,,,n/a,bfloat16,NVIDIA L40S,1,c1_ar_b8,collective,0.03259199857711792,0.03139200061559677,0.037151999771595,all_reduce,2048,16384,32768,57344.0
Qwen/Qwen3-8B-Base,49e3418fbbbca6ecbdf9608b4d22e5a407081db4,c1_ar,n/a,8,8,64,,,,,,,n/a,bfloat16,NVIDIA L40S,1,c1_ar_b8,reconstruction,0.01788800023496151,0.017696000635623932,0.01817600056529045,all_reduce,2048,16384,32768,57344.0
Qwen/Qwen3-8B-Base,49e3418fbbbca6ecbdf9608b4d22e5a407081db4,c1_ar,n/a,8,8,64,,,,,,,n/a,bfloat16,NVIDIA L40S,1,c1_ar_b8,total,0.0817280001938343,0.07955200225114822,0.0888959988951683,all_reduce,2048,16384,32768,57344.0
Qwen/Qwen3-8B-Base,49e3418fbbbca6ecbdf9608b4d22e5a407081db4,basiskv_ag,n/a,8,8,64,,,,,,,n/a,bfloat16,NVIDIA L40S,1,basiskv_ag_b8,projection,0.01206399966031313,0.011744000017642975,0.013279999606311321,all_gather,256,2048,4096,28672.0
Qwen/Qwen3-8B-Base,49e3418fbbbca6ecbdf9608b4d22e5a407081db4,basiskv_ag,n/a,8,8,64,,,,,,,n/a,bfloat16,NVIDIA L40S,1,basiskv_ag_b8,collective,0.01945599913597107,0.019007999449968338,0.019967999309301376,all_gather,256,2048,4096,28672.0
Qwen/Qwen3-8B-Base,49e3418fbbbca6ecbdf9608b4d22e5a407081db4,basiskv_ag,n/a,8,8,64,,,,,,,n/a,bfloat16,NVIDIA L40S,1,basiskv_ag_b8,reconstruction,0.01817600056529045,0.017983999103307724,0.01836800016462803,all_gather,256,2048,4096,28672.0
Qwen/Qwen3-8B-Base,49e3418fbbbca6ecbdf9608b4d22e5a407081db4,basiskv_ag,n/a,8,8,64,,,,,,,n/a,bfloat16,NVIDIA L40S,1,basiskv_ag_b8,total,0.038943998515605927,0.03811199963092804,0.03968000039458275,all_gather,256,2048,4096,28672.0
Qwen/Qwen3-8B-Base,49e3418fbbbca6ecbdf9608b4d22e5a407081db4,dense_ar,n/a,8,8,64,,,,,,,n/a,bfloat16,NVIDIA L40S,2,dense_ar_b8,projection,0.012752000242471695,0.012415999546647072,0.017696000635623932,all_reduce,4096,32768,65536,114688.0
Qwen/Qwen3-8B-Base,49e3418fbbbca6ecbdf9608b4d22e5a407081db4,dense_ar,n/a,8,8,64,,,,,,,n/a,bfloat16,NVIDIA L40S,2,dense_ar_b8,collective,0.03280000016093254,0.032255999743938446,0.03392000123858452,all_reduce,4096,32768,65536,114688.0
Qwen/Qwen3-8B-Base,49e3418fbbbca6ecbdf9608b4d22e5a407081db4,dense_ar,n/a,8,8,64,,,,,,,n/a,bfloat16,NVIDIA L40S,2,dense_ar_b8,reconstruction,0.00940799992531538,0.009216000325977802,0.010015999898314476,all_reduce,4096,32768,65536,114688.0
Qwen/Qwen3-8B-Base,49e3418fbbbca6ecbdf9608b4d22e5a407081db4,dense_ar,n/a,8,8,64,,,,,,,n/a,bfloat16,NVIDIA L40S,2,dense_ar_b8,total,0.06964800134301186,0.06800000369548798,0.07683199644088745,all_reduce,4096,32768,65536,114688.0
Qwen/Qwen3-8B-Base,49e3418fbbbca6ecbdf9608b4d22e5a407081db4,lr_ar_wire,n/a,8,8,64,,,,,,,n/a,bfloat16,NVIDIA L40S,2,lr_ar_wire_b8,projection,0.020031999796628952,0.016224000602960587,0.023296000435948372,all_reduce,1024,8192,16384,28672.0
Qwen/Qwen3-8B-Base,49e3418fbbbca6ecbdf9608b4d22e5a407081db4,lr_ar_wire,n/a,8,8,64,,,,,,,n/a,bfloat16,NVIDIA L40S,2,lr_ar_wire_b8,collective,0.03376000002026558,0.031968001276254654,0.03705599904060364,all_reduce,1024,8192,16384,28672.0
Qwen/Qwen3-8B-Base,49e3418fbbbca6ecbdf9608b4d22e5a407081db4,lr_ar_wire,n/a,8,8,64,,,,,,,n/a,bfloat16,NVIDIA L40S,2,lr_ar_wire_b8,reconstruction,0.019711999222636223,0.01414399966597557,0.022304000332951546,all_reduce,1024,8192,16384,28672.0
Qwen/Qwen3-8B-Base,49e3418fbbbca6ecbdf9608b4d22e5a407081db4,lr_ar_wire,n/a,8,8,64,,,,,,,n/a,bfloat16,NVIDIA L40S,2,lr_ar_wire_b8,total,0.05899199843406677,0.05728000029921532,0.06755200028419495,all_reduce,1024,8192,16384,28672.0
Qwen/Qwen3-8B-Base,49e3418fbbbca6ecbdf9608b4d22e5a407081db4,lr_ar_cap,n/a,8,8,64,,,,,,,n/a,bfloat16,NVIDIA L40S,2,lr_ar_cap_b8,projection,0.012608000077307224,0.012319999746978283,0.013504000380635262,all_reduce,2048,16384,32768,57344.0
Qwen/Qwen3-8B-Base,49e3418fbbbca6ecbdf9608b4d22e5a407081db4,lr_ar_cap,n/a,8,8,64,,,,,,,n/a,bfloat16,NVIDIA L40S,2,lr_ar_cap_b8,collective,0.03296000137925148,0.03171199932694435,0.03481600061058998,all_reduce,2048,16384,32768,57344.0
Qwen/Qwen3-8B-Base,49e3418fbbbca6ecbdf9608b4d22e5a407081db4,lr_ar_cap,n/a,8,8,64,,,,,,,n/a,bfloat16,NVIDIA L40S,2,lr_ar_cap_b8,reconstruction,0.020128000527620316,0.01568000018596649,0.02223999984562397,all_reduce,2048,16384,32768,57344.0
Qwen/Qwen3-8B-Base,49e3418fbbbca6ecbdf9608b4d22e5a407081db4,lr_ar_cap,n/a,8,8,64,,,,,,,n/a,bfloat16,NVIDIA L40S,2,lr_ar_cap_b8,total,0.05987200140953064,0.05862399935722351,0.06355199962854385,all_reduce,2048,16384,32768,57344.0
Qwen/Qwen3-8B-Base,49e3418fbbbca6ecbdf9608b4d22e5a407081db4,c1_ar,n/a,8,8,64,,,,,,,n/a,bfloat16,NVIDIA L40S,2,c1_ar_b8,projection,0.01651199907064438,0.016224000602960587,0.02067199908196926,all_reduce,2048,16384,32768,57344.0
Qwen/Qwen3-8B-Base,49e3418fbbbca6ecbdf9608b4d22e5a407081db4,c1_ar,n/a,8,8,64,,,,,,,n/a,bfloat16,NVIDIA L40S,2,c1_ar_b8,collective,0.032287999987602234,0.03126399964094162,0.03440000116825104,all_reduce,2048,16384,32768,57344.0
Qwen/Qwen3-8B-Base,49e3418fbbbca6ecbdf9608b4d22e5a407081db4,c1_ar,n/a,8,8,64,,,,,,,n/a,bfloat16,NVIDIA L40S,2,c1_ar_b8,reconstruction,0.024752000346779823,0.017855999991297722,0.027168000116944313,all_reduce,2048,16384,32768,57344.0
Qwen/Qwen3-8B-Base,49e3418fbbbca6ecbdf9608b4d22e5a407081db4,c1_ar,n/a,8,8,64,,,,,,,n/a,bfloat16,NVIDIA L40S,2,c1_ar_b8,total,0.08152000233530998,0.0796160027384758,0.09167999774217606,all_reduce,2048,16384,32768,57344.0
Qwen/Qwen3-8B-Base,49e3418fbbbca6ecbdf9608b4d22e5a407081db4,basiskv_ag,n/a,8,8,64,,,,,,,n/a,bfloat16,NVIDIA L40S,2,basiskv_ag_b8,projection,0.012000000104308128,0.011744000017642975,0.012927999719977379,all_gather,256,2048,4096,28672.0
Qwen/Qwen3-8B-Base,49e3418fbbbca6ecbdf9608b4d22e5a407081db4,basiskv_ag,n/a,8,8,64,,,,,,,n/a,bfloat16,NVIDIA L40S,2,basiskv_ag_b8,collective,0.01942400075495243,0.01894400082528591,0.02006400004029274,all_gather,256,2048,4096,28672.0
Qwen/Qwen3-8B-Base,49e3418fbbbca6ecbdf9608b4d22e5a407081db4,basiskv_ag,n/a,8,8,64,,,,,,,n/a,bfloat16,NVIDIA L40S,2,basiskv_ag_b8,reconstruction,0.01817600056529045,0.017983999103307724,0.01836800016462803,all_gather,256,2048,4096,28672.0
Qwen/Qwen3-8B-Base,49e3418fbbbca6ecbdf9608b4d22e5a407081db4,basiskv_ag,n/a,8,8,64,,,,,,,n/a,bfloat16,NVIDIA L40S,2,basiskv_ag_b8,total,0.038864001631736755,0.03807999938726425,0.039744000881910324,all_gather,256,2048,4096,28672.0
Qwen/Qwen3-8B-Base,49e3418fbbbca6ecbdf9608b4d22e5a407081db4,dense_ar,n/a,16,8,64,,,,,,,n/a,bfloat16,NVIDIA L40S,0,dense_ar_b16,projection,0.012640000320971012,0.012415999546647072,0.013472000136971474,all_reduce,4096,65536,131072,229376.0
Qwen/Qwen3-8B-Base,49e3418fbbbca6ecbdf9608b4d22e5a407081db4,dense_ar,n/a,16,8,64,,,,,,,n/a,bfloat16,NVIDIA L40S,0,dense_ar_b16,collective,0.04934399947524071,0.04879999905824661,0.05008000135421753,all_reduce,4096,65536,131072,229376.0
Qwen/Qwen3-8B-Base,49e3418fbbbca6ecbdf9608b4d22e5a407081db4,dense_ar,n/a,16,8,64,,,,,,,n/a,bfloat16,NVIDIA L40S,0,dense_ar_b16,reconstruction,0.009440000168979168,0.009216000325977802,0.0098879998549819,all_reduce,4096,65536,131072,229376.0
Qwen/Qwen3-8B-Base,49e3418fbbbca6ecbdf9608b4d22e5a407081db4,dense_ar,n/a,16,8,64,,,,,,,n/a,bfloat16,NVIDIA L40S,0,dense_ar_b16,total,0.07123199850320816,0.0687360018491745,0.08076799660921097,all_reduce,4096,65536,131072,229376.0
Qwen/Qwen3-8B-Base,49e3418fbbbca6ecbdf9608b4d22e5a407081db4,lr_ar_wire,n/a,16,8,64,,,,,,,n/a,bfloat16,NVIDIA L40S,0,lr_ar_wire_b16,projection,0.012608000077307224,0.012319999746978283,0.01398400031030178,all_reduce,1024,16384,32768,57344.0
Qwen/Qwen3-8B-Base,49e3418fbbbca6ecbdf9608b4d22e5a407081db4,lr_ar_wire,n/a,16,8,64,,,,,,,n/a,bfloat16,NVIDIA L40S,0,lr_ar_wire_b16,collective,0.03308799862861633,0.0318400003015995,0.035071998834609985,all_reduce,1024,16384,32768,57344.0
Qwen/Qwen3-8B-Base,49e3418fbbbca6ecbdf9608b4d22e5a407081db4,lr_ar_wire,n/a,16,8,64,,,,,,,n/a,bfloat16,NVIDIA L40S,0,lr_ar_wire_b16,reconstruction,0.014720000326633453,0.0144640002399683,0.015584000386297703,all_reduce,1024,16384,32768,57344.0
Qwen/Qwen3-8B-Base,49e3418fbbbca6ecbdf9608b4d22e5a407081db4,lr_ar_wire,n/a,16,8,64,,,,,,,n/a,bfloat16,NVIDIA L40S,0,lr_ar_wire_b16,total,0.05955199897289276,0.058400001376867294,0.06275200098752975,all_reduce,1024,16384,32768,57344.0
Qwen/Qwen3-8B-Base,49e3418fbbbca6ecbdf9608b4d22e5a407081db4,lr_ar_cap,n/a,16,8,64,,,,,,,n/a,bfloat16,NVIDIA L40S,0,lr_ar_cap_b16,projection,0.012575999833643436,0.012384000234305859,0.013120000250637531,all_reduce,2048,32768,65536,114688.0
Qwen/Qwen3-8B-Base,49e3418fbbbca6ecbdf9608b4d22e5a407081db4,lr_ar_cap,n/a,16,8,64,,,,,,,n/a,bfloat16,NVIDIA L40S,0,lr_ar_cap_b16,collective,0.03339200094342232,0.03270399942994118,0.03718400001525879,all_reduce,2048,32768,65536,114688.0
Qwen/Qwen3-8B-Base,49e3418fbbbca6ecbdf9608b4d22e5a407081db4,lr_ar_cap,n/a,16,8,64,,,,,,,n/a,bfloat16,NVIDIA L40S,0,lr_ar_cap_b16,reconstruction,0.0161920003592968,0.01603199914097786,0.01635199971497059,all_reduce,2048,32768,65536,114688.0
Qwen/Qwen3-8B-Base,49e3418fbbbca6ecbdf9608b4d22e5a407081db4,lr_ar_cap,n/a,16,8,64,,,,,,,n/a,bfloat16,NVIDIA L40S,0,lr_ar_cap_b16,total,0.059647999703884125,0.05833600088953972,0.0652799978852272,all_reduce,2048,32768,65536,114688.0
Qwen/Qwen3-8B-Base,49e3418fbbbca6ecbdf9608b4d22e5a407081db4,c1_ar,n/a,16,8,64,,,,,,,n/a,bfloat16,NVIDIA L40S,0,c1_ar_b16,projection,0.01643200032413006,0.016127999871969223,0.021088000386953354,all_reduce,2048,32768,65536,114688.0
Qwen/Qwen3-8B-Base,49e3418fbbbca6ecbdf9608b4d22e5a407081db4,c1_ar,n/a,16,8,64,,,,,,,n/a,bfloat16,NVIDIA L40S,0,c1_ar_b16,collective,0.033824000507593155,0.03276799991726875,0.03654399886727333,all_reduce,2048,32768,65536,114688.0
Qwen/Qwen3-8B-Base,49e3418fbbbca6ecbdf9608b4d22e5a407081db4,c1_ar,n/a,16,8,64,,,,,,,n/a,bfloat16,NVIDIA L40S,0,c1_ar_b16,reconstruction,0.020560000091791153,0.020320000126957893,0.020864000543951988,all_reduce,2048,32768,65536,114688.0
Qwen/Qwen3-8B-Base,49e3418fbbbca6ecbdf9608b4d22e5a407081db4,c1_ar,n/a,16,8,64,,,,,,,n/a,bfloat16,NVIDIA L40S,0,c1_ar_b16,total,0.08113599941134453,0.07884799689054489,0.08832000195980072,all_reduce,2048,32768,65536,114688.0
Qwen/Qwen3-8B-Base,49e3418fbbbca6ecbdf9608b4d22e5a407081db4,basiskv_ag,n/a,16,8,64,,,,,,,n/a,bfloat16,NVIDIA L40S,0,basiskv_ag_b16,projection,0.01206399966031313,0.011807999573647976,0.01462399959564209,all_gather,256,4096,8192,57344.0
Qwen/Qwen3-8B-Base,49e3418fbbbca6ecbdf9608b4d22e5a407081db4,basiskv_ag,n/a,16,8,64,,,,,,,n/a,bfloat16,NVIDIA L40S,0,basiskv_ag_b16,collective,0.020864000543951988,0.020255999639630318,0.02300800010561943,all_gather,256,4096,8192,57344.0
Qwen/Qwen3-8B-Base,49e3418fbbbca6ecbdf9608b4d22e5a407081db4,basiskv_ag,n/a,16,8,64,,,,,,,n/a,bfloat16,NVIDIA L40S,0,basiskv_ag_b16,reconstruction,0.020447999238967896,0.02022399939596653,0.020735999569296837,all_gather,256,4096,8192,57344.0
Qwen/Qwen3-8B-Base,49e3418fbbbca6ecbdf9608b4d22e5a407081db4,basiskv_ag,n/a,16,8,64,,,,,,,n/a,bfloat16,NVIDIA L40S,0,basiskv_ag_b16,total,0.04255999997258186,0.04201599955558777,0.04323200136423111,all_gather,256,4096,8192,57344.0
Qwen/Qwen3-8B-Base,49e3418fbbbca6ecbdf9608b4d22e5a407081db4,dense_ar,n/a,16,8,64,,,,,,,n/a,bfloat16,NVIDIA L40S,1,dense_ar_b16,projection,0.012543999589979649,0.012256000190973282,0.01360000018030405,all_reduce,4096,65536,131072,229376.0
Qwen/Qwen3-8B-Base,49e3418fbbbca6ecbdf9608b4d22e5a407081db4,dense_ar,n/a,16,8,64,,,,,,,n/a,bfloat16,NVIDIA L40S,1,dense_ar_b16,collective,0.04902400076389313,0.04851200059056282,0.04992000013589859,all_reduce,4096,65536,131072,229376.0
Qwen/Qwen3-8B-Base,49e3418fbbbca6ecbdf9608b4d22e5a407081db4,dense_ar,n/a,16,8,64,,,,,,,n/a,bfloat16,NVIDIA L40S,1,dense_ar_b16,reconstruction,0.00940799992531538,0.009184000082314014,0.00979200005531311,all_reduce,4096,65536,131072,229376.0
Qwen/Qwen3-8B-Base,49e3418fbbbca6ecbdf9608b4d22e5a407081db4,dense_ar,n/a,16,8,64,,,,,,,n/a,bfloat16,NVIDIA L40S,1,dense_ar_b16,total,0.07103999704122543,0.06934399902820587,0.077504001557827,all_reduce,4096,65536,131072,229376.0
Qwen/Qwen3-8B-Base,49e3418fbbbca6ecbdf9608b4d22e5a407081db4,lr_ar_wire,n/a,16,8,64,,,,,,,n/a,bfloat16,NVIDIA L40S,1,lr_ar_wire_b16,projection,0.012640000320971012,0.012384000234305859,0.014303999952971935,all_reduce,1024,16384,32768,57344.0
Qwen/Qwen3-8B-Base,49e3418fbbbca6ecbdf9608b4d22e5a407081db4,lr_ar_wire,n/a,16,8,64,,,,,,,n/a,bfloat16,NVIDIA L40S,1,lr_ar_wire_b16,collective,0.03303999826312065,0.03174399957060814,0.03526400029659271,all_reduce,1024,16384,32768,57344.0
Qwen/Qwen3-8B-Base,49e3418fbbbca6ecbdf9608b4d22e5a407081db4,lr_ar_wire,n/a,16,8,64,,,,,,,n/a,bfloat16,NVIDIA L40S,1,lr_ar_wire_b16,reconstruction,0.014688000082969666,0.014495999552309513,0.016256000846624374,all_reduce,1024,16384,32768,57344.0
Qwen/Qwen3-8B-Base,49e3418fbbbca6ecbdf9608b4d22e5a407081db4,lr_ar_wire,n/a,16,8,64,,,,,,,n/a,bfloat16,NVIDIA L40S,1,lr_ar_wire_b16,total,0.059776000678539276,0.05830400064587593,0.06940799951553345,all_reduce,1024,16384,32768,57344.0
Qwen/Qwen3-8B-Base,49e3418fbbbca6ecbdf9608b4d22e5a407081db4,lr_ar_cap,n/a,16,8,64,,,,,,,n/a,bfloat16,NVIDIA L40S,1,lr_ar_cap_b16,projection,0.012671999633312225,0.01235199999064207,0.014047999866306782,all_reduce,2048,32768,65536,114688.0
Qwen/Qwen3-8B-Base,49e3418fbbbca6ecbdf9608b4d22e5a407081db4,lr_ar_cap,n/a,16,8,64,,,,,,,n/a,bfloat16,NVIDIA L40S,1,lr_ar_cap_b16,collective,0.03288000077009201,0.032287999987602234,0.035071998834609985,all_reduce,2048,32768,65536,114688.0
Qwen/Qwen3-8B-Base,49e3418fbbbca6ecbdf9608b4d22e5a407081db4,lr_ar_cap,n/a,16,8,64,,,,,,,n/a,bfloat16,NVIDIA L40S,1,lr_ar_cap_b16,reconstruction,0.01616000011563301,0.016063999384641647,0.0163199994713068,all_reduce,2048,32768,65536,114688.0
Qwen/Qwen3-8B-Base,49e3418fbbbca6ecbdf9608b4d22e5a407081db4,lr_ar_cap,n/a,16,8,64,,,,,,,n/a,bfloat16,NVIDIA L40S,1,lr_ar_cap_b16,total,0.06225600093603134,0.06006399914622307,0.06876800209283829,all_reduce,2048,32768,65536,114688.0
Qwen/Qwen3-8B-Base,49e3418fbbbca6ecbdf9608b4d22e5a407081db4,c1_ar,n/a,16,8,64,,,,,,,n/a,bfloat16,NVIDIA L40S,1,c1_ar_b16,projection,0.016448000445961952,0.016127999871969223,0.02163200080394745,all_reduce,2048,32768,65536,114688.0
Qwen/Qwen3-8B-Base,49e3418fbbbca6ecbdf9608b4d22e5a407081db4,c1_ar,n/a,16,8,64,,,,,,,n/a,bfloat16,NVIDIA L40S,1,c1_ar_b16,collective,0.033440001308918,0.032735999673604965,0.035232000052928925,all_reduce,2048,32768,65536,114688.0
Qwen/Qwen3-8B-Base,49e3418fbbbca6ecbdf9608b4d22e5a407081db4,c1_ar,n/a,16,8,64,,,,,,,n/a,bfloat16,NVIDIA L40S,1,c1_ar_b16,reconstruction,0.020576000213623047,0.020320000126957893,0.020800000056624413,all_reduce,2048,32768,65536,114688.0
Qwen/Qwen3-8B-Base,49e3418fbbbca6ecbdf9608b4d22e5a407081db4,c1_ar,n/a,16,8,64,,,,,,,n/a,bfloat16,NVIDIA L40S,1,c1_ar_b16,total,0.07948800176382065,0.07788799703121185,0.08665599673986435,all_reduce,2048,32768,65536,114688.0
Qwen/Qwen3-8B-Base,49e3418fbbbca6ecbdf9608b4d22e5a407081db4,basiskv_ag,n/a,16,8,64,,,,,,,n/a,bfloat16,NVIDIA L40S,1,basiskv_ag_b16,projection,0.012000000104308128,0.011776000261306763,0.015936000272631645,all_gather,256,4096,8192,57344.0
Qwen/Qwen3-8B-Base,49e3418fbbbca6ecbdf9608b4d22e5a407081db4,basiskv_ag,n/a,16,8,64,,,,,,,n/a,bfloat16,NVIDIA L40S,1,basiskv_ag_b16,collective,0.02051199972629547,0.020128000527620316,0.021183999255299568,all_gather,256,4096,8192,57344.0
Qwen/Qwen3-8B-Base,49e3418fbbbca6ecbdf9608b4d22e5a407081db4,basiskv_ag,n/a,16,8,64,,,,,,,n/a,bfloat16,NVIDIA L40S,1,basiskv_ag_b16,reconstruction,0.02038400061428547,0.02022399939596653,0.02070399932563305,all_gather,256,4096,8192,57344.0
Qwen/Qwen3-8B-Base,49e3418fbbbca6ecbdf9608b4d22e5a407081db4,basiskv_ag,n/a,16,8,64,,,,,,,n/a,bfloat16,NVIDIA L40S,1,basiskv_ag_b16,total,0.04255999997258186,0.04185599833726883,0.043296001851558685,all_gather,256,4096,8192,57344.0
Qwen/Qwen3-8B-Base,49e3418fbbbca6ecbdf9608b4d22e5a407081db4,dense_ar,n/a,16,8,64,,,,,,,n/a,bfloat16,NVIDIA L40S,2,dense_ar_b16,projection,0.012575999833643436,0.01228800043463707,0.013439999893307686,all_reduce,4096,65536,131072,229376.0
Qwen/Qwen3-8B-Base,49e3418fbbbca6ecbdf9608b4d22e5a407081db4,dense_ar,n/a,16,8,64,,,,,,,n/a,bfloat16,NVIDIA L40S,2,dense_ar_b16,collective,0.04918399825692177,0.048576001077890396,0.049984000623226166,all_reduce,4096,65536,131072,229376.0
Qwen/Qwen3-8B-Base,49e3418fbbbca6ecbdf9608b4d22e5a407081db4,dense_ar,n/a,16,8,64,,,,,,,n/a,bfloat16,NVIDIA L40S,2,dense_ar_b16,reconstruction,0.009535999968647957,0.009344000369310379,0.010432000271975994,all_reduce,4096,65536,131072,229376.0
Qwen/Qwen3-8B-Base,49e3418fbbbca6ecbdf9608b4d22e5a407081db4,dense_ar,n/a,16,8,64,,,,,,,n/a,bfloat16,NVIDIA L40S,2,dense_ar_b16,total,0.0708480030298233,0.06905599683523178,0.07734400033950806,all_reduce,4096,65536,131072,229376.0
Qwen/Qwen3-8B-Base,49e3418fbbbca6ecbdf9608b4d22e5a407081db4,lr_ar_wire,n/a,16,8,64,,,,,,,n/a,bfloat16,NVIDIA L40S,2,lr_ar_wire_b16,projection,0.012640000320971012,0.01235199999064207,0.01369599997997284,all_reduce,1024,16384,32768,57344.0
Qwen/Qwen3-8B-Base,49e3418fbbbca6ecbdf9608b4d22e5a407081db4,lr_ar_wire,n/a,16,8,64,,,,,,,n/a,bfloat16,NVIDIA L40S,2,lr_ar_wire_b16,collective,0.033296000212430954,0.03203200176358223,0.04009599983692169,all_reduce,1024,16384,32768,57344.0
Qwen/Qwen3-8B-Base,49e3418fbbbca6ecbdf9608b4d22e5a407081db4,lr_ar_wire,n/a,16,8,64,,,,,,,n/a,bfloat16,NVIDIA L40S,2,lr_ar_wire_b16,reconstruction,0.014688000082969666,0.014527999795973301,0.01571200042963028,all_reduce,1024,16384,32768,57344.0
Qwen/Qwen3-8B-Base,49e3418fbbbca6ecbdf9608b4d22e5a407081db4,lr_ar_wire,n/a,16,8,64,,,,,,,n/a,bfloat16,NVIDIA L40S,2,lr_ar_wire_b16,total,0.05982400104403496,0.057920001447200775,0.0663679987192154,all_reduce,1024,16384,32768,57344.0
Qwen/Qwen3-8B-Base,49e3418fbbbca6ecbdf9608b4d22e5a407081db4,lr_ar_cap,n/a,16,8,64,,,,,,,n/a,bfloat16,NVIDIA L40S,2,lr_ar_cap_b16,projection,0.012608000077307224,0.01235199999064207,0.013376000337302685,all_reduce,2048,32768,65536,114688.0
Qwen/Qwen3-8B-Base,49e3418fbbbca6ecbdf9608b4d22e5a407081db4,lr_ar_cap,n/a,16,8,64,,,,,,,n/a,bfloat16,NVIDIA L40S,2,lr_ar_cap_b16,collective,0.0329120010137558,0.032287999987602234,0.03446400165557861,all_reduce,2048,32768,65536,114688.0
Qwen/Qwen3-8B-Base,49e3418fbbbca6ecbdf9608b4d22e5a407081db4,lr_ar_cap,n/a,16,8,64,,,,,,,n/a,bfloat16,NVIDIA L40S,2,lr_ar_cap_b16,reconstruction,0.022624000906944275,0.021568000316619873,0.024992000311613083,all_reduce,2048,32768,65536,114688.0
Qwen/Qwen3-8B-Base,49e3418fbbbca6ecbdf9608b4d22e5a407081db4,lr_ar_cap,n/a,16,8,64,,,,,,,n/a,bfloat16,NVIDIA L40S,2,lr_ar_cap_b16,total,0.06132800132036209,0.05929600074887276,0.0676800012588501,all_reduce,2048,32768,65536,114688.0
Qwen/Qwen3-8B-Base,49e3418fbbbca6ecbdf9608b4d22e5a407081db4,c1_ar,n/a,16,8,64,,,,,,,n/a,bfloat16,NVIDIA L40S,2,c1_ar_b16,projection,0.016448000445961952,0.0161920003592968,0.01881599985063076,all_reduce,2048,32768,65536,114688.0
Qwen/Qwen3-8B-Base,49e3418fbbbca6ecbdf9608b4d22e5a407081db4,c1_ar,n/a,16,8,64,,,,,,,n/a,bfloat16,NVIDIA L40S,2,c1_ar_b16,collective,0.03331200033426285,0.03254399821162224,0.03545600175857544,all_reduce,2048,32768,65536,114688.0
Qwen/Qwen3-8B-Base,49e3418fbbbca6ecbdf9608b4d22e5a407081db4,c1_ar,n/a,16,8,64,,,,,,,n/a,bfloat16,NVIDIA L40S,2,c1_ar_b16,reconstruction,0.02054399996995926,0.020320000126957893,0.020800000056624413,all_reduce,2048,32768,65536,114688.0
Qwen/Qwen3-8B-Base,49e3418fbbbca6ecbdf9608b4d22e5a407081db4,c1_ar,n/a,16,8,64,,,,,,,n/a,bfloat16,NVIDIA L40S,2,c1_ar_b16,total,0.0793440006673336,0.07702399790287018,0.088128000497818,all_reduce,2048,32768,65536,114688.0
Qwen/Qwen3-8B-Base,49e3418fbbbca6ecbdf9608b4d22e5a407081db4,basiskv_ag,n/a,16,8,64,,,,,,,n/a,bfloat16,NVIDIA L40S,2,basiskv_ag_b16,projection,0.012000000104308128,0.011744000017642975,0.012864000163972378,all_gather,256,4096,8192,57344.0
Qwen/Qwen3-8B-Base,49e3418fbbbca6ecbdf9608b4d22e5a407081db4,basiskv_ag,n/a,16,8,64,,,,,,,n/a,bfloat16,NVIDIA L40S,2,basiskv_ag_b16,collective,0.020640000700950623,0.020096000283956528,0.021376000717282295,all_gather,256,4096,8192,57344.0
Qwen/Qwen3-8B-Base,49e3418fbbbca6ecbdf9608b4d22e5a407081db4,basiskv_ag,n/a,16,8,64,,,,,,,n/a,bfloat16,NVIDIA L40S,2,basiskv_ag_b16,reconstruction,0.022112000733613968,0.020416000857949257,0.024831999093294144,all_gather,256,4096,8192,57344.0
Qwen/Qwen3-8B-Base,49e3418fbbbca6ecbdf9608b4d22e5a407081db4,basiskv_ag,n/a,16,8,64,,,,,,,n/a,bfloat16,NVIDIA L40S,2,basiskv_ag_b16,total,0.04264000058174133,0.041919998824596405,0.04335999861359596,all_gather,256,4096,8192,57344.0
Qwen/Qwen3-8B-Base,49e3418fbbbca6ecbdf9608b4d22e5a407081db4,dense_ar,n/a,32,8,64,,,,,,,n/a,bfloat16,NVIDIA L40S,0,dense_ar_b32,projection,0.012768000364303589,0.012480000033974648,0.015904000028967857,all_reduce,4096,131072,262144,458752.0
Qwen/Qwen3-8B-Base,49e3418fbbbca6ecbdf9608b4d22e5a407081db4,dense_ar,n/a,32,8,64,,,,,,,n/a,bfloat16,NVIDIA L40S,0,dense_ar_b32,collective,0.08124800026416779,0.08064000308513641,0.08195199817419052,all_reduce,4096,131072,262144,458752.0
Qwen/Qwen3-8B-Base,49e3418fbbbca6ecbdf9608b4d22e5a407081db4,dense_ar,n/a,32,8,64,,,,,,,n/a,bfloat16,NVIDIA L40S,0,dense_ar_b32,reconstruction,0.009568000212311745,0.009344000369310379,0.010463999584317207,all_reduce,4096,131072,262144,458752.0
Qwen/Qwen3-8B-Base,49e3418fbbbca6ecbdf9608b4d22e5a407081db4,dense_ar,n/a,32,8,64,,,,,,,n/a,bfloat16,NVIDIA L40S,0,dense_ar_b32,total,0.08979199826717377,0.08912000060081482,0.09120000153779984,all_reduce,4096,131072,262144,458752.0
Qwen/Qwen3-8B-Base,49e3418fbbbca6ecbdf9608b4d22e5a407081db4,lr_ar_wire,n/a,32,8,64,,,,,,,n/a,bfloat16,NVIDIA L40S,0,lr_ar_wire_b32,projection,0.015424000099301338,0.012512000277638435,0.017952000722289085,all_reduce,1024,32768,65536,114688.0
Qwen/Qwen3-8B-Base,49e3418fbbbca6ecbdf9608b4d22e5a407081db4,lr_ar_wire,n/a,32,8,64,,,,,,,n/a,bfloat16,NVIDIA L40S,0,lr_ar_wire_b32,collective,0.03604799881577492,0.0331839993596077,0.04374400153756142,all_reduce,1024,32768,65536,114688.0
Qwen/Qwen3-8B-Base,49e3418fbbbca6ecbdf9608b4d22e5a407081db4,lr_ar_wire,n/a,32,8,64,,,,,,,n/a,bfloat16,NVIDIA L40S,0,lr_ar_wire_b32,reconstruction,0.01568000018596649,0.015456000342965126,0.0163199994713068,all_reduce,1024,32768,65536,114688.0
Qwen/Qwen3-8B-Base,49e3418fbbbca6ecbdf9608b4d22e5a407081db4,lr_ar_wire,n/a,32,8,64,,,,,,,n/a,bfloat16,NVIDIA L40S,0,lr_ar_wire_b32,total,0.06232000142335892,0.06067200005054474,0.06780800223350525,all_reduce,1024,32768,65536,114688.0
Qwen/Qwen3-8B-Base,49e3418fbbbca6ecbdf9608b4d22e5a407081db4,lr_ar_cap,n/a,32,8,64,,,,,,,n/a,bfloat16,NVIDIA L40S,0,lr_ar_cap_b32,projection,0.012575999833643436,0.01235199999064207,0.013791999779641628,all_reduce,2048,65536,131072,229376.0
Qwen/Qwen3-8B-Base,49e3418fbbbca6ecbdf9608b4d22e5a407081db4,lr_ar_cap,n/a,32,8,64,,,,,,,n/a,bfloat16,NVIDIA L40S,0,lr_ar_cap_b32,collective,0.04912000149488449,0.04864000156521797,0.04966399818658829,all_reduce,2048,65536,131072,229376.0
Qwen/Qwen3-8B-Base,49e3418fbbbca6ecbdf9608b4d22e5a407081db4,lr_ar_cap,n/a,32,8,64,,,,,,,n/a,bfloat16,NVIDIA L40S,0,lr_ar_cap_b32,reconstruction,0.01696000061929226,0.016831999644637108,0.01708799973130226,all_reduce,2048,65536,131072,229376.0
Qwen/Qwen3-8B-Base,49e3418fbbbca6ecbdf9608b4d22e5a407081db4,lr_ar_cap,n/a,32,8,64,,,,,,,n/a,bfloat16,NVIDIA L40S,0,lr_ar_cap_b32,total,0.0700799971818924,0.06940799951553345,0.07110399752855301,all_reduce,2048,65536,131072,229376.0
Qwen/Qwen3-8B-Base,49e3418fbbbca6ecbdf9608b4d22e5a407081db4,c1_ar,n/a,32,8,64,,,,,,,n/a,bfloat16,NVIDIA L40S,0,c1_ar_b32,projection,0.01635199971497059,0.016063999384641647,0.018559999763965607,all_reduce,2048,65536,131072,229376.0
Qwen/Qwen3-8B-Base,49e3418fbbbca6ecbdf9608b4d22e5a407081db4,c1_ar,n/a,32,8,64,,,,,,,n/a,bfloat16,NVIDIA L40S,0,c1_ar_b32,collective,0.04915200173854828,0.04867200180888176,0.049984000623226166,all_reduce,2048,65536,131072,229376.0
Qwen/Qwen3-8B-Base,49e3418fbbbca6ecbdf9608b4d22e5a407081db4,c1_ar,n/a,32,8,64,,,,,,,n/a,bfloat16,NVIDIA L40S,0,c1_ar_b32,reconstruction,0.020896000787615776,0.020735999569296837,0.02115200087428093,all_reduce,2048,65536,131072,229376.0
Qwen/Qwen3-8B-Base,49e3418fbbbca6ecbdf9608b4d22e5a407081db4,c1_ar,n/a,32,8,64,,,,,,,n/a,bfloat16,NVIDIA L40S,0,c1_ar_b32,total,0.08043200150132179,0.07852800190448761,0.08675199747085571,all_reduce,2048,65536,131072,229376.0
Qwen/Qwen3-8B-Base,49e3418fbbbca6ecbdf9608b4d22e5a407081db4,basiskv_ag,n/a,32,8,64,,,,,,,n/a,bfloat16,NVIDIA L40S,0,basiskv_ag_b32,projection,0.011935999616980553,0.011711999773979187,0.014368000440299511,all_gather,256,8192,16384,114688.0
Qwen/Qwen3-8B-Base,49e3418fbbbca6ecbdf9608b4d22e5a407081db4,basiskv_ag,n/a,32,8,64,,,,,,,n/a,bfloat16,NVIDIA L40S,0,basiskv_ag_b32,collective,0.028831999748945236,0.028384000062942505,0.029983999207615852,all_gather,256,8192,16384,114688.0
Qwen/Qwen3-8B-Base,49e3418fbbbca6ecbdf9608b4d22e5a407081db4,basiskv_ag,n/a,32,8,64,,,,,,,n/a,bfloat16,NVIDIA L40S,0,basiskv_ag_b32,reconstruction,0.020959999412298203,0.020800000056624413,0.021183999255299568,all_gather,256,8192,16384,114688.0
Qwen/Qwen3-8B-Base,49e3418fbbbca6ecbdf9608b4d22e5a407081db4,basiskv_ag,n/a,32,8,64,,,,,,,n/a,bfloat16,NVIDIA L40S,0,basiskv_ag_b32,total,0.0514880008995533,0.05071999877691269,0.05283199995756149,all_gather,256,8192,16384,114688.0
Qwen/Qwen3-8B-Base,49e3418fbbbca6ecbdf9608b4d22e5a407081db4,dense_ar,n/a,32,8,64,,,,,,,n/a,bfloat16,NVIDIA L40S,1,dense_ar_b32,projection,0.012608000077307224,0.012384000234305859,0.013439999893307686,all_reduce,4096,131072,262144,458752.0
Qwen/Qwen3-8B-Base,49e3418fbbbca6ecbdf9608b4d22e5a407081db4,dense_ar,n/a,32,8,64,,,,,,,n/a,bfloat16,NVIDIA L40S,1,dense_ar_b32,collective,0.08124800026416779,0.08064000308513641,0.08204799890518188,all_reduce,4096,131072,262144,458752.0
Qwen/Qwen3-8B-Base,49e3418fbbbca6ecbdf9608b4d22e5a407081db4,dense_ar,n/a,32,8,64,,,,,,,n/a,bfloat16,NVIDIA L40S,1,dense_ar_b32,reconstruction,0.010239999741315842,0.009631999768316746,0.018624000251293182,all_reduce,4096,131072,262144,458752.0
Qwen/Qwen3-8B-Base,49e3418fbbbca6ecbdf9608b4d22e5a407081db4,dense_ar,n/a,32,8,64,,,,,,,n/a,bfloat16,NVIDIA L40S,1,dense_ar_b32,total,0.08979199826717377,0.08908800035715103,0.09065599739551544,all_reduce,4096,131072,262144,458752.0
Qwen/Qwen3-8B-Base,49e3418fbbbca6ecbdf9608b4d22e5a407081db4,lr_ar_wire,n/a,32,8,64,,,,,,,n/a,bfloat16,NVIDIA L40S,1,lr_ar_wire_b32,projection,0.012608000077307224,0.01235199999064207,0.015296000055968761,all_reduce,1024,32768,65536,114688.0
Qwen/Qwen3-8B-Base,49e3418fbbbca6ecbdf9608b4d22e5a407081db4,lr_ar_wire,n/a,32,8,64,,,,,,,n/a,bfloat16,NVIDIA L40S,1,lr_ar_wire_b32,collective,0.03296000137925148,0.03232000023126602,0.03612799942493439,all_reduce,1024,32768,65536,114688.0
Qwen/Qwen3-8B-Base,49e3418fbbbca6ecbdf9608b4d22e5a407081db4,lr_ar_wire,n/a,32,8,64,,,,,,,n/a,bfloat16,NVIDIA L40S,1,lr_ar_wire_b32,reconstruction,0.015664000064134598,0.015456000342965126,0.019680000841617584,all_reduce,1024,32768,65536,114688.0
Qwen/Qwen3-8B-Base,49e3418fbbbca6ecbdf9608b4d22e5a407081db4,lr_ar_wire,n/a,32,8,64,,,,,,,n/a,bfloat16,NVIDIA L40S,1,lr_ar_wire_b32,total,0.06657600030303001,0.063680000603199,0.07999999821186066,all_reduce,1024,32768,65536,114688.0
Qwen/Qwen3-8B-Base,49e3418fbbbca6ecbdf9608b4d22e5a407081db4,lr_ar_cap,n/a,32,8,64,,,,,,,n/a,bfloat16,NVIDIA L40S,1,lr_ar_cap_b32,projection,0.012671999633312225,0.01235199999064207,0.016607999801635742,all_reduce,2048,65536,131072,229376.0
Qwen/Qwen3-8B-Base,49e3418fbbbca6ecbdf9608b4d22e5a407081db4,lr_ar_cap,n/a,32,8,64,,,,,,,n/a,bfloat16,NVIDIA L40S,1,lr_ar_cap_b32,collective,0.04902400076389313,0.048608001321554184,0.04992000013589859,all_reduce,2048,65536,131072,229376.0
Qwen/Qwen3-8B-Base,49e3418fbbbca6ecbdf9608b4d22e5a407081db4,lr_ar_cap,n/a,32,8,64,,,,,,,n/a,bfloat16,NVIDIA L40S,1,lr_ar_cap_b32,reconstruction,0.02332800067961216,0.016992000862956047,0.02537599951028824,all_reduce,2048,65536,131072,229376.0
Qwen/Qwen3-8B-Base,49e3418fbbbca6ecbdf9608b4d22e5a407081db4,lr_ar_cap,n/a,32,8,64,,,,,,,n/a,bfloat16,NVIDIA L40S,1,lr_ar_cap_b32,total,0.07028799876570702,0.06960000097751617,0.07132799923419952,all_reduce,2048,65536,131072,229376.0
Qwen/Qwen3-8B-Base,49e3418fbbbca6ecbdf9608b4d22e5a407081db4,c1_ar,n/a,32,8,64,,,,,,,n/a,bfloat16,NVIDIA L40S,1,c1_ar_b32,projection,0.01648000068962574,0.016127999871969223,0.02175999991595745,all_reduce,2048,65536,131072,229376.0
Qwen/Qwen3-8B-Base,49e3418fbbbca6ecbdf9608b4d22e5a407081db4,c1_ar,n/a,32,8,64,,,,,,,n/a,bfloat16,NVIDIA L40S,1,c1_ar_b32,collective,0.04927999898791313,0.048767998814582825,0.05020799860358238,all_reduce,2048,65536,131072,229376.0
Qwen/Qwen3-8B-Base,49e3418fbbbca6ecbdf9608b4d22e5a407081db4,c1_ar,n/a,32,8,64,,,,,,,n/a,bfloat16,NVIDIA L40S,1,c1_ar_b32,reconstruction,0.020896000787615776,0.020735999569296837,0.02112000063061714,all_reduce,2048,65536,131072,229376.0
Qwen/Qwen3-8B-Base,49e3418fbbbca6ecbdf9608b4d22e5a407081db4,c1_ar,n/a,32,8,64,,,,,,,n/a,bfloat16,NVIDIA L40S,1,c1_ar_b32,total,0.08070400357246399,0.07827199995517731,0.08614400029182434,all_reduce,2048,65536,131072,229376.0
Qwen/Qwen3-8B-Base,49e3418fbbbca6ecbdf9608b4d22e5a407081db4,basiskv_ag,n/a,32,8,64,,,,,,,n/a,bfloat16,NVIDIA L40S,1,basiskv_ag_b32,projection,0.015296000055968761,0.014271999709308147,0.017920000478625298,all_gather,256,8192,16384,114688.0
Qwen/Qwen3-8B-Base,49e3418fbbbca6ecbdf9608b4d22e5a407081db4,basiskv_ag,n/a,32,8,64,,,,,,,n/a,bfloat16,NVIDIA L40S,1,basiskv_ag_b32,collective,0.02921600081026554,0.028416000306606293,0.030688000842928886,all_gather,256,8192,16384,114688.0
Qwen/Qwen3-8B-Base,49e3418fbbbca6ecbdf9608b4d22e5a407081db4,basiskv_ag,n/a,32,8,64,,,,,,,n/a,bfloat16,NVIDIA L40S,1,basiskv_ag_b32,reconstruction,0.02099199965596199,0.0208320003002882,0.021215999498963356,all_gather,256,8192,16384,114688.0
Qwen/Qwen3-8B-Base,49e3418fbbbca6ecbdf9608b4d22e5a407081db4,basiskv_ag,n/a,32,8,64,,,,,,,n/a,bfloat16,NVIDIA L40S,1,basiskv_ag_b32,total,0.05158400163054466,0.0506879985332489,0.052928000688552856,all_gather,256,8192,16384,114688.0
Qwen/Qwen3-8B-Base,49e3418fbbbca6ecbdf9608b4d22e5a407081db4,dense_ar,n/a,32,8,64,,,,,,,n/a,bfloat16,NVIDIA L40S,2,dense_ar_b32,projection,0.012736000120639801,0.01244799979031086,0.013535999692976475,all_reduce,4096,131072,262144,458752.0
Qwen/Qwen3-8B-Base,49e3418fbbbca6ecbdf9608b4d22e5a407081db4,dense_ar,n/a,32,8,64,,,,,,,n/a,bfloat16,NVIDIA L40S,2,dense_ar_b32,collective,0.08118399977684021,0.08057600259780884,0.08207999914884567,all_reduce,4096,131072,262144,458752.0
Qwen/Qwen3-8B-Base,49e3418fbbbca6ecbdf9608b4d22e5a407081db4,dense_ar,n/a,32,8,64,,,,,,,n/a,bfloat16,NVIDIA L40S,2,dense_ar_b32,reconstruction,0.009503999724984169,0.009247999638319016,0.010784000158309937,all_reduce,4096,131072,262144,458752.0
Qwen/Qwen3-8B-Base,49e3418fbbbca6ecbdf9608b4d22e5a407081db4,dense_ar,n/a,32,8,64,,,,,,,n/a,bfloat16,NVIDIA L40S,2,dense_ar_b32,total,0.08988799899816513,0.08915200084447861,0.09081599861383438,all_reduce,4096,131072,262144,458752.0
Qwen/Qwen3-8B-Base,49e3418fbbbca6ecbdf9608b4d22e5a407081db4,lr_ar_wire,n/a,32,8,64,,,,,,,n/a,bfloat16,NVIDIA L40S,2,lr_ar_wire_b32,projection,0.012640000320971012,0.01235199999064207,0.01583999954164028,all_reduce,1024,32768,65536,114688.0
Qwen/Qwen3-8B-Base,49e3418fbbbca6ecbdf9608b4d22e5a407081db4,lr_ar_wire,n/a,32,8,64,,,,,,,n/a,bfloat16,NVIDIA L40S,2,lr_ar_wire_b32,collective,0.03302399814128876,0.032287999987602234,0.03510399907827377,all_reduce,1024,32768,65536,114688.0
Qwen/Qwen3-8B-Base,49e3418fbbbca6ecbdf9608b4d22e5a407081db4,lr_ar_wire,n/a,32,8,64,,,,,,,n/a,bfloat16,NVIDIA L40S,2,lr_ar_wire_b32,reconstruction,0.015615999698638916,0.015424000099301338,0.016287999227643013,all_reduce,1024,32768,65536,114688.0
Qwen/Qwen3-8B-Base,49e3418fbbbca6ecbdf9608b4d22e5a407081db4,lr_ar_wire,n/a,32,8,64,,,,,,,n/a,bfloat16,NVIDIA L40S,2,lr_ar_wire_b32,total,0.06265600025653839,0.060416001826524734,0.07315199822187424,all_reduce,1024,32768,65536,114688.0
Qwen/Qwen3-8B-Base,49e3418fbbbca6ecbdf9608b4d22e5a407081db4,lr_ar_cap,n/a,32,8,64,,,,,,,n/a,bfloat16,NVIDIA L40S,2,lr_ar_cap_b32,projection,0.012671999633312225,0.01235199999064207,0.01398400031030178,all_reduce,2048,65536,131072,229376.0
Qwen/Qwen3-8B-Base,49e3418fbbbca6ecbdf9608b4d22e5a407081db4,lr_ar_cap,n/a,32,8,64,,,,,,,n/a,bfloat16,NVIDIA L40S,2,lr_ar_cap_b32,collective,0.049167999997735023,0.04867200180888176,0.04982399940490723,all_reduce,2048,65536,131072,229376.0
Qwen/Qwen3-8B-Base,49e3418fbbbca6ecbdf9608b4d22e5a407081db4,lr_ar_cap,n/a,32,8,64,,,,,,,n/a,bfloat16,NVIDIA L40S,2,lr_ar_cap_b32,reconstruction,0.016992000862956047,0.016863999888300896,0.022048000246286392,all_reduce,2048,65536,131072,229376.0
Qwen/Qwen3-8B-Base,49e3418fbbbca6ecbdf9608b4d22e5a407081db4,lr_ar_cap,n/a,32,8,64,,,,,,,n/a,bfloat16,NVIDIA L40S,2,lr_ar_cap_b32,total,0.07004799693822861,0.06937599927186966,0.07100799679756165,all_reduce,2048,65536,131072,229376.0
Qwen/Qwen3-8B-Base,49e3418fbbbca6ecbdf9608b4d22e5a407081db4,c1_ar,n/a,32,8,64,,,,,,,n/a,bfloat16,NVIDIA L40S,2,c1_ar_b32,projection,0.016543999314308167,0.0161920003592968,0.018880000337958336,all_reduce,2048,65536,131072,229376.0
Qwen/Qwen3-8B-Base,49e3418fbbbca6ecbdf9608b4d22e5a407081db4,c1_ar,n/a,32,8,64,,,,,,,n/a,bfloat16,NVIDIA L40S,2,c1_ar_b32,collective,0.049167999997735023,0.04873599857091904,0.05008000135421753,all_reduce,2048,65536,131072,229376.0
Qwen/Qwen3-8B-Base,49e3418fbbbca6ecbdf9608b4d22e5a407081db4,c1_ar,n/a,32,8,64,,,,,,,n/a,bfloat16,NVIDIA L40S,2,c1_ar_b32,reconstruction,0.020864000543951988,0.02070399932563305,0.021088000386953354,all_reduce,2048,65536,131072,229376.0
Qwen/Qwen3-8B-Base,49e3418fbbbca6ecbdf9608b4d22e5a407081db4,c1_ar,n/a,32,8,64,,,,,,,n/a,bfloat16,NVIDIA L40S,2,c1_ar_b32,total,0.08273600041866302,0.08006399869918823,0.09161599725484848,all_reduce,2048,65536,131072,229376.0
Qwen/Qwen3-8B-Base,49e3418fbbbca6ecbdf9608b4d22e5a407081db4,basiskv_ag,n/a,32,8,64,,,,,,,n/a,bfloat16,NVIDIA L40S,2,basiskv_ag_b32,projection,0.0121760000474751,0.01190400030463934,0.013088000006973743,all_gather,256,8192,16384,114688.0
Qwen/Qwen3-8B-Base,49e3418fbbbca6ecbdf9608b4d22e5a407081db4,basiskv_ag,n/a,32,8,64,,,,,,,n/a,bfloat16,NVIDIA L40S,2,basiskv_ag_b32,collective,0.028704000636935234,0.02831999957561493,0.029823999851942062,all_gather,256,8192,16384,114688.0
Qwen/Qwen3-8B-Base,49e3418fbbbca6ecbdf9608b4d22e5a407081db4,basiskv_ag,n/a,32,8,64,,,,,,,n/a,bfloat16,NVIDIA L40S,2,basiskv_ag_b32,reconstruction,0.020959999412298203,0.020800000056624413,0.02115200087428093,all_gather,256,8192,16384,114688.0
Qwen/Qwen3-8B-Base,49e3418fbbbca6ecbdf9608b4d22e5a407081db4,basiskv_ag,n/a,32,8,64,,,,,,,n/a,bfloat16,NVIDIA L40S,2,basiskv_ag_b32,total,0.05153600126504898,0.05075199902057648,0.05286400020122528,all_gather,256,8192,16384,114688.0
Qwen/Qwen3-8B-Base,49e3418fbbbca6ecbdf9608b4d22e5a407081db4,dense_ar,n/a,1,8,64,,,,,,,n/a,bfloat16,NVIDIA L40S,0,dense_ar_b1,projection,0.013423999771475792,0.012480000033974648,0.017503999173641205,all_reduce,4096,4096,8192,14336.0
Qwen/Qwen3-8B-Base,49e3418fbbbca6ecbdf9608b4d22e5a407081db4,dense_ar,n/a,1,8,64,,,,,,,n/a,bfloat16,NVIDIA L40S,0,dense_ar_b1,collective,0.03254400007426739,0.031007999554276466,0.03625600039958954,all_reduce,4096,4096,8192,14336.0
Qwen/Qwen3-8B-Base,49e3418fbbbca6ecbdf9608b4d22e5a407081db4,dense_ar,n/a,1,8,64,,,,,,,n/a,bfloat16,NVIDIA L40S,0,dense_ar_b1,reconstruction,0.009391999803483486,0.009216000325977802,0.009824000298976898,all_reduce,4096,4096,8192,14336.0
Qwen/Qwen3-8B-Base,49e3418fbbbca6ecbdf9608b4d22e5a407081db4,dense_ar,n/a,1,8,64,,,,,,,n/a,bfloat16,NVIDIA L40S,0,dense_ar_b1,total,0.07039999961853027,0.06854400038719177,0.08294399827718735,all_reduce,4096,4096,8192,14336.0
Qwen/Qwen3-8B-Base,49e3418fbbbca6ecbdf9608b4d22e5a407081db4,lr_ar_wire,n/a,1,8,64,,,,,,,n/a,bfloat16,NVIDIA L40S,0,lr_ar_wire_b1,projection,0.015904000028967857,0.01571200042963028,0.01744000054895878,all_reduce,1024,1024,2048,3584.0
Qwen/Qwen3-8B-Base,49e3418fbbbca6ecbdf9608b4d22e5a407081db4,lr_ar_wire,n/a,1,8,64,,,,,,,n/a,bfloat16,NVIDIA L40S,0,lr_ar_wire_b1,collective,0.034304000437259674,0.03296000137925148,0.03759999945759773,all_reduce,1024,1024,2048,3584.0
Qwen/Qwen3-8B-Base,49e3418fbbbca6ecbdf9608b4d22e5a407081db4,lr_ar_wire,n/a,1,8,64,,,,,,,n/a,bfloat16,NVIDIA L40S,0,lr_ar_wire_b1,reconstruction,0.012752000242471695,0.012160000391304493,0.022175999358296394,all_reduce,1024,1024,2048,3584.0
Qwen/Qwen3-8B-Base,49e3418fbbbca6ecbdf9608b4d22e5a407081db4,lr_ar_wire,n/a,1,8,64,,,,,,,n/a,bfloat16,NVIDIA L40S,0,lr_ar_wire_b1,total,0.06419199705123901,0.06255999952554703,0.06867200136184692,all_reduce,1024,1024,2048,3584.0
Qwen/Qwen3-8B-Base,49e3418fbbbca6ecbdf9608b4d22e5a407081db4,lr_ar_cap,n/a,1,8,64,,,,,,,n/a,bfloat16,NVIDIA L40S,0,lr_ar_cap_b1,projection,0.020608000457286835,0.01583999954164028,0.023391999304294586,all_reduce,2048,2048,4096,7168.0
Qwen/Qwen3-8B-Base,49e3418fbbbca6ecbdf9608b4d22e5a407081db4,lr_ar_cap,n/a,1,8,64,,,,,,,n/a,bfloat16,NVIDIA L40S,0,lr_ar_cap_b1,collective,0.032735999673604965,0.03152000159025192,0.03510399907827377,all_reduce,2048,2048,4096,7168.0
Qwen/Qwen3-8B-Base,49e3418fbbbca6ecbdf9608b4d22e5a407081db4,lr_ar_cap,n/a,1,8,64,,,,,,,n/a,bfloat16,NVIDIA L40S,0,lr_ar_cap_b1,reconstruction,0.015424000099301338,0.015263999812304974,0.015968000516295433,all_reduce,2048,2048,4096,7168.0
Qwen/Qwen3-8B-Base,49e3418fbbbca6ecbdf9608b4d22e5a407081db4,lr_ar_cap,n/a,1,8,64,,,,,,,n/a,bfloat16,NVIDIA L40S,0,lr_ar_cap_b1,total,0.06380800157785416,0.06201599910855293,0.0679360032081604,all_reduce,2048,2048,4096,7168.0
Qwen/Qwen3-8B-Base,49e3418fbbbca6ecbdf9608b4d22e5a407081db4,c1_ar,n/a,1,8,64,,,,,,,n/a,bfloat16,NVIDIA L40S,0,c1_ar_b1,projection,0.01616000011563301,0.015776000916957855,0.02179200015962124,all_reduce,2048,2048,4096,7168.0
Qwen/Qwen3-8B-Base,49e3418fbbbca6ecbdf9608b4d22e5a407081db4,c1_ar,n/a,1,8,64,,,,,,,n/a,bfloat16,NVIDIA L40S,0,c1_ar_b1,collective,0.032255999743938446,0.03110400028526783,0.03551999852061272,all_reduce,2048,2048,4096,7168.0
Qwen/Qwen3-8B-Base,49e3418fbbbca6ecbdf9608b4d22e5a407081db4,c1_ar,n/a,1,8,64,,,,,,,n/a,bfloat16,NVIDIA L40S,0,c1_ar_b1,reconstruction,0.027775999158620834,0.027583999559283257,0.02796800062060356,all_reduce,2048,2048,4096,7168.0
Qwen/Qwen3-8B-Base,49e3418fbbbca6ecbdf9608b4d22e5a407081db4,c1_ar,n/a,1,8,64,,,,,,,n/a,bfloat16,NVIDIA L40S,0,c1_ar_b1,total,0.07848000153899193,0.07680000364780426,0.08857599645853043,all_reduce,2048,2048,4096,7168.0
Qwen/Qwen3-8B-Base,49e3418fbbbca6ecbdf9608b4d22e5a407081db4,basiskv_ag,n/a,1,8,64,,,,,,,n/a,bfloat16,NVIDIA L40S,0,basiskv_ag_b1,projection,0.01190400030463934,0.011552000418305397,0.012896000407636166,all_gather,256,256,512,3584.0
Qwen/Qwen3-8B-Base,49e3418fbbbca6ecbdf9608b4d22e5a407081db4,basiskv_ag,n/a,1,8,64,,,,,,,n/a,bfloat16,NVIDIA L40S,0,basiskv_ag_b1,collective,0.020975999534130096,0.015744000673294067,0.024927999824285507,all_gather,256,256,512,3584.0
Qwen/Qwen3-8B-Base,49e3418fbbbca6ecbdf9608b4d22e5a407081db4,basiskv_ag,n/a,1,8,64,,,,,,,n/a,bfloat16,NVIDIA L40S,0,basiskv_ag_b1,reconstruction,0.027615999802947044,0.027488000690937042,0.02783999964594841,all_gather,256,256,512,3584.0
Qwen/Qwen3-8B-Base,49e3418fbbbca6ecbdf9608b4d22e5a407081db4,basiskv_ag,n/a,1,8,64,,,,,,,n/a,bfloat16,NVIDIA L40S,0,basiskv_ag_b1,total,0.044256001710891724,0.043616000562906265,0.04495999962091446,all_gather,256,256,512,3584.0
Qwen/Qwen3-8B-Base,49e3418fbbbca6ecbdf9608b4d22e5a407081db4,dense_ar,n/a,1,8,64,,,,,,,n/a,bfloat16,NVIDIA L40S,1,dense_ar_b1,projection,0.01228800043463707,0.012000000104308128,0.012864000163972378,all_reduce,4096,4096,8192,14336.0
Qwen/Qwen3-8B-Base,49e3418fbbbca6ecbdf9608b4d22e5a407081db4,dense_ar,n/a,1,8,64,,,,,,,n/a,bfloat16,NVIDIA L40S,1,dense_ar_b1,collective,0.04291199892759323,0.0323840007185936,0.047168001532554626,all_reduce,4096,4096,8192,14336.0
Qwen/Qwen3-8B-Base,49e3418fbbbca6ecbdf9608b4d22e5a407081db4,dense_ar,n/a,1,8,64,,,,,,,n/a,bfloat16,NVIDIA L40S,1,dense_ar_b1,reconstruction,0.009472000412642956,0.009216000325977802,0.010304000228643417,all_reduce,4096,4096,8192,14336.0
Qwen/Qwen3-8B-Base,49e3418fbbbca6ecbdf9608b4d22e5a407081db4,dense_ar,n/a,1,8,64,,,,,,,n/a,bfloat16,NVIDIA L40S,1,dense_ar_b1,total,0.0671519972383976,0.06572800129652023,0.07292799651622772,all_reduce,4096,4096,8192,14336.0
Qwen/Qwen3-8B-Base,49e3418fbbbca6ecbdf9608b4d22e5a407081db4,lr_ar_wire,n/a,1,8,64,,,,,,,n/a,bfloat16,NVIDIA L40S,1,lr_ar_wire_b1,projection,0.01616000011563301,0.01583999954164028,0.0208320003002882,all_reduce,1024,1024,2048,3584.0
Qwen/Qwen3-8B-Base,49e3418fbbbca6ecbdf9608b4d22e5a407081db4,lr_ar_wire,n/a,1,8,64,,,,,,,n/a,bfloat16,NVIDIA L40S,1,lr_ar_wire_b1,collective,0.033535998314619064,0.032287999987602234,0.03612799942493439,all_reduce,1024,1024,2048,3584.0
Qwen/Qwen3-8B-Base,49e3418fbbbca6ecbdf9608b4d22e5a407081db4,lr_ar_wire,n/a,1,8,64,,,,,,,n/a,bfloat16,NVIDIA L40S,1,lr_ar_wire_b1,reconstruction,0.012319999746978283,0.012095999903976917,0.015647999942302704,all_reduce,1024,1024,2048,3584.0
Qwen/Qwen3-8B-Base,49e3418fbbbca6ecbdf9608b4d22e5a407081db4,lr_ar_wire,n/a,1,8,64,,,,,,,n/a,bfloat16,NVIDIA L40S,1,lr_ar_wire_b1,total,0.0639680027961731,0.06233600154519081,0.07254400104284286,all_reduce,1024,1024,2048,3584.0
Qwen/Qwen3-8B-Base,49e3418fbbbca6ecbdf9608b4d22e5a407081db4,lr_ar_cap,n/a,1,8,64,,,,,,,n/a,bfloat16,NVIDIA L40S,1,lr_ar_cap_b1,projection,0.016063999384641647,0.015776000916957855,0.017632000148296356,all_reduce,2048,2048,4096,7168.0
Qwen/Qwen3-8B-Base,49e3418fbbbca6ecbdf9608b4d22e5a407081db4,lr_ar_cap,n/a,1,8,64,,,,,,,n/a,bfloat16,NVIDIA L40S,1,lr_ar_cap_b1,collective,0.0323840007185936,0.03142400085926056,0.03494400158524513,all_reduce,2048,2048,4096,7168.0
Qwen/Qwen3-8B-Base,49e3418fbbbca6ecbdf9608b4d22e5a407081db4,lr_ar_cap,n/a,1,8,64,,,,,,,n/a,bfloat16,NVIDIA L40S,1,lr_ar_cap_b1,reconstruction,0.015424000099301338,0.015263999812304974,0.01603199914097786,all_reduce,2048,2048,4096,7168.0
Qwen/Qwen3-8B-Base,49e3418fbbbca6ecbdf9608b4d22e5a407081db4,lr_ar_cap,n/a,1,8,64,,,,,,,n/a,bfloat16,NVIDIA L40S,1,lr_ar_cap_b1,total,0.06345599889755249,0.061983998864889145,0.06943999975919724,all_reduce,2048,2048,4096,7168.0
Qwen/Qwen3-8B-Base,49e3418fbbbca6ecbdf9608b4d22e5a407081db4,c1_ar,n/a,1,8,64,,,,,,,n/a,bfloat16,NVIDIA L40S,1,c1_ar_b1,projection,0.0163199994713068,0.015968000516295433,0.02070399932563305,all_reduce,2048,2048,4096,7168.0
Qwen/Qwen3-8B-Base,49e3418fbbbca6ecbdf9608b4d22e5a407081db4,c1_ar,n/a,1,8,64,,,,,,,n/a,bfloat16,NVIDIA L40S,1,c1_ar_b1,collective,0.033344000577926636,0.032127998769283295,0.036448001861572266,all_reduce,2048,2048,4096,7168.0
Qwen/Qwen3-8B-Base,49e3418fbbbca6ecbdf9608b4d22e5a407081db4,c1_ar,n/a,1,8,64,,,,,,,n/a,bfloat16,NVIDIA L40S,1,c1_ar_b1,reconstruction,0.02751999907195568,0.02735999971628189,0.027712000533938408,all_reduce,2048,2048,4096,7168.0
Qwen/Qwen3-8B-Base,49e3418fbbbca6ecbdf9608b4d22e5a407081db4,c1_ar,n/a,1,8,64,,,,,,,n/a,bfloat16,NVIDIA L40S,1,c1_ar_b1,total,0.07710399851202965,0.07494399696588516,0.08736000210046768,all_reduce,2048,2048,4096,7168.0
Qwen/Qwen3-8B-Base,49e3418fbbbca6ecbdf9608b4d22e5a407081db4,basiskv_ag,n/a,1,8,64,,,,,,,n/a,bfloat16,NVIDIA L40S,1,basiskv_ag_b1,projection,0.011872000060975552,0.01158399973064661,0.01244799979031086,all_gather,256,256,512,3584.0
Qwen/Qwen3-8B-Base,49e3418fbbbca6ecbdf9608b4d22e5a407081db4,basiskv_ag,n/a,1,8,64,,,,,,,n/a,bfloat16,NVIDIA L40S,1,basiskv_ag_b1,collective,0.01600000075995922,0.015552000142633915,0.016767999157309532,all_gather,256,256,512,3584.0
Qwen/Qwen3-8B-Base,49e3418fbbbca6ecbdf9608b4d22e5a407081db4,basiskv_ag,n/a,1,8,64,,,,,,,n/a,bfloat16,NVIDIA L40S,1,basiskv_ag_b1,reconstruction,0.027424000203609467,0.027295999228954315,0.027615999802947044,all_gather,256,256,512,3584.0
Qwen/Qwen3-8B-Base,49e3418fbbbca6ecbdf9608b4d22e5a407081db4,basiskv_ag,n/a,1,8,64,,,,,,,n/a,bfloat16,NVIDIA L40S,1,basiskv_ag_b1,total,0.044256001710891724,0.043455999344587326,0.045152001082897186,all_gather,256,256,512,3584.0
Qwen/Qwen3-8B-Base,49e3418fbbbca6ecbdf9608b4d22e5a407081db4,dense_ar,n/a,1,8,64,,,,,,,n/a,bfloat16,NVIDIA L40S,2,dense_ar_b1,projection,0.012319999746978283,0.01206399966031313,0.013279999606311321,all_reduce,4096,4096,8192,14336.0
Qwen/Qwen3-8B-Base,49e3418fbbbca6ecbdf9608b4d22e5a407081db4,dense_ar,n/a,1,8,64,,,,,,,n/a,bfloat16,NVIDIA L40S,2,dense_ar_b1,collective,0.03246400132775307,0.03126399964094162,0.03497600182890892,all_reduce,4096,4096,8192,14336.0
Qwen/Qwen3-8B-Base,49e3418fbbbca6ecbdf9608b4d22e5a407081db4,dense_ar,n/a,1,8,64,,,,,,,n/a,bfloat16,NVIDIA L40S,2,dense_ar_b1,reconstruction,0.009759999811649323,0.009375999681651592,0.01027199998497963,all_reduce,4096,4096,8192,14336.0
Qwen/Qwen3-8B-Base,49e3418fbbbca6ecbdf9608b4d22e5a407081db4,dense_ar,n/a,1,8,64,,,,,,,n/a,bfloat16,NVIDIA L40S,2,dense_ar_b1,total,0.0658240020275116,0.06377600133419037,0.07388799637556076,all_reduce,4096,4096,8192,14336.0
Qwen/Qwen3-8B-Base,49e3418fbbbca6ecbdf9608b4d22e5a407081db4,lr_ar_wire,n/a,1,8,64,,,,,,,n/a,bfloat16,NVIDIA L40S,2,lr_ar_wire_b1,projection,0.021104000508785248,0.01600000075995922,0.02393599972128868,all_reduce,1024,1024,2048,3584.0
Qwen/Qwen3-8B-Base,49e3418fbbbca6ecbdf9608b4d22e5a407081db4,lr_ar_wire,n/a,1,8,64,,,,,,,n/a,bfloat16,NVIDIA L40S,2,lr_ar_wire_b1,collective,0.032735999673604965,0.03161599859595299,0.03484800085425377,all_reduce,1024,1024,2048,3584.0
Qwen/Qwen3-8B-Base,49e3418fbbbca6ecbdf9608b4d22e5a407081db4,lr_ar_wire,n/a,1,8,64,,,,,,,n/a,bfloat16,NVIDIA L40S,2,lr_ar_wire_b1,reconstruction,0.01235199999064207,0.012095999903976917,0.013151999562978745,all_reduce,1024,1024,2048,3584.0
Qwen/Qwen3-8B-Base,49e3418fbbbca6ecbdf9608b4d22e5a407081db4,lr_ar_wire,n/a,1,8,64,,,,,,,n/a,bfloat16,NVIDIA L40S,2,lr_ar_wire_b1,total,0.06300800293684006,0.061535999178886414,0.06883200258016586,all_reduce,1024,1024,2048,3584.0
Qwen/Qwen3-8B-Base,49e3418fbbbca6ecbdf9608b4d22e5a407081db4,lr_ar_cap,n/a,1,8,64,,,,,,,n/a,bfloat16,NVIDIA L40S,2,lr_ar_cap_b1,projection,0.01648000068962574,0.015807999297976494,0.02131200022995472,all_reduce,2048,2048,4096,7168.0
Qwen/Qwen3-8B-Base,49e3418fbbbca6ecbdf9608b4d22e5a407081db4,lr_ar_cap,n/a,1,8,64,,,,,,,n/a,bfloat16,NVIDIA L40S,2,lr_ar_cap_b1,collective,0.032607998698949814,0.0315839983522892,0.03776000067591667,all_reduce,2048,2048,4096,7168.0
Qwen/Qwen3-8B-Base,49e3418fbbbca6ecbdf9608b4d22e5a407081db4,lr_ar_cap,n/a,1,8,64,,,,,,,n/a,bfloat16,NVIDIA L40S,2,lr_ar_cap_b1,reconstruction,0.015456000342965126,0.015296000055968761,0.016416000202298164,all_reduce,2048,2048,4096,7168.0
Qwen/Qwen3-8B-Base,49e3418fbbbca6ecbdf9608b4d22e5a407081db4,lr_ar_cap,n/a,1,8,64,,,,,,,n/a,bfloat16,NVIDIA L40S,2,lr_ar_cap_b1,total,0.06507200002670288,0.0634239986538887,0.07212799787521362,all_reduce,2048,2048,4096,7168.0
Qwen/Qwen3-8B-Base,49e3418fbbbca6ecbdf9608b4d22e5a407081db4,c1_ar,n/a,1,8,64,,,,,,,n/a,bfloat16,NVIDIA L40S,2,c1_ar_b1,projection,0.016256000846624374,0.015968000516295433,0.021695999428629875,all_reduce,2048,2048,4096,7168.0
Qwen/Qwen3-8B-Base,49e3418fbbbca6ecbdf9608b4d22e5a407081db4,c1_ar,n/a,1,8,64,,,,,,,n/a,bfloat16,NVIDIA L40S,2,c1_ar_b1,collective,0.03356799855828285,0.03232000023126602,0.03868800029158592,all_reduce,2048,2048,4096,7168.0
Qwen/Qwen3-8B-Base,49e3418fbbbca6ecbdf9608b4d22e5a407081db4,c1_ar,n/a,1,8,64,,,,,,,n/a,bfloat16,NVIDIA L40S,2,c1_ar_b1,reconstruction,0.027343999594449997,0.0272000003606081,0.027583999559283257,all_reduce,2048,2048,4096,7168.0
Qwen/Qwen3-8B-Base,49e3418fbbbca6ecbdf9608b4d22e5a407081db4,c1_ar,n/a,1,8,64,,,,,,,n/a,bfloat16,NVIDIA L40S,2,c1_ar_b1,total,0.07699199765920639,0.07545600086450577,0.08422400057315826,all_reduce,2048,2048,4096,7168.0
Qwen/Qwen3-8B-Base,49e3418fbbbca6ecbdf9608b4d22e5a407081db4,basiskv_ag,n/a,1,8,64,,,,,,,n/a,bfloat16,NVIDIA L40S,2,basiskv_ag_b1,projection,0.014944000169634819,0.011680000461637974,0.017472000792622566,all_gather,256,256,512,3584.0
Qwen/Qwen3-8B-Base,49e3418fbbbca6ecbdf9608b4d22e5a407081db4,basiskv_ag,n/a,1,8,64,,,,,,,n/a,bfloat16,NVIDIA L40S,2,basiskv_ag_b1,collective,0.01611199975013733,0.015584000386297703,0.016896000131964684,all_gather,256,256,512,3584.0
Qwen/Qwen3-8B-Base,49e3418fbbbca6ecbdf9608b4d22e5a407081db4,basiskv_ag,n/a,1,8,64,,,,,,,n/a,bfloat16,NVIDIA L40S,2,basiskv_ag_b1,reconstruction,0.027327999472618103,0.02723200060427189,0.02755199931561947,all_gather,256,256,512,3584.0
Qwen/Qwen3-8B-Base,49e3418fbbbca6ecbdf9608b4d22e5a407081db4,basiskv_ag,n/a,1,8,64,,,,,,,n/a,bfloat16,NVIDIA L40S,2,basiskv_ag_b1,total,0.04428799822926521,0.04364800080657005,0.045184001326560974,all_gather,256,256,512,3584.0
Qwen/Qwen3-8B-Base,49e3418fbbbca6ecbdf9608b4d22e5a407081db4,dense_ar,n/a,2,8,64,,,,,,,n/a,bfloat16,NVIDIA L40S,0,dense_ar_b2,projection,0.012768000364303589,0.012384000234305859,0.015359999611973763,all_reduce,4096,8192,16384,28672.0
Qwen/Qwen3-8B-Base,49e3418fbbbca6ecbdf9608b4d22e5a407081db4,dense_ar,n/a,2,8,64,,,,,,,n/a,bfloat16,NVIDIA L40S,0,dense_ar_b2,collective,0.03310399875044823,0.031968001276254654,0.03532800078392029,all_reduce,4096,8192,16384,28672.0
Qwen/Qwen3-8B-Base,49e3418fbbbca6ecbdf9608b4d22e5a407081db4,dense_ar,n/a,2,8,64,,,,,,,n/a,bfloat16,NVIDIA L40S,0,dense_ar_b2,reconstruction,0.014576000161468983,0.012608000077307224,0.017472000792622566,all_reduce,4096,8192,16384,28672.0
Qwen/Qwen3-8B-Base,49e3418fbbbca6ecbdf9608b4d22e5a407081db4,dense_ar,n/a,2,8,64,,,,,,,n/a,bfloat16,NVIDIA L40S,0,dense_ar_b2,total,0.06913599744439125,0.0679360032081604,0.07539200037717819,all_reduce,4096,8192,16384,28672.0
Qwen/Qwen3-8B-Base,49e3418fbbbca6ecbdf9608b4d22e5a407081db4,lr_ar_wire,n/a,2,8,64,,,,,,,n/a,bfloat16,NVIDIA L40S,0,lr_ar_wire_b2,projection,0.012640000320971012,0.012384000234305859,0.014303999952971935,all_reduce,1024,2048,4096,7168.0
Qwen/Qwen3-8B-Base,49e3418fbbbca6ecbdf9608b4d22e5a407081db4,lr_ar_wire,n/a,2,8,64,,,,,,,n/a,bfloat16,NVIDIA L40S,0,lr_ar_wire_b2,collective,0.032175999134778976,0.03094400092959404,0.03385600075125694,all_reduce,1024,2048,4096,7168.0
Qwen/Qwen3-8B-Base,49e3418fbbbca6ecbdf9608b4d22e5a407081db4,lr_ar_wire,n/a,2,8,64,,,,,,,n/a,bfloat16,NVIDIA L40S,0,lr_ar_wire_b2,reconstruction,0.015056000091135502,0.013824000023305416,0.018239999189972878,all_reduce,1024,2048,4096,7168.0
Qwen/Qwen3-8B-Base,49e3418fbbbca6ecbdf9608b4d22e5a407081db4,lr_ar_wire,n/a,2,8,64,,,,,,,n/a,bfloat16,NVIDIA L40S,0,lr_ar_wire_b2,total,0.06115199998021126,0.0597120001912117,0.06729599833488464,all_reduce,1024,2048,4096,7168.0
Qwen/Qwen3-8B-Base,49e3418fbbbca6ecbdf9608b4d22e5a407081db4,lr_ar_cap,n/a,2,8,64,,,,,,,n/a,bfloat16,NVIDIA L40S,0,lr_ar_cap_b2,projection,0.012608000077307224,0.01235199999064207,0.014431999996304512,all_reduce,2048,4096,8192,14336.0
Qwen/Qwen3-8B-Base,49e3418fbbbca6ecbdf9608b4d22e5a407081db4,lr_ar_cap,n/a,2,8,64,,,,,,,n/a,bfloat16,NVIDIA L40S,0,lr_ar_cap_b2,collective,0.03471999987959862,0.03283200040459633,0.038015998899936676,all_reduce,2048,4096,8192,14336.0
Qwen/Qwen3-8B-Base,49e3418fbbbca6ecbdf9608b4d22e5a407081db4,lr_ar_cap,n/a,2,8,64,,,,,,,n/a,bfloat16,NVIDIA L40S,0,lr_ar_cap_b2,reconstruction,0.016383999958634377,0.01583999954164028,0.01894400082528591,all_reduce,2048,4096,8192,14336.0
Qwen/Qwen3-8B-Base,49e3418fbbbca6ecbdf9608b4d22e5a407081db4,lr_ar_cap,n/a,2,8,64,,,,,,,n/a,bfloat16,NVIDIA L40S,0,lr_ar_cap_b2,total,0.06120000034570694,0.0597120001912117,0.06931199878454208,all_reduce,2048,4096,8192,14336.0
Qwen/Qwen3-8B-Base,49e3418fbbbca6ecbdf9608b4d22e5a407081db4,c1_ar,n/a,2,8,64,,,,,,,n/a,bfloat16,NVIDIA L40S,0,c1_ar_b2,projection,0.016672000288963318,0.016256000846624374,0.021247999742627144,all_reduce,2048,4096,8192,14336.0
Qwen/Qwen3-8B-Base,49e3418fbbbca6ecbdf9608b4d22e5a407081db4,c1_ar,n/a,2,8,64,,,,,,,n/a,bfloat16,NVIDIA L40S,0,c1_ar_b2,collective,0.032175999134778976,0.031136000528931618,0.03455999866127968,all_reduce,2048,4096,8192,14336.0
Qwen/Qwen3-8B-Base,49e3418fbbbca6ecbdf9608b4d22e5a407081db4,c1_ar,n/a,2,8,64,,,,,,,n/a,bfloat16,NVIDIA L40S,0,c1_ar_b2,reconstruction,0.018880000337958336,0.018624000251293182,0.019680000841617584,all_reduce,2048,4096,8192,14336.0
Qwen/Qwen3-8B-Base,49e3418fbbbca6ecbdf9608b4d22e5a407081db4,c1_ar,n/a,2,8,64,,,,,,,n/a,bfloat16,NVIDIA L40S,0,c1_ar_b2,total,0.08380799740552902,0.08137600123882294,0.09350399672985077,all_reduce,2048,4096,8192,14336.0
Qwen/Qwen3-8B-Base,49e3418fbbbca6ecbdf9608b4d22e5a407081db4,basiskv_ag,n/a,2,8,64,,,,,,,n/a,bfloat16,NVIDIA L40S,0,basiskv_ag_b2,projection,0.012000000104308128,0.011776000261306763,0.012703999876976013,all_gather,256,512,1024,7168.0
Qwen/Qwen3-8B-Base,49e3418fbbbca6ecbdf9608b4d22e5a407081db4,basiskv_ag,n/a,2,8,64,,,,,,,n/a,bfloat16,NVIDIA L40S,0,basiskv_ag_b2,collective,0.016992000862956047,0.0163199994713068,0.017920000478625298,all_gather,256,512,1024,7168.0
Qwen/Qwen3-8B-Base,49e3418fbbbca6ecbdf9608b4d22e5a407081db4,basiskv_ag,n/a,2,8,64,,,,,,,n/a,bfloat16,NVIDIA L40S,0,basiskv_ag_b2,reconstruction,0.020560000091791153,0.01929599978029728,0.02783999964594841,all_gather,256,512,1024,7168.0
Qwen/Qwen3-8B-Base,49e3418fbbbca6ecbdf9608b4d22e5a407081db4,basiskv_ag,n/a,2,8,64,,,,,,,n/a,bfloat16,NVIDIA L40S,0,basiskv_ag_b2,total,0.036607999354600906,0.035999998450279236,0.03747199848294258,all_gather,256,512,1024,7168.0
Qwen/Qwen3-8B-Base,49e3418fbbbca6ecbdf9608b4d22e5a407081db4,dense_ar,n/a,2,8,64,,,,,,,n/a,bfloat16,NVIDIA L40S,1,dense_ar_b2,projection,0.012640000320971012,0.01235199999064207,0.014240000396966934,all_reduce,4096,8192,16384,28672.0
Qwen/Qwen3-8B-Base,49e3418fbbbca6ecbdf9608b4d22e5a407081db4,dense_ar,n/a,2,8,64,,,,,,,n/a,bfloat16,NVIDIA L40S,1,dense_ar_b2,collective,0.03296000137925148,0.03187200054526329,0.034623999148607254,all_reduce,4096,8192,16384,28672.0
Qwen/Qwen3-8B-Base,49e3418fbbbca6ecbdf9608b4d22e5a407081db4,dense_ar,n/a,2,8,64,,,,,,,n/a,bfloat16,NVIDIA L40S,1,dense_ar_b2,reconstruction,0.009440000168979168,0.009247999638319016,0.010208000428974628,all_reduce,4096,8192,16384,28672.0
Qwen/Qwen3-8B-Base,49e3418fbbbca6ecbdf9608b4d22e5a407081db4,dense_ar,n/a,2,8,64,,,,,,,n/a,bfloat16,NVIDIA L40S,1,dense_ar_b2,total,0.06889600306749344,0.06761600077152252,0.07459200173616409,all_reduce,4096,8192,16384,28672.0
Qwen/Qwen3-8B-Base,49e3418fbbbca6ecbdf9608b4d22e5a407081db4,lr_ar_wire,n/a,2,8,64,,,,,,,n/a,bfloat16,NVIDIA L40S,1,lr_ar_wire_b2,projection,0.012575999833643436,0.01235199999064207,0.01360000018030405,all_reduce,1024,2048,4096,7168.0
Qwen/Qwen3-8B-Base,49e3418fbbbca6ecbdf9608b4d22e5a407081db4,lr_ar_wire,n/a,2,8,64,,,,,,,n/a,bfloat16,NVIDIA L40S,1,lr_ar_wire_b2,collective,0.03244800120592117,0.031328000128269196,0.03516799956560135,all_reduce,1024,2048,4096,7168.0
Qwen/Qwen3-8B-Base,49e3418fbbbca6ecbdf9608b4d22e5a407081db4,lr_ar_wire,n/a,2,8,64,,,,,,,n/a,bfloat16,NVIDIA L40S,1,lr_ar_wire_b2,reconstruction,0.01414399966597557,0.013856000266969204,0.014976000413298607,all_reduce,1024,2048,4096,7168.0
Qwen/Qwen3-8B-Base,49e3418fbbbca6ecbdf9608b4d22e5a407081db4,lr_ar_wire,n/a,2,8,64,,,,,,,n/a,bfloat16,NVIDIA L40S,1,lr_ar_wire_b2,total,0.06147199869155884,0.05987200140953064,0.06784000247716904,all_reduce,1024,2048,4096,7168.0
Qwen/Qwen3-8B-Base,49e3418fbbbca6ecbdf9608b4d22e5a407081db4,lr_ar_cap,n/a,2,8,64,,,,,,,n/a,bfloat16,NVIDIA L40S,1,lr_ar_cap_b2,projection,0.019471999257802963,0.015296000055968761,0.022816000506281853,all_reduce,2048,4096,8192,14336.0
Qwen/Qwen3-8B-Base,49e3418fbbbca6ecbdf9608b4d22e5a407081db4,lr_ar_cap,n/a,2,8,64,,,,,,,n/a,bfloat16,NVIDIA L40S,1,lr_ar_cap_b2,collective,0.033504001796245575,0.032287999987602234,0.03638400137424469,all_reduce,2048,4096,8192,14336.0
Qwen/Qwen3-8B-Base,49e3418fbbbca6ecbdf9608b4d22e5a407081db4,lr_ar_cap,n/a,2,8,64,,,,,,,n/a,bfloat16,NVIDIA L40S,1,lr_ar_cap_b2,reconstruction,0.01655999943614006,0.01568000018596649,0.02115200087428093,all_reduce,2048,4096,8192,14336.0
Qwen/Qwen3-8B-Base,49e3418fbbbca6ecbdf9608b4d22e5a407081db4,lr_ar_cap,n/a,2,8,64,,,,,,,n/a,bfloat16,NVIDIA L40S,1,lr_ar_cap_b2,total,0.06102399900555611,0.05958399921655655,0.06508799642324448,all_reduce,2048,4096,8192,14336.0
Qwen/Qwen3-8B-Base,49e3418fbbbca6ecbdf9608b4d22e5a407081db4,c1_ar,n/a,2,8,64,,,,,,,n/a,bfloat16,NVIDIA L40S,1,c1_ar_b2,projection,0.016623999923467636,0.016256000846624374,0.0197759997099638,all_reduce,2048,4096,8192,14336.0
Qwen/Qwen3-8B-Base,49e3418fbbbca6ecbdf9608b4d22e5a407081db4,c1_ar,n/a,2,8,64,,,,,,,n/a,bfloat16,NVIDIA L40S,1,c1_ar_b2,collective,0.03254399821162224,0.03152000159025192,0.034272000193595886,all_reduce,2048,4096,8192,14336.0
Qwen/Qwen3-8B-Base,49e3418fbbbca6ecbdf9608b4d22e5a407081db4,c1_ar,n/a,2,8,64,,,,,,,n/a,bfloat16,NVIDIA L40S,1,c1_ar_b2,reconstruction,0.019039999693632126,0.018719999119639397,0.020096000283956528,all_reduce,2048,4096,8192,14336.0
Qwen/Qwen3-8B-Base,49e3418fbbbca6ecbdf9608b4d22e5a407081db4,c1_ar,n/a,2,8,64,,,,,,,n/a,bfloat16,NVIDIA L40S,1,c1_ar_b2,total,0.08367999643087387,0.08191999793052673,0.09068799763917923,all_reduce,2048,4096,8192,14336.0
Qwen/Qwen3-8B-Base,49e3418fbbbca6ecbdf9608b4d22e5a407081db4,basiskv_ag,n/a,2,8,64,,,,,,,n/a,bfloat16,NVIDIA L40S,1,basiskv_ag_b2,projection,0.01929599978029728,0.017791999503970146,0.022112000733613968,all_gather,256,512,1024,7168.0
Qwen/Qwen3-8B-Base,49e3418fbbbca6ecbdf9608b4d22e5a407081db4,basiskv_ag,n/a,2,8,64,,,,,,,n/a,bfloat16,NVIDIA L40S,1,basiskv_ag_b2,collective,0.016688000410795212,0.0161920003592968,0.017503999173641205,all_gather,256,512,1024,7168.0
Qwen/Qwen3-8B-Base,49e3418fbbbca6ecbdf9608b4d22e5a407081db4,basiskv_ag,n/a,2,8,64,,,,,,,n/a,bfloat16,NVIDIA L40S,1,basiskv_ag_b2,reconstruction,0.019039999693632126,0.018624000251293182,0.025119999423623085,all_gather,256,512,1024,7168.0
Qwen/Qwen3-8B-Base,49e3418fbbbca6ecbdf9608b4d22e5a407081db4,basiskv_ag,n/a,2,8,64,,,,,,,n/a,bfloat16,NVIDIA L40S,1,basiskv_ag_b2,total,0.03680000081658363,0.0360959991812706,0.03753599897027016,all_gather,256,512,1024,7168.0
Qwen/Qwen3-8B-Base,49e3418fbbbca6ecbdf9608b4d22e5a407081db4,dense_ar,n/a,2,8,64,,,,,,,n/a,bfloat16,NVIDIA L40S,2,dense_ar_b2,projection,0.012575999833643436,0.012319999746978283,0.013151999562978745,all_reduce,4096,8192,16384,28672.0
Qwen/Qwen3-8B-Base,49e3418fbbbca6ecbdf9608b4d22e5a407081db4,dense_ar,n/a,2,8,64,,,,,,,n/a,bfloat16,NVIDIA L40S,2,dense_ar_b2,collective,0.03286400064826012,0.03177599981427193,0.034623999148607254,all_reduce,4096,8192,16384,28672.0
Qwen/Qwen3-8B-Base,49e3418fbbbca6ecbdf9608b4d22e5a407081db4,dense_ar,n/a,2,8,64,,,,,,,n/a,bfloat16,NVIDIA L40S,2,dense_ar_b2,reconstruction,0.009440000168979168,0.009247999638319016,0.010432000271975994,all_reduce,4096,8192,16384,28672.0
Qwen/Qwen3-8B-Base,49e3418fbbbca6ecbdf9608b4d22e5a407081db4,dense_ar,n/a,2,8,64,,,,,,,n/a,bfloat16,NVIDIA L40S,2,dense_ar_b2,total,0.0687520019710064,0.06707199662923813,0.07407999783754349,all_reduce,4096,8192,16384,28672.0
Qwen/Qwen3-8B-Base,49e3418fbbbca6ecbdf9608b4d22e5a407081db4,lr_ar_wire,n/a,2,8,64,,,,,,,n/a,bfloat16,NVIDIA L40S,2,lr_ar_wire_b2,projection,0.012703999876976013,0.01244799979031086,0.013728000223636627,all_reduce,1024,2048,4096,7168.0
Qwen/Qwen3-8B-Base,49e3418fbbbca6ecbdf9608b4d22e5a407081db4,lr_ar_wire,n/a,2,8,64,,,,,,,n/a,bfloat16,NVIDIA L40S,2,lr_ar_wire_b2,collective,0.03230400010943413,0.03129599988460541,0.034912001341581345,all_reduce,1024,2048,4096,7168.0
Qwen/Qwen3-8B-Base,49e3418fbbbca6ecbdf9608b4d22e5a407081db4,lr_ar_wire,n/a,2,8,64,,,,,,,n/a,bfloat16,NVIDIA L40S,2,lr_ar_wire_b2,reconstruction,0.014047999866306782,0.013791999779641628,0.014944000169634819,all_reduce,1024,2048,4096,7168.0
Qwen/Qwen3-8B-Base,49e3418fbbbca6ecbdf9608b4d22e5a407081db4,lr_ar_wire,n/a,2,8,64,,,,,,,n/a,bfloat16,NVIDIA L40S,2,lr_ar_wire_b2,total,0.06385600194334984,0.06128000095486641,0.06940799951553345,all_reduce,1024,2048,4096,7168.0
Qwen/Qwen3-8B-Base,49e3418fbbbca6ecbdf9608b4d22e5a407081db4,lr_ar_cap,n/a,2,8,64,,,,,,,n/a,bfloat16,NVIDIA L40S,2,lr_ar_cap_b2,projection,0.01576000079512596,0.012543999589979649,0.018783999606966972,all_reduce,2048,4096,8192,14336.0
Qwen/Qwen3-8B-Base,49e3418fbbbca6ecbdf9608b4d22e5a407081db4,lr_ar_cap,n/a,2,8,64,,,,,,,n/a,bfloat16,NVIDIA L40S,2,lr_ar_cap_b2,collective,0.03315199911594391,0.0315839983522892,0.03593600168824196,all_reduce,2048,4096,8192,14336.0
Qwen/Qwen3-8B-Base,49e3418fbbbca6ecbdf9608b4d22e5a407081db4,lr_ar_cap,n/a,2,8,64,,,,,,,n/a,bfloat16,NVIDIA L40S,2,lr_ar_cap_b2,reconstruction,0.015807999297976494,0.015359999611973763,0.017503999173641205,all_reduce,2048,4096,8192,14336.0
Qwen/Qwen3-8B-Base,49e3418fbbbca6ecbdf9608b4d22e5a407081db4,lr_ar_cap,n/a,2,8,64,,,,,,,n/a,bfloat16,NVIDIA L40S,2,lr_ar_cap_b2,total,0.06155199930071831,0.059167999774217606,0.06598400324583054,all_reduce,2048,4096,8192,14336.0
Qwen/Qwen3-8B-Base,49e3418fbbbca6ecbdf9608b4d22e5a407081db4,c1_ar,n/a,2,8,64,,,,,,,n/a,bfloat16,NVIDIA L40S,2,c1_ar_b2,projection,0.016607999801635742,0.016287999227643013,0.02191999927163124,all_reduce,2048,4096,8192,14336.0
Qwen/Qwen3-8B-Base,49e3418fbbbca6ecbdf9608b4d22e5a407081db4,c1_ar,n/a,2,8,64,,,,,,,n/a,bfloat16,NVIDIA L40S,2,c1_ar_b2,collective,0.03300799988210201,0.03171199932694435,0.03532800078392029,all_reduce,2048,4096,8192,14336.0
Qwen/Qwen3-8B-Base,49e3418fbbbca6ecbdf9608b4d22e5a407081db4,c1_ar,n/a,2,8,64,,,,,,,n/a,bfloat16,NVIDIA L40S,2,c1_ar_b2,reconstruction,0.018799999728798866,0.018592000007629395,0.019807999953627586,all_reduce,2048,4096,8192,14336.0
Qwen/Qwen3-8B-Base,49e3418fbbbca6ecbdf9608b4d22e5a407081db4,c1_ar,n/a,2,8,64,,,,,,,n/a,bfloat16,NVIDIA L40S,2,c1_ar_b2,total,0.08443200215697289,0.08124800026416779,0.09487999975681305,all_reduce,2048,4096,8192,14336.0
Qwen/Qwen3-8B-Base,49e3418fbbbca6ecbdf9608b4d22e5a407081db4,basiskv_ag,n/a,2,8,64,,,,,,,n/a,bfloat16,NVIDIA L40S,2,basiskv_ag_b2,projection,0.012223999947309494,0.01190400030463934,0.015168000012636185,all_gather,256,512,1024,7168.0
Qwen/Qwen3-8B-Base,49e3418fbbbca6ecbdf9608b4d22e5a407081db4,basiskv_ag,n/a,2,8,64,,,,,,,n/a,bfloat16,NVIDIA L40S,2,basiskv_ag_b2,collective,0.016815999522805214,0.016224000602960587,0.017855999991297722,all_gather,256,512,1024,7168.0
Qwen/Qwen3-8B-Base,49e3418fbbbca6ecbdf9608b4d22e5a407081db4,basiskv_ag,n/a,2,8,64,,,,,,,n/a,bfloat16,NVIDIA L40S,2,basiskv_ag_b2,reconstruction,0.018848000094294548,0.018592000007629395,0.02038400061428547,all_gather,256,512,1024,7168.0
Qwen/Qwen3-8B-Base,49e3418fbbbca6ecbdf9608b4d22e5a407081db4,basiskv_ag,n/a,2,8,64,,,,,,,n/a,bfloat16,NVIDIA L40S,2,basiskv_ag_b2,total,0.036687999963760376,0.03593600168824196,0.03734400123357773,all_gather,256,512,1024,7168.0
Qwen/Qwen3-8B-Base,49e3418fbbbca6ecbdf9608b4d22e5a407081db4,dense_ar,n/a,4,8,64,,,,,,,n/a,bfloat16,NVIDIA L40S,0,dense_ar_b4,projection,0.012640000320971012,0.012319999746978283,0.013856000266969204,all_reduce,4096,16384,32768,57344.0
Qwen/Qwen3-8B-Base,49e3418fbbbca6ecbdf9608b4d22e5a407081db4,dense_ar,n/a,4,8,64,,,,,,,n/a,bfloat16,NVIDIA L40S,0,dense_ar_b4,collective,0.03190400078892708,0.030880000442266464,0.03481600061058998,all_reduce,4096,16384,32768,57344.0
Qwen/Qwen3-8B-Base,49e3418fbbbca6ecbdf9608b4d22e5a407081db4,dense_ar,n/a,4,8,64,,,,,,,n/a,bfloat16,NVIDIA L40S,0,dense_ar_b4,reconstruction,0.009535999968647957,0.009279999881982803,0.010080000385642052,all_reduce,4096,16384,32768,57344.0
Qwen/Qwen3-8B-Base,49e3418fbbbca6ecbdf9608b4d22e5a407081db4,dense_ar,n/a,4,8,64,,,,,,,n/a,bfloat16,NVIDIA L40S,0,dense_ar_b4,total,0.06889600306749344,0.06755200028419495,0.07311999797821045,all_reduce,4096,16384,32768,57344.0
Qwen/Qwen3-8B-Base,49e3418fbbbca6ecbdf9608b4d22e5a407081db4,lr_ar_wire,n/a,4,8,64,,,,,,,n/a,bfloat16,NVIDIA L40S,0,lr_ar_wire_b4,projection,0.01820800080895424,0.012415999546647072,0.021695999428629875,all_reduce,1024,4096,8192,14336.0
Qwen/Qwen3-8B-Base,49e3418fbbbca6ecbdf9608b4d22e5a407081db4,lr_ar_wire,n/a,4,8,64,,,,,,,n/a,bfloat16,NVIDIA L40S,0,lr_ar_wire_b4,collective,0.033424001187086105,0.03187200054526329,0.03728000074625015,all_reduce,1024,4096,8192,14336.0
Qwen/Qwen3-8B-Base,49e3418fbbbca6ecbdf9608b4d22e5a407081db4,lr_ar_wire,n/a,4,8,64,,,,,,,n/a,bfloat16,NVIDIA L40S,0,lr_ar_wire_b4,reconstruction,0.01414399966597557,0.013952000066637993,0.016127999871969223,all_reduce,1024,4096,8192,14336.0
Qwen/Qwen3-8B-Base,49e3418fbbbca6ecbdf9608b4d22e5a407081db4,lr_ar_wire,n/a,4,8,64,,,,,,,n/a,bfloat16,NVIDIA L40S,0,lr_ar_wire_b4,total,0.05961599946022034,0.05827200040221214,0.06480000168085098,all_reduce,1024,4096,8192,14336.0
Qwen/Qwen3-8B-Base,49e3418fbbbca6ecbdf9608b4d22e5a407081db4,lr_ar_cap,n/a,4,8,64,,,,,,,n/a,bfloat16,NVIDIA L40S,0,lr_ar_cap_b4,projection,0.012527999933809042,0.01228800043463707,0.013472000136971474,all_reduce,2048,8192,16384,28672.0
Qwen/Qwen3-8B-Base,49e3418fbbbca6ecbdf9608b4d22e5a407081db4,lr_ar_cap,n/a,4,8,64,,,,,,,n/a,bfloat16,NVIDIA L40S,0,lr_ar_cap_b4,collective,0.03315199911594391,0.0318400003015995,0.03545600175857544,all_reduce,2048,8192,16384,28672.0
Qwen/Qwen3-8B-Base,49e3418fbbbca6ecbdf9608b4d22e5a407081db4,lr_ar_cap,n/a,4,8,64,,,,,,,n/a,bfloat16,NVIDIA L40S,0,lr_ar_cap_b4,reconstruction,0.015968000516295433,0.015552000142633915,0.019168000668287277,all_reduce,2048,8192,16384,28672.0
Qwen/Qwen3-8B-Base,49e3418fbbbca6ecbdf9608b4d22e5a407081db4,lr_ar_cap,n/a,4,8,64,,,,,,,n/a,bfloat16,NVIDIA L40S,0,lr_ar_cap_b4,total,0.06068800017237663,0.05929600074887276,0.06576000154018402,all_reduce,2048,8192,16384,28672.0
Qwen/Qwen3-8B-Base,49e3418fbbbca6ecbdf9608b4d22e5a407081db4,c1_ar,n/a,4,8,64,,,,,,,n/a,bfloat16,NVIDIA L40S,0,c1_ar_b4,projection,0.01651199907064438,0.0161920003592968,0.021344000473618507,all_reduce,2048,8192,16384,28672.0
Qwen/Qwen3-8B-Base,49e3418fbbbca6ecbdf9608b4d22e5a407081db4,c1_ar,n/a,4,8,64,,,,,,,n/a,bfloat16,NVIDIA L40S,0,c1_ar_b4,collective,0.03203200176358223,0.029920000582933426,0.03497600182890892,all_reduce,2048,8192,16384,28672.0
Qwen/Qwen3-8B-Base,49e3418fbbbca6ecbdf9608b4d22e5a407081db4,c1_ar,n/a,4,8,64,,,,,,,n/a,bfloat16,NVIDIA L40S,0,c1_ar_b4,reconstruction,0.024047999642789364,0.018592000007629395,0.029279999434947968,all_reduce,2048,8192,16384,28672.0
Qwen/Qwen3-8B-Base,49e3418fbbbca6ecbdf9608b4d22e5a407081db4,c1_ar,n/a,4,8,64,,,,,,,n/a,bfloat16,NVIDIA L40S,0,c1_ar_b4,total,0.08353600278496742,0.08166400343179703,0.0923520028591156,all_reduce,2048,8192,16384,28672.0
Qwen/Qwen3-8B-Base,49e3418fbbbca6ecbdf9608b4d22e5a407081db4,basiskv_ag,n/a,4,8,64,,,,,,,n/a,bfloat16,NVIDIA L40S,0,basiskv_ag_b4,projection,0.012032000347971916,0.011744000017642975,0.014047999866306782,all_gather,256,1024,2048,14336.0
Qwen/Qwen3-8B-Base,49e3418fbbbca6ecbdf9608b4d22e5a407081db4,basiskv_ag,n/a,4,8,64,,,,,,,n/a,bfloat16,NVIDIA L40S,0,basiskv_ag_b4,collective,0.017855999991297722,0.01724799908697605,0.018688000738620758,all_gather,256,1024,2048,14336.0
Qwen/Qwen3-8B-Base,49e3418fbbbca6ecbdf9608b4d22e5a407081db4,basiskv_ag,n/a,4,8,64,,,,,,,n/a,bfloat16,NVIDIA L40S,0,basiskv_ag_b4,reconstruction,0.018783999606966972,0.018559999763965607,0.019711999222636223,all_gather,256,1024,2048,14336.0
Qwen/Qwen3-8B-Base,49e3418fbbbca6ecbdf9608b4d22e5a407081db4,basiskv_ag,n/a,4,8,64,,,,,,,n/a,bfloat16,NVIDIA L40S,0,basiskv_ag_b4,total,0.03924799896776676,0.03711999952793121,0.05104000121355057,all_gather,256,1024,2048,14336.0
Qwen/Qwen3-8B-Base,49e3418fbbbca6ecbdf9608b4d22e5a407081db4,dense_ar,n/a,4,8,64,,,,,,,n/a,bfloat16,NVIDIA L40S,1,dense_ar_b4,projection,0.012608000077307224,0.01235199999064207,0.013472000136971474,all_reduce,4096,16384,32768,57344.0
Qwen/Qwen3-8B-Base,49e3418fbbbca6ecbdf9608b4d22e5a407081db4,dense_ar,n/a,4,8,64,,,,,,,n/a,bfloat16,NVIDIA L40S,1,dense_ar_b4,collective,0.033055998384952545,0.03177599981427193,0.034912001341581345,all_reduce,4096,16384,32768,57344.0
Qwen/Qwen3-8B-Base,49e3418fbbbca6ecbdf9608b4d22e5a407081db4,dense_ar,n/a,4,8,64,,,,,,,n/a,bfloat16,NVIDIA L40S,1,dense_ar_b4,reconstruction,0.009472000412642956,0.009216000325977802,0.010623999871313572,all_reduce,4096,16384,32768,57344.0
Qwen/Qwen3-8B-Base,49e3418fbbbca6ecbdf9608b4d22e5a407081db4,dense_ar,n/a,4,8,64,,,,,,,n/a,bfloat16,NVIDIA L40S,1,dense_ar_b4,total,0.06894400343298912,0.06726399809122086,0.0756480023264885,all_reduce,4096,16384,32768,57344.0
Qwen/Qwen3-8B-Base,49e3418fbbbca6ecbdf9608b4d22e5a407081db4,lr_ar_wire,n/a,4,8,64,,,,,,,n/a,bfloat16,NVIDIA L40S,1,lr_ar_wire_b4,projection,0.01889600045979023,0.012608000077307224,0.02179200015962124,all_reduce,1024,4096,8192,14336.0
Qwen/Qwen3-8B-Base,49e3418fbbbca6ecbdf9608b4d22e5a407081db4,lr_ar_wire,n/a,4,8,64,,,,,,,n/a,bfloat16,NVIDIA L40S,1,lr_ar_wire_b4,collective,0.0331839993596077,0.03155200183391571,0.03936000168323517,all_reduce,1024,4096,8192,14336.0
Qwen/Qwen3-8B-Base,49e3418fbbbca6ecbdf9608b4d22e5a407081db4,lr_ar_wire,n/a,4,8,64,,,,,,,n/a,bfloat16,NVIDIA L40S,1,lr_ar_wire_b4,reconstruction,0.01408000010997057,0.013856000266969204,0.014751999638974667,all_reduce,1024,4096,8192,14336.0
Qwen/Qwen3-8B-Base,49e3418fbbbca6ecbdf9608b4d22e5a407081db4,lr_ar_wire,n/a,4,8,64,,,,,,,n/a,bfloat16,NVIDIA L40S,1,lr_ar_wire_b4,total,0.060864001512527466,0.059167999774217606,0.06780800223350525,all_reduce,1024,4096,8192,14336.0
Qwen/Qwen3-8B-Base,49e3418fbbbca6ecbdf9608b4d22e5a407081db4,lr_ar_cap,n/a,4,8,64,,,,,,,n/a,bfloat16,NVIDIA L40S,1,lr_ar_cap_b4,projection,0.012608000077307224,0.01235199999064207,0.013567999936640263,all_reduce,2048,8192,16384,28672.0
Qwen/Qwen3-8B-Base,49e3418fbbbca6ecbdf9608b4d22e5a407081db4,lr_ar_cap,n/a,4,8,64,,,,,,,n/a,bfloat16,NVIDIA L40S,1,lr_ar_cap_b4,collective,0.03203200176358223,0.031007999554276466,0.03478400036692619,all_reduce,2048,8192,16384,28672.0
Qwen/Qwen3-8B-Base,49e3418fbbbca6ecbdf9608b4d22e5a407081db4,lr_ar_cap,n/a,4,8,64,,,,,,,n/a,bfloat16,NVIDIA L40S,1,lr_ar_cap_b4,reconstruction,0.015728000551462173,0.015296000055968761,0.017503999173641205,all_reduce,2048,8192,16384,28672.0
Qwen/Qwen3-8B-Base,49e3418fbbbca6ecbdf9608b4d22e5a407081db4,lr_ar_cap,n/a,4,8,64,,,,,,,n/a,bfloat16,NVIDIA L40S,1,lr_ar_cap_b4,total,0.06070400029420853,0.05881600081920624,0.06755200028419495,all_reduce,2048,8192,16384,28672.0
Qwen/Qwen3-8B-Base,49e3418fbbbca6ecbdf9608b4d22e5a407081db4,c1_ar,n/a,4,8,64,,,,,,,n/a,bfloat16,NVIDIA L40S,1,c1_ar_b4,projection,0.017424000427126884,0.016224000602960587,0.02816000021994114,all_reduce,2048,8192,16384,28672.0
Qwen/Qwen3-8B-Base,49e3418fbbbca6ecbdf9608b4d22e5a407081db4,c1_ar,n/a,4,8,64,,,,,,,n/a,bfloat16,NVIDIA L40S,1,c1_ar_b4,collective,0.033344000577926636,0.03177599981427193,0.03641600161790848,all_reduce,2048,8192,16384,28672.0
Qwen/Qwen3-8B-Base,49e3418fbbbca6ecbdf9608b4d22e5a407081db4,c1_ar,n/a,4,8,64,,,,,,,n/a,bfloat16,NVIDIA L40S,1,c1_ar_b4,reconstruction,0.024879999458789825,0.020608000457286835,0.0272000003606081,all_reduce,2048,8192,16384,28672.0
Qwen/Qwen3-8B-Base,49e3418fbbbca6ecbdf9608b4d22e5a407081db4,c1_ar,n/a,4,8,64,,,,,,,n/a,bfloat16,NVIDIA L40S,1,c1_ar_b4,total,0.0846560001373291,0.08303999900817871,0.09052799642086029,all_reduce,2048,8192,16384,28672.0
Qwen/Qwen3-8B-Base,49e3418fbbbca6ecbdf9608b4d22e5a407081db4,basiskv_ag,n/a,4,8,64,,,,,,,n/a,bfloat16,NVIDIA L40S,1,basiskv_ag_b4,projection,0.01196799986064434,0.011711999773979187,0.012864000163972378,all_gather,256,1024,2048,14336.0
Qwen/Qwen3-8B-Base,49e3418fbbbca6ecbdf9608b4d22e5a407081db4,basiskv_ag,n/a,4,8,64,,,,,,,n/a,bfloat16,NVIDIA L40S,1,basiskv_ag_b4,collective,0.017855999991297722,0.017311999574303627,0.018688000738620758,all_gather,256,1024,2048,14336.0
Qwen/Qwen3-8B-Base,49e3418fbbbca6ecbdf9608b4d22e5a407081db4,basiskv_ag,n/a,4,8,64,,,,,,,n/a,bfloat16,NVIDIA L40S,1,basiskv_ag_b4,reconstruction,0.01896000001579523,0.01865600049495697,0.020255999639630318,all_gather,256,1024,2048,14336.0
Qwen/Qwen3-8B-Base,49e3418fbbbca6ecbdf9608b4d22e5a407081db4,basiskv_ag,n/a,4,8,64,,,,,,,n/a,bfloat16,NVIDIA L40S,1,basiskv_ag_b4,total,0.03747199848294258,0.036896001547575,0.03824000060558319,all_gather,256,1024,2048,14336.0
Qwen/Qwen3-8B-Base,49e3418fbbbca6ecbdf9608b4d22e5a407081db4,dense_ar,n/a,4,8,64,,,,,,,n/a,bfloat16,NVIDIA L40S,2,dense_ar_b4,projection,0.012671999633312225,0.012415999546647072,0.013632000423967838,all_reduce,4096,16384,32768,57344.0
Qwen/Qwen3-8B-Base,49e3418fbbbca6ecbdf9608b4d22e5a407081db4,dense_ar,n/a,4,8,64,,,,,,,n/a,bfloat16,NVIDIA L40S,2,dense_ar_b4,collective,0.0326399989426136,0.03152000159025192,0.034591998904943466,all_reduce,4096,16384,32768,57344.0
Qwen/Qwen3-8B-Base,49e3418fbbbca6ecbdf9608b4d22e5a407081db4,dense_ar,n/a,4,8,64,,,,,,,n/a,bfloat16,NVIDIA L40S,2,dense_ar_b4,reconstruction,0.009503999724984169,0.009279999881982803,0.009952000342309475,all_reduce,4096,16384,32768,57344.0
Qwen/Qwen3-8B-Base,49e3418fbbbca6ecbdf9608b4d22e5a407081db4,dense_ar,n/a,4,8,64,,,,,,,n/a,bfloat16,NVIDIA L40S,2,dense_ar_b4,total,0.07028799876570702,0.06656000018119812,0.07705599814653397,all_reduce,4096,16384,32768,57344.0
Qwen/Qwen3-8B-Base,49e3418fbbbca6ecbdf9608b4d22e5a407081db4,lr_ar_wire,n/a,4,8,64,,,,,,,n/a,bfloat16,NVIDIA L40S,2,lr_ar_wire_b4,projection,0.012736000120639801,0.01244799979031086,0.013952000066637993,all_reduce,1024,4096,8192,14336.0
Qwen/Qwen3-8B-Base,49e3418fbbbca6ecbdf9608b4d22e5a407081db4,lr_ar_wire,n/a,4,8,64,,,,,,,n/a,bfloat16,NVIDIA L40S,2,lr_ar_wire_b4,collective,0.033344000577926636,0.03200000151991844,0.03561599925160408,all_reduce,1024,4096,8192,14336.0
Qwen/Qwen3-8B-Base,49e3418fbbbca6ecbdf9608b4d22e5a407081db4,lr_ar_wire,n/a,4,8,64,,,,,,,n/a,bfloat16,NVIDIA L40S,2,lr_ar_wire_b4,reconstruction,0.014112000353634357,0.013887999579310417,0.015039999969303608,all_reduce,1024,4096,8192,14336.0
Qwen/Qwen3-8B-Base,49e3418fbbbca6ecbdf9608b4d22e5a407081db4,lr_ar_wire,n/a,4,8,64,,,,,,,n/a,bfloat16,NVIDIA L40S,2,lr_ar_wire_b4,total,0.06286400184035301,0.05939200147986412,0.069023996591568,all_reduce,1024,4096,8192,14336.0
Qwen/Qwen3-8B-Base,49e3418fbbbca6ecbdf9608b4d22e5a407081db4,lr_ar_cap,n/a,4,8,64,,,,,,,n/a,bfloat16,NVIDIA L40S,2,lr_ar_cap_b4,projection,0.01259199995547533,0.01228800043463707,0.013824000023305416,all_reduce,2048,8192,16384,28672.0
Qwen/Qwen3-8B-Base,49e3418fbbbca6ecbdf9608b4d22e5a407081db4,lr_ar_cap,n/a,4,8,64,,,,,,,n/a,bfloat16,NVIDIA L40S,2,lr_ar_cap_b4,collective,0.031808000057935715,0.030112000182271004,0.04150399938225746,all_reduce,2048,8192,16384,28672.0
Qwen/Qwen3-8B-Base,49e3418fbbbca6ecbdf9608b4d22e5a407081db4,lr_ar_cap,n/a,4,8,64,,,,,,,n/a,bfloat16,NVIDIA L40S,2,lr_ar_cap_b4,reconstruction,0.015807999297976494,0.015456000342965126,0.01897599920630455,all_reduce,2048,8192,16384,28672.0
Qwen/Qwen3-8B-Base,49e3418fbbbca6ecbdf9608b4d22e5a407081db4,lr_ar_cap,n/a,4,8,64,,,,,,,n/a,bfloat16,NVIDIA L40S,2,lr_ar_cap_b4,total,0.06092799827456474,0.05936000123620033,0.06566400080919266,all_reduce,2048,8192,16384,28672.0
Qwen/Qwen3-8B-Base,49e3418fbbbca6ecbdf9608b4d22e5a407081db4,c1_ar,n/a,4,8,64,,,,,,,n/a,bfloat16,NVIDIA L40S,2,c1_ar_b4,projection,0.027904000133275986,0.02348800003528595,0.03203200176358223,all_reduce,2048,8192,16384,28672.0
Qwen/Qwen3-8B-Base,49e3418fbbbca6ecbdf9608b4d22e5a407081db4,c1_ar,n/a,4,8,64,,,,,,,n/a,bfloat16,NVIDIA L40S,2,c1_ar_b4,collective,0.03347200155258179,0.032255999743938446,0.039583999663591385,all_reduce,2048,8192,16384,28672.0
Qwen/Qwen3-8B-Base,49e3418fbbbca6ecbdf9608b4d22e5a407081db4,c1_ar,n/a,4,8,64,,,,,,,n/a,bfloat16,NVIDIA L40S,2,c1_ar_b4,reconstruction,0.018880000337958336,0.018624000251293182,0.020128000527620316,all_reduce,2048,8192,16384,28672.0
Qwen/Qwen3-8B-Base,49e3418fbbbca6ecbdf9608b4d22e5a407081db4,c1_ar,n/a,4,8,64,,,,,,,n/a,bfloat16,NVIDIA L40S,2,c1_ar_b4,total,0.08417600020766258,0.0820159986615181,0.09305600076913834,all_reduce,2048,8192,16384,28672.0
Qwen/Qwen3-8B-Base,49e3418fbbbca6ecbdf9608b4d22e5a407081db4,basiskv_ag,n/a,4,8,64,,,,,,,n/a,bfloat16,NVIDIA L40S,2,basiskv_ag_b4,projection,0.01206399966031313,0.011807999573647976,0.012992000207304955,all_gather,256,1024,2048,14336.0
Qwen/Qwen3-8B-Base,49e3418fbbbca6ecbdf9608b4d22e5a407081db4,basiskv_ag,n/a,4,8,64,,,,,,,n/a,bfloat16,NVIDIA L40S,2,basiskv_ag_b4,collective,0.01780799962580204,0.017184000462293625,0.018688000738620758,all_gather,256,1024,2048,14336.0
Qwen/Qwen3-8B-Base,49e3418fbbbca6ecbdf9608b4d22e5a407081db4,basiskv_ag,n/a,4,8,64,,,,,,,n/a,bfloat16,NVIDIA L40S,2,basiskv_ag_b4,reconstruction,0.01897599920630455,0.018624000251293182,0.019967999309301376,all_gather,256,1024,2048,14336.0
Qwen/Qwen3-8B-Base,49e3418fbbbca6ecbdf9608b4d22e5a407081db4,basiskv_ag,n/a,4,8,64,,,,,,,n/a,bfloat16,NVIDIA L40S,2,basiskv_ag_b4,total,0.03747199848294258,0.036959998309612274,0.03840000182390213,all_gather,256,1024,2048,14336.0
Qwen/Qwen3-8B-Base,49e3418fbbbca6ecbdf9608b4d22e5a407081db4,dense_ar,n/a,8,8,64,,,,,,,n/a,bfloat16,NVIDIA L40S,0,dense_ar_b8,projection,0.012640000320971012,0.01235199999064207,0.013728000223636627,all_reduce,4096,32768,65536,114688.0
Qwen/Qwen3-8B-Base,49e3418fbbbca6ecbdf9608b4d22e5a407081db4,dense_ar,n/a,8,8,64,,,,,,,n/a,bfloat16,NVIDIA L40S,0,dense_ar_b8,collective,0.03377600014209747,0.032416000962257385,0.03680000081658363,all_reduce,4096,32768,65536,114688.0
Qwen/Qwen3-8B-Base,49e3418fbbbca6ecbdf9608b4d22e5a407081db4,dense_ar,n/a,8,8,64,,,,,,,n/a,bfloat16,NVIDIA L40S,0,dense_ar_b8,reconstruction,0.009503999724984169,0.009279999881982803,0.01017600018531084,all_reduce,4096,32768,65536,114688.0
Qwen/Qwen3-8B-Base,49e3418fbbbca6ecbdf9608b4d22e5a407081db4,dense_ar,n/a,8,8,64,,,,,,,n/a,bfloat16,NVIDIA L40S,0,dense_ar_b8,total,0.07028799876570702,0.06867200136184692,0.07500799745321274,all_reduce,4096,32768,65536,114688.0
Qwen/Qwen3-8B-Base,49e3418fbbbca6ecbdf9608b4d22e5a407081db4,lr_ar_wire,n/a,8,8,64,,,,,,,n/a,bfloat16,NVIDIA L40S,0,lr_ar_wire_b8,projection,0.012640000320971012,0.01235199999064207,0.013535999692976475,all_reduce,1024,8192,16384,28672.0
Qwen/Qwen3-8B-Base,49e3418fbbbca6ecbdf9608b4d22e5a407081db4,lr_ar_wire,n/a,8,8,64,,,,,,,n/a,bfloat16,NVIDIA L40S,0,lr_ar_wire_b8,collective,0.032575998455286026,0.031231999397277832,0.03500799834728241,all_reduce,1024,8192,16384,28672.0
Qwen/Qwen3-8B-Base,49e3418fbbbca6ecbdf9608b4d22e5a407081db4,lr_ar_wire,n/a,8,8,64,,,,,,,n/a,bfloat16,NVIDIA L40S,0,lr_ar_wire_b8,reconstruction,0.01408000010997057,0.013856000266969204,0.014944000169634819,all_reduce,1024,8192,16384,28672.0
Qwen/Qwen3-8B-Base,49e3418fbbbca6ecbdf9608b4d22e5a407081db4,lr_ar_wire,n/a,8,8,64,,,,,,,n/a,bfloat16,NVIDIA L40S,0,lr_ar_wire_b8,total,0.06092799827456474,0.059647999703884125,0.06620799750089645,all_reduce,1024,8192,16384,28672.0
Qwen/Qwen3-8B-Base,49e3418fbbbca6ecbdf9608b4d22e5a407081db4,lr_ar_cap,n/a,8,8,64,,,,,,,n/a,bfloat16,NVIDIA L40S,0,lr_ar_cap_b8,projection,0.012608000077307224,0.01228800043463707,0.019392000511288643,all_reduce,2048,16384,32768,57344.0
Qwen/Qwen3-8B-Base,49e3418fbbbca6ecbdf9608b4d22e5a407081db4,lr_ar_cap,n/a,8,8,64,,,,,,,n/a,bfloat16,NVIDIA L40S,0,lr_ar_cap_b8,collective,0.032496001571416855,0.031199999153614044,0.03718400001525879,all_reduce,2048,16384,32768,57344.0
Qwen/Qwen3-8B-Base,49e3418fbbbca6ecbdf9608b4d22e5a407081db4,lr_ar_cap,n/a,8,8,64,,,,,,,n/a,bfloat16,NVIDIA L40S,0,lr_ar_cap_b8,reconstruction,0.015776000916957855,0.01539199985563755,0.017791999503970146,all_reduce,2048,16384,32768,57344.0
Qwen/Qwen3-8B-Base,49e3418fbbbca6ecbdf9608b4d22e5a407081db4,lr_ar_cap,n/a,8,8,64,,,,,,,n/a,bfloat16,NVIDIA L40S,0,lr_ar_cap_b8,total,0.06220800057053566,0.06047999858856201,0.07027199864387512,all_reduce,2048,16384,32768,57344.0
Qwen/Qwen3-8B-Base,49e3418fbbbca6ecbdf9608b4d22e5a407081db4,c1_ar,n/a,8,8,64,,,,,,,n/a,bfloat16,NVIDIA L40S,0,c1_ar_b8,projection,0.02214400004595518,0.016287999227643013,0.03033600002527237,all_reduce,2048,16384,32768,57344.0
Qwen/Qwen3-8B-Base,49e3418fbbbca6ecbdf9608b4d22e5a407081db4,c1_ar,n/a,8,8,64,,,,,,,n/a,bfloat16,NVIDIA L40S,0,c1_ar_b8,collective,0.03283200040459633,0.031007999554276466,0.03513599932193756,all_reduce,2048,16384,32768,57344.0
Qwen/Qwen3-8B-Base,49e3418fbbbca6ecbdf9608b4d22e5a407081db4,c1_ar,n/a,8,8,64,,,,,,,n/a,bfloat16,NVIDIA L40S,0,c1_ar_b8,reconstruction,0.017823999747633934,0.017632000148296356,0.018112000077962875,all_reduce,2048,16384,32768,57344.0
Qwen/Qwen3-8B-Base,49e3418fbbbca6ecbdf9608b4d22e5a407081db4,c1_ar,n/a,8,8,64,,,,,,,n/a,bfloat16,NVIDIA L40S,0,c1_ar_b8,total,0.0785440020263195,0.07686399668455124,0.08470399677753448,all_reduce,2048,16384,32768,57344.0
Qwen/Qwen3-8B-Base,49e3418fbbbca6ecbdf9608b4d22e5a407081db4,basiskv_ag,n/a,8,8,64,,,,,,,n/a,bfloat16,NVIDIA L40S,0,basiskv_ag_b8,projection,0.012048000004142523,0.011807999573647976,0.013151999562978745,all_gather,256,2048,4096,28672.0
Qwen/Qwen3-8B-Base,49e3418fbbbca6ecbdf9608b4d22e5a407081db4,basiskv_ag,n/a,8,8,64,,,,,,,n/a,bfloat16,NVIDIA L40S,0,basiskv_ag_b8,collective,0.019392000511288643,0.018912000581622124,0.020031999796628952,all_gather,256,2048,4096,28672.0
Qwen/Qwen3-8B-Base,49e3418fbbbca6ecbdf9608b4d22e5a407081db4,basiskv_ag,n/a,8,8,64,,,,,,,n/a,bfloat16,NVIDIA L40S,0,basiskv_ag_b8,reconstruction,0.018112000077962875,0.017855999991297722,0.018303999677300453,all_gather,256,2048,4096,28672.0
Qwen/Qwen3-8B-Base,49e3418fbbbca6ecbdf9608b4d22e5a407081db4,basiskv_ag,n/a,8,8,64,,,,,,,n/a,bfloat16,NVIDIA L40S,0,basiskv_ag_b8,total,0.049008000642061234,0.038336001336574554,0.05641600117087364,all_gather,256,2048,4096,28672.0
Qwen/Qwen3-8B-Base,49e3418fbbbca6ecbdf9608b4d22e5a407081db4,dense_ar,n/a,8,8,64,,,,,,,n/a,bfloat16,NVIDIA L40S,1,dense_ar_b8,projection,0.012640000320971012,0.01235199999064207,0.01462399959564209,all_reduce,4096,32768,65536,114688.0
Qwen/Qwen3-8B-Base,49e3418fbbbca6ecbdf9608b4d22e5a407081db4,dense_ar,n/a,8,8,64,,,,,,,n/a,bfloat16,NVIDIA L40S,1,dense_ar_b8,collective,0.03511999920010567,0.03286400064826012,0.040383998304605484,all_reduce,4096,32768,65536,114688.0
Qwen/Qwen3-8B-Base,49e3418fbbbca6ecbdf9608b4d22e5a407081db4,dense_ar,n/a,8,8,64,,,,,,,n/a,bfloat16,NVIDIA L40S,1,dense_ar_b8,reconstruction,0.009535999968647957,0.009344000369310379,0.010432000271975994,all_reduce,4096,32768,65536,114688.0
Qwen/Qwen3-8B-Base,49e3418fbbbca6ecbdf9608b4d22e5a407081db4,dense_ar,n/a,8,8,64,,,,,,,n/a,bfloat16,NVIDIA L40S,1,dense_ar_b8,total,0.06996800005435944,0.06838399916887283,0.0751039981842041,all_reduce,4096,32768,65536,114688.0
Qwen/Qwen3-8B-Base,49e3418fbbbca6ecbdf9608b4d22e5a407081db4,lr_ar_wire,n/a,8,8,64,,,,,,,n/a,bfloat16,NVIDIA L40S,1,lr_ar_wire_b8,projection,0.012512000277638435,0.012256000190973282,0.013311999849975109,all_reduce,1024,8192,16384,28672.0
Qwen/Qwen3-8B-Base,49e3418fbbbca6ecbdf9608b4d22e5a407081db4,lr_ar_wire,n/a,8,8,64,,,,,,,n/a,bfloat16,NVIDIA L40S,1,lr_ar_wire_b8,collective,0.03308799862861633,0.031808000057935715,0.035232000052928925,all_reduce,1024,8192,16384,28672.0
Qwen/Qwen3-8B-Base,49e3418fbbbca6ecbdf9608b4d22e5a407081db4,lr_ar_wire,n/a,8,8,64,,,,,,,n/a,bfloat16,NVIDIA L40S,1,lr_ar_wire_b8,reconstruction,0.014208000153303146,0.013919999822974205,0.020096000283956528,all_reduce,1024,8192,16384,28672.0
Qwen/Qwen3-8B-Base,49e3418fbbbca6ecbdf9608b4d22e5a407081db4,lr_ar_wire,n/a,8,8,64,,,,,,,n/a,bfloat16,NVIDIA L40S,1,lr_ar_wire_b8,total,0.05991999991238117,0.0586559996008873,0.06390400230884552,all_reduce,1024,8192,16384,28672.0
Qwen/Qwen3-8B-Base,49e3418fbbbca6ecbdf9608b4d22e5a407081db4,lr_ar_cap,n/a,8,8,64,,,,,,,n/a,bfloat16,NVIDIA L40S,1,lr_ar_cap_b8,projection,0.01244799979031086,0.012256000190973282,0.013055999763309956,all_reduce,2048,16384,32768,57344.0
Qwen/Qwen3-8B-Base,49e3418fbbbca6ecbdf9608b4d22e5a407081db4,lr_ar_cap,n/a,8,8,64,,,,,,,n/a,bfloat16,NVIDIA L40S,1,lr_ar_cap_b8,collective,0.032575998455286026,0.031136000528931618,0.0350399985909462,all_reduce,2048,16384,32768,57344.0
Qwen/Qwen3-8B-Base,49e3418fbbbca6ecbdf9608b4d22e5a407081db4,lr_ar_cap,n/a,8,8,64,,,,,,,n/a,bfloat16,NVIDIA L40S,1,lr_ar_cap_b8,reconstruction,0.02179200015962124,0.020735999569296837,0.023840000852942467,all_reduce,2048,16384,32768,57344.0
Qwen/Qwen3-8B-Base,49e3418fbbbca6ecbdf9608b4d22e5a407081db4,lr_ar_cap,n/a,8,8,64,,,,,,,n/a,bfloat16,NVIDIA L40S,1,lr_ar_cap_b8,total,0.06204799935221672,0.05958399921655655,0.07222399860620499,all_reduce,2048,16384,32768,57344.0
Qwen/Qwen3-8B-Base,49e3418fbbbca6ecbdf9608b4d22e5a407081db4,c1_ar,n/a,8,8,64,,,,,,,n/a,bfloat16,NVIDIA L40S,1,c1_ar_b8,projection,0.01651199907064438,0.016224000602960587,0.020640000700950623,all_reduce,2048,16384,32768,57344.0
Qwen/Qwen3-8B-Base,49e3418fbbbca6ecbdf9608b4d22e5a407081db4,c1_ar,n/a,8,8,64,,,,,,,n/a,bfloat16,NVIDIA L40S,1,c1_ar_b8,collective,0.03308799862861633,0.0318400003015995,0.03510399907827377,all_reduce,2048,16384,32768,57344.0
Qwen/Qwen3-8B-Base,49e3418fbbbca6ecbdf9608b4d22e5a407081db4,c1_ar,n/a,8,8,64,,,,,,,n/a,bfloat16,NVIDIA L40S,1,c1_ar_b8,reconstruction,0.017855999991297722,0.017664000391960144,0.01820800080895424,all_reduce,2048,16384,32768,57344.0
Qwen/Qwen3-8B-Base,49e3418fbbbca6ecbdf9608b4d22e5a407081db4,c1_ar,n/a,8,8,64,,,,,,,n/a,bfloat16,NVIDIA L40S,1,c1_ar_b8,total,0.07859200239181519,0.0767040029168129,0.08671999722719193,all_reduce,2048,16384,32768,57344.0
Qwen/Qwen3-8B-Base,49e3418fbbbca6ecbdf9608b4d22e5a407081db4,basiskv_ag,n/a,8,8,64,,,,,,,n/a,bfloat16,NVIDIA L40S,1,basiskv_ag_b8,projection,0.012032000347971916,0.011807999573647976,0.012768000364303589,all_gather,256,2048,4096,28672.0
Qwen/Qwen3-8B-Base,49e3418fbbbca6ecbdf9608b4d22e5a407081db4,basiskv_ag,n/a,8,8,64,,,,,,,n/a,bfloat16,NVIDIA L40S,1,basiskv_ag_b8,collective,0.019360000267624855,0.018880000337958336,0.01990400068461895,all_gather,256,2048,4096,28672.0
Qwen/Qwen3-8B-Base,49e3418fbbbca6ecbdf9608b4d22e5a407081db4,basiskv_ag,n/a,8,8,64,,,,,,,n/a,bfloat16,NVIDIA L40S,1,basiskv_ag_b8,reconstruction,0.018144000321626663,0.017855999991297722,0.01836800016462803,all_gather,256,2048,4096,28672.0
Qwen/Qwen3-8B-Base,49e3418fbbbca6ecbdf9608b4d22e5a407081db4,basiskv_ag,n/a,8,8,64,,,,,,,n/a,bfloat16,NVIDIA L40S,1,basiskv_ag_b8,total,0.03891199827194214,0.03827200084924698,0.03964800015091896,all_gather,256,2048,4096,28672.0
Qwen/Qwen3-8B-Base,49e3418fbbbca6ecbdf9608b4d22e5a407081db4,dense_ar,n/a,8,8,64,,,,,,,n/a,bfloat16,NVIDIA L40S,2,dense_ar_b8,projection,0.019023999571800232,0.01744000054895878,0.022112000733613968,all_reduce,4096,32768,65536,114688.0
Qwen/Qwen3-8B-Base,49e3418fbbbca6ecbdf9608b4d22e5a407081db4,dense_ar,n/a,8,8,64,,,,,,,n/a,bfloat16,NVIDIA L40S,2,dense_ar_b8,collective,0.03308799862861633,0.032287999987602234,0.03657599911093712,all_reduce,4096,32768,65536,114688.0
Qwen/Qwen3-8B-Base,49e3418fbbbca6ecbdf9608b4d22e5a407081db4,dense_ar,n/a,8,8,64,,,,,,,n/a,bfloat16,NVIDIA L40S,2,dense_ar_b8,reconstruction,0.009584000334143639,0.009312000125646591,0.010367999784648418,all_reduce,4096,32768,65536,114688.0
Qwen/Qwen3-8B-Base,49e3418fbbbca6ecbdf9608b4d22e5a407081db4,dense_ar,n/a,8,8,64,,,,,,,n/a,bfloat16,NVIDIA L40S,2,dense_ar_b8,total,0.07003199681639671,0.06841599941253662,0.07507199794054031,all_reduce,4096,32768,65536,114688.0
Qwen/Qwen3-8B-Base,49e3418fbbbca6ecbdf9608b4d22e5a407081db4,lr_ar_wire,n/a,8,8,64,,,,,,,n/a,bfloat16,NVIDIA L40S,2,lr_ar_wire_b8,projection,0.012575999833643436,0.01228800043463707,0.013311999849975109,all_reduce,1024,8192,16384,28672.0
Qwen/Qwen3-8B-Base,49e3418fbbbca6ecbdf9608b4d22e5a407081db4,lr_ar_wire,n/a,8,8,64,,,,,,,n/a,bfloat16,NVIDIA L40S,2,lr_ar_wire_b8,collective,0.032735999673604965,0.03139200061559677,0.03526400029659271,all_reduce,1024,8192,16384,28672.0
Qwen/Qwen3-8B-Base,49e3418fbbbca6ecbdf9608b4d22e5a407081db4,lr_ar_wire,n/a,8,8,64,,,,,,,n/a,bfloat16,NVIDIA L40S,2,lr_ar_wire_b8,reconstruction,0.01408000010997057,0.013856000266969204,0.014655999839305878,all_reduce,1024,8192,16384,28672.0
Qwen/Qwen3-8B-Base,49e3418fbbbca6ecbdf9608b4d22e5a407081db4,lr_ar_wire,n/a,8,8,64,,,,,,,n/a,bfloat16,NVIDIA L40S,2,lr_ar_wire_b8,total,0.06062399968504906,0.058880001306533813,0.06592000275850296,all_reduce,1024,8192,16384,28672.0
Qwen/Qwen3-8B-Base,49e3418fbbbca6ecbdf9608b4d22e5a407081db4,lr_ar_cap,n/a,8,8,64,,,,,,,n/a,bfloat16,NVIDIA L40S,2,lr_ar_cap_b8,projection,0.012480000033974648,0.012256000190973282,0.01360000018030405,all_reduce,2048,16384,32768,57344.0
Qwen/Qwen3-8B-Base,49e3418fbbbca6ecbdf9608b4d22e5a407081db4,lr_ar_cap,n/a,8,8,64,,,,,,,n/a,bfloat16,NVIDIA L40S,2,lr_ar_cap_b8,collective,0.03246400132775307,0.03139200061559677,0.03497600182890892,all_reduce,2048,16384,32768,57344.0
Qwen/Qwen3-8B-Base,49e3418fbbbca6ecbdf9608b4d22e5a407081db4,lr_ar_cap,n/a,8,8,64,,,,,,,n/a,bfloat16,NVIDIA L40S,2,lr_ar_cap_b8,reconstruction,0.016176000237464905,0.01571200042963028,0.01833599992096424,all_reduce,2048,16384,32768,57344.0
Qwen/Qwen3-8B-Base,49e3418fbbbca6ecbdf9608b4d22e5a407081db4,lr_ar_cap,n/a,8,8,64,,,,,,,n/a,bfloat16,NVIDIA L40S,2,lr_ar_cap_b8,total,0.06028800085186958,0.05881600081920624,0.06934399902820587,all_reduce,2048,16384,32768,57344.0
Qwen/Qwen3-8B-Base,49e3418fbbbca6ecbdf9608b4d22e5a407081db4,c1_ar,n/a,8,8,64,,,,,,,n/a,bfloat16,NVIDIA L40S,2,c1_ar_b8,projection,0.016656000167131424,0.01635199971497059,0.01961600035429001,all_reduce,2048,16384,32768,57344.0
Qwen/Qwen3-8B-Base,49e3418fbbbca6ecbdf9608b4d22e5a407081db4,c1_ar,n/a,8,8,64,,,,,,,n/a,bfloat16,NVIDIA L40S,2,c1_ar_b8,collective,0.03359999880194664,0.031968001276254654,0.036031998693943024,all_reduce,2048,16384,32768,57344.0
Qwen/Qwen3-8B-Base,49e3418fbbbca6ecbdf9608b4d22e5a407081db4,c1_ar,n/a,8,8,64,,,,,,,n/a,bfloat16,NVIDIA L40S,2,c1_ar_b8,reconstruction,0.017823999747633934,0.017632000148296356,0.0180479995906353,all_reduce,2048,16384,32768,57344.0
Qwen/Qwen3-8B-Base,49e3418fbbbca6ecbdf9608b4d22e5a407081db4,c1_ar,n/a,8,8,64,,,,,,,n/a,bfloat16,NVIDIA L40S,2,c1_ar_b8,total,0.07923199981451035,0.07718399912118912,0.08662399649620056,all_reduce,2048,16384,32768,57344.0
Qwen/Qwen3-8B-Base,49e3418fbbbca6ecbdf9608b4d22e5a407081db4,basiskv_ag,n/a,8,8,64,,,,,,,n/a,bfloat16,NVIDIA L40S,2,basiskv_ag_b8,projection,0.01206399966031313,0.011807999573647976,0.013567999936640263,all_gather,256,2048,4096,28672.0
Qwen/Qwen3-8B-Base,49e3418fbbbca6ecbdf9608b4d22e5a407081db4,basiskv_ag,n/a,8,8,64,,,,,,,n/a,bfloat16,NVIDIA L40S,2,basiskv_ag_b8,collective,0.019408000633120537,0.01894400082528591,0.019999999552965164,all_gather,256,2048,4096,28672.0
Qwen/Qwen3-8B-Base,49e3418fbbbca6ecbdf9608b4d22e5a407081db4,basiskv_ag,n/a,8,8,64,,,,,,,n/a,bfloat16,NVIDIA L40S,2,basiskv_ag_b8,reconstruction,0.018112000077962875,0.01788800023496151,0.01833599992096424,all_gather,256,2048,4096,28672.0
Qwen/Qwen3-8B-Base,49e3418fbbbca6ecbdf9608b4d22e5a407081db4,basiskv_ag,n/a,8,8,64,,,,,,,n/a,bfloat16,NVIDIA L40S,2,basiskv_ag_b8,total,0.03888000175356865,0.03824000060558319,0.03984000161290169,all_gather,256,2048,4096,28672.0
Qwen/Qwen3-8B-Base,49e3418fbbbca6ecbdf9608b4d22e5a407081db4,dense_ar,n/a,16,8,64,,,,,,,n/a,bfloat16,NVIDIA L40S,0,dense_ar_b16,projection,0.012768000364303589,0.012384000234305859,0.01990400068461895,all_reduce,4096,65536,131072,229376.0
Qwen/Qwen3-8B-Base,49e3418fbbbca6ecbdf9608b4d22e5a407081db4,dense_ar,n/a,16,8,64,,,,,,,n/a,bfloat16,NVIDIA L40S,0,dense_ar_b16,collective,0.049456000328063965,0.048895999789237976,0.05071999877691269,all_reduce,4096,65536,131072,229376.0
Qwen/Qwen3-8B-Base,49e3418fbbbca6ecbdf9608b4d22e5a407081db4,dense_ar,n/a,16,8,64,,,,,,,n/a,bfloat16,NVIDIA L40S,0,dense_ar_b16,reconstruction,0.009568000212311745,0.009344000369310379,0.01056000031530857,all_reduce,4096,65536,131072,229376.0
Qwen/Qwen3-8B-Base,49e3418fbbbca6ecbdf9608b4d22e5a407081db4,dense_ar,n/a,16,8,64,,,,,,,n/a,bfloat16,NVIDIA L40S,0,dense_ar_b16,total,0.07015999779105186,0.06796800345182419,0.07648000121116638,all_reduce,4096,65536,131072,229376.0
Qwen/Qwen3-8B-Base,49e3418fbbbca6ecbdf9608b4d22e5a407081db4,lr_ar_wire,n/a,16,8,64,,,,,,,n/a,bfloat16,NVIDIA L40S,0,lr_ar_wire_b16,projection,0.012575999833643436,0.012256000190973282,0.014303999952971935,all_reduce,1024,16384,32768,57344.0
Qwen/Qwen3-8B-Base,49e3418fbbbca6ecbdf9608b4d22e5a407081db4,lr_ar_wire,n/a,16,8,64,,,,,,,n/a,bfloat16,NVIDIA L40S,0,lr_ar_wire_b16,collective,0.03222399950027466,0.031136000528931618,0.033824000507593155,all_reduce,1024,16384,32768,57344.0
Qwen/Qwen3-8B-Base,49e3418fbbbca6ecbdf9608b4d22e5a407081db4,lr_ar_wire,n/a,16,8,64,,,,,,,n/a,bfloat16,NVIDIA L40S,0,lr_ar_wire_b16,reconstruction,0.014816000126302242,0.01462399959564209,0.015647999942302704,all_reduce,1024,16384,32768,57344.0
Qwen/Qwen3-8B-Base,49e3418fbbbca6ecbdf9608b4d22e5a407081db4,lr_ar_wire,n/a,16,8,64,,,,,,,n/a,bfloat16,NVIDIA L40S,0,lr_ar_wire_b16,total,0.059728000313043594,0.05833600088953972,0.06377600133419037,all_reduce,1024,16384,32768,57344.0
Qwen/Qwen3-8B-Base,49e3418fbbbca6ecbdf9608b4d22e5a407081db4,lr_ar_cap,n/a,16,8,64,,,,,,,n/a,bfloat16,NVIDIA L40S,0,lr_ar_cap_b16,projection,0.012608000077307224,0.012384000234305859,0.013632000423967838,all_reduce,2048,32768,65536,114688.0
Qwen/Qwen3-8B-Base,49e3418fbbbca6ecbdf9608b4d22e5a407081db4,lr_ar_cap,n/a,16,8,64,,,,,,,n/a,bfloat16,NVIDIA L40S,0,lr_ar_cap_b16,collective,0.03288000077009201,0.03232000023126602,0.034912001341581345,all_reduce,2048,32768,65536,114688.0
Qwen/Qwen3-8B-Base,49e3418fbbbca6ecbdf9608b4d22e5a407081db4,lr_ar_cap,n/a,16,8,64,,,,,,,n/a,bfloat16,NVIDIA L40S,0,lr_ar_cap_b16,reconstruction,0.016416000202298164,0.0163199994713068,0.016575999557971954,all_reduce,2048,32768,65536,114688.0
Qwen/Qwen3-8B-Base,49e3418fbbbca6ecbdf9608b4d22e5a407081db4,lr_ar_cap,n/a,16,8,64,,,,,,,n/a,bfloat16,NVIDIA L40S,0,lr_ar_cap_b16,total,0.059808000922203064,0.05798399820923805,0.0655680000782013,all_reduce,2048,32768,65536,114688.0
Qwen/Qwen3-8B-Base,49e3418fbbbca6ecbdf9608b4d22e5a407081db4,c1_ar,n/a,16,8,64,,,,,,,n/a,bfloat16,NVIDIA L40S,0,c1_ar_b16,projection,0.01659199967980385,0.016256000846624374,0.02252800017595291,all_reduce,2048,32768,65536,114688.0
Qwen/Qwen3-8B-Base,49e3418fbbbca6ecbdf9608b4d22e5a407081db4,c1_ar,n/a,16,8,64,,,,,,,n/a,bfloat16,NVIDIA L40S,0,c1_ar_b16,collective,0.033440001308918,0.03270399942994118,0.03497600182890892,all_reduce,2048,32768,65536,114688.0
Qwen/Qwen3-8B-Base,49e3418fbbbca6ecbdf9608b4d22e5a407081db4,c1_ar,n/a,16,8,64,,,,,,,n/a,bfloat16,NVIDIA L40S,0,c1_ar_b16,reconstruction,0.020735999569296837,0.020479999482631683,0.02099199965596199,all_reduce,2048,32768,65536,114688.0
Qwen/Qwen3-8B-Base,49e3418fbbbca6ecbdf9608b4d22e5a407081db4,c1_ar,n/a,16,8,64,,,,,,,n/a,bfloat16,NVIDIA L40S,0,c1_ar_b16,total,0.07887999713420868,0.0772159993648529,0.08767999708652496,all_reduce,2048,32768,65536,114688.0
Qwen/Qwen3-8B-Base,49e3418fbbbca6ecbdf9608b4d22e5a407081db4,basiskv_ag,n/a,16,8,64,,,,,,,n/a,bfloat16,NVIDIA L40S,0,basiskv_ag_b16,projection,0.012000000104308128,0.011776000261306763,0.013024000450968742,all_gather,256,4096,8192,57344.0
Qwen/Qwen3-8B-Base,49e3418fbbbca6ecbdf9608b4d22e5a407081db4,basiskv_ag,n/a,16,8,64,,,,,,,n/a,bfloat16,NVIDIA L40S,0,basiskv_ag_b16,collective,0.020608000457286835,0.02022399939596653,0.021407999098300934,all_gather,256,4096,8192,57344.0
Qwen/Qwen3-8B-Base,49e3418fbbbca6ecbdf9608b4d22e5a407081db4,basiskv_ag,n/a,16,8,64,,,,,,,n/a,bfloat16,NVIDIA L40S,0,basiskv_ag_b16,reconstruction,0.020447999238967896,0.020320000126957893,0.02067199908196926,all_gather,256,4096,8192,57344.0
Qwen/Qwen3-8B-Base,49e3418fbbbca6ecbdf9608b4d22e5a407081db4,basiskv_ag,n/a,16,8,64,,,,,,,n/a,bfloat16,NVIDIA L40S,0,basiskv_ag_b16,total,0.04249599948525429,0.04198399931192398,0.04323200136423111,all_gather,256,4096,8192,57344.0
Qwen/Qwen3-8B-Base,49e3418fbbbca6ecbdf9608b4d22e5a407081db4,dense_ar,n/a,16,8,64,,,,,,,n/a,bfloat16,NVIDIA L40S,1,dense_ar_b16,projection,0.012575999833643436,0.012256000190973282,0.014527999795973301,all_reduce,4096,65536,131072,229376.0
Qwen/Qwen3-8B-Base,49e3418fbbbca6ecbdf9608b4d22e5a407081db4,dense_ar,n/a,16,8,64,,,,,,,n/a,bfloat16,NVIDIA L40S,1,dense_ar_b16,collective,0.049056001007556915,0.04854400083422661,0.04992000013589859,all_reduce,4096,65536,131072,229376.0
Qwen/Qwen3-8B-Base,49e3418fbbbca6ecbdf9608b4d22e5a407081db4,dense_ar,n/a,16,8,64,,,,,,,n/a,bfloat16,NVIDIA L40S,1,dense_ar_b16,reconstruction,0.009664000011980534,0.00940799992531538,0.010208000428974628,all_reduce,4096,65536,131072,229376.0
Qwen/Qwen3-8B-Base,49e3418fbbbca6ecbdf9608b4d22e5a407081db4,dense_ar,n/a,16,8,64,,,,,,,n/a,bfloat16,NVIDIA L40S,1,dense_ar_b16,total,0.07075200229883194,0.06896000355482101,0.07500799745321274,all_reduce,4096,65536,131072,229376.0
Qwen/Qwen3-8B-Base,49e3418fbbbca6ecbdf9608b4d22e5a407081db4,lr_ar_wire,n/a,16,8,64,,,,,,,n/a,bfloat16,NVIDIA L40S,1,lr_ar_wire_b16,projection,0.012543999589979649,0.01228800043463707,0.013407999649643898,all_reduce,1024,16384,32768,57344.0
Qwen/Qwen3-8B-Base,49e3418fbbbca6ecbdf9608b4d22e5a407081db4,lr_ar_wire,n/a,16,8,64,,,,,,,n/a,bfloat16,NVIDIA L40S,1,lr_ar_wire_b16,collective,0.03174399957060814,0.031007999554276466,0.03455999866127968,all_reduce,1024,16384,32768,57344.0
Qwen/Qwen3-8B-Base,49e3418fbbbca6ecbdf9608b4d22e5a407081db4,lr_ar_wire,n/a,16,8,64,,,,,,,n/a,bfloat16,NVIDIA L40S,1,lr_ar_wire_b16,reconstruction,0.014816000126302242,0.014655999839305878,0.015968000516295433,all_reduce,1024,16384,32768,57344.0
Qwen/Qwen3-8B-Base,49e3418fbbbca6ecbdf9608b4d22e5a407081db4,lr_ar_wire,n/a,16,8,64,,,,,,,n/a,bfloat16,NVIDIA L40S,1,lr_ar_wire_b16,total,0.06006399914622307,0.058559998869895935,0.06505600363016129,all_reduce,1024,16384,32768,57344.0
Qwen/Qwen3-8B-Base,49e3418fbbbca6ecbdf9608b4d22e5a407081db4,lr_ar_cap,n/a,16,8,64,,,,,,,n/a,bfloat16,NVIDIA L40S,1,lr_ar_cap_b16,projection,0.012624000199139118,0.01235199999064207,0.01375999953597784,all_reduce,2048,32768,65536,114688.0
Qwen/Qwen3-8B-Base,49e3418fbbbca6ecbdf9608b4d22e5a407081db4,lr_ar_cap,n/a,16,8,64,,,,,,,n/a,bfloat16,NVIDIA L40S,1,lr_ar_cap_b16,collective,0.03288000077009201,0.0323840007185936,0.03407999873161316,all_reduce,2048,32768,65536,114688.0
Qwen/Qwen3-8B-Base,49e3418fbbbca6ecbdf9608b4d22e5a407081db4,lr_ar_cap,n/a,16,8,64,,,,,,,n/a,bfloat16,NVIDIA L40S,1,lr_ar_cap_b16,reconstruction,0.016416000202298164,0.0163199994713068,0.016575999557971954,all_reduce,2048,32768,65536,114688.0
Qwen/Qwen3-8B-Base,49e3418fbbbca6ecbdf9608b4d22e5a407081db4,lr_ar_cap,n/a,16,8,64,,,,,,,n/a,bfloat16,NVIDIA L40S,1,lr_ar_cap_b16,total,0.060095999389886856,0.05833600088953972,0.06921599805355072,all_reduce,2048,32768,65536,114688.0
Qwen/Qwen3-8B-Base,49e3418fbbbca6ecbdf9608b4d22e5a407081db4,c1_ar,n/a,16,8,64,,,,,,,n/a,bfloat16,NVIDIA L40S,1,c1_ar_b16,projection,0.016767999157309532,0.016383999958634377,0.0225600004196167,all_reduce,2048,32768,65536,114688.0
Qwen/Qwen3-8B-Base,49e3418fbbbca6ecbdf9608b4d22e5a407081db4,c1_ar,n/a,16,8,64,,,,,,,n/a,bfloat16,NVIDIA L40S,1,c1_ar_b16,collective,0.03433600068092346,0.03308799862861633,0.03593600168824196,all_reduce,2048,32768,65536,114688.0
Qwen/Qwen3-8B-Base,49e3418fbbbca6ecbdf9608b4d22e5a407081db4,c1_ar,n/a,16,8,64,,,,,,,n/a,bfloat16,NVIDIA L40S,1,c1_ar_b16,reconstruction,0.02067199908196926,0.020479999482631683,0.02099199965596199,all_reduce,2048,32768,65536,114688.0
Qwen/Qwen3-8B-Base,49e3418fbbbca6ecbdf9608b4d22e5a407081db4,c1_ar,n/a,16,8,64,,,,,,,n/a,bfloat16,NVIDIA L40S,1,c1_ar_b16,total,0.08004799857735634,0.07772800326347351,0.08515200018882751,all_reduce,2048,32768,65536,114688.0
Qwen/Qwen3-8B-Base,49e3418fbbbca6ecbdf9608b4d22e5a407081db4,basiskv_ag,n/a,16,8,64,,,,,,,n/a,bfloat16,NVIDIA L40S,1,basiskv_ag_b16,projection,0.012223999947309494,0.011872000060975552,0.017343999817967415,all_gather,256,4096,8192,57344.0
Qwen/Qwen3-8B-Base,49e3418fbbbca6ecbdf9608b4d22e5a407081db4,basiskv_ag,n/a,16,8,64,,,,,,,n/a,bfloat16,NVIDIA L40S,1,basiskv_ag_b16,collective,0.02054399996995926,0.020096000283956528,0.02112000063061714,all_gather,256,4096,8192,57344.0
Qwen/Qwen3-8B-Base,49e3418fbbbca6ecbdf9608b4d22e5a407081db4,basiskv_ag,n/a,16,8,64,,,,,,,n/a,bfloat16,NVIDIA L40S,1,basiskv_ag_b16,reconstruction,0.020447999238967896,0.020287999883294106,0.020640000700950623,all_gather,256,4096,8192,57344.0
Qwen/Qwen3-8B-Base,49e3418fbbbca6ecbdf9608b4d22e5a407081db4,basiskv_ag,n/a,16,8,64,,,,,,,n/a,bfloat16,NVIDIA L40S,1,basiskv_ag_b16,total,0.0424639992415905,0.04198399931192398,0.0432640016078949,all_gather,256,4096,8192,57344.0
Qwen/Qwen3-8B-Base,49e3418fbbbca6ecbdf9608b4d22e5a407081db4,dense_ar,n/a,16,8,64,,,,,,,n/a,bfloat16,NVIDIA L40S,2,dense_ar_b16,projection,0.012608000077307224,0.012319999746978283,0.013248000293970108,all_reduce,4096,65536,131072,229376.0
Qwen/Qwen3-8B-Base,49e3418fbbbca6ecbdf9608b4d22e5a407081db4,dense_ar,n/a,16,8,64,,,,,,,n/a,bfloat16,NVIDIA L40S,2,dense_ar_b16,collective,0.0490880012512207,0.048608001321554184,0.049984000623226166,all_reduce,4096,65536,131072,229376.0
Qwen/Qwen3-8B-Base,49e3418fbbbca6ecbdf9608b4d22e5a407081db4,dense_ar,n/a,16,8,64,,,,,,,n/a,bfloat16,NVIDIA L40S,2,dense_ar_b16,reconstruction,0.009568000212311745,0.009312000125646591,0.010111999697983265,all_reduce,4096,65536,131072,229376.0
Qwen/Qwen3-8B-Base,49e3418fbbbca6ecbdf9608b4d22e5a407081db4,dense_ar,n/a,16,8,64,,,,,,,n/a,bfloat16,NVIDIA L40S,2,dense_ar_b16,total,0.07014399766921997,0.06755200028419495,0.07785599678754807,all_reduce,4096,65536,131072,229376.0
Qwen/Qwen3-8B-Base,49e3418fbbbca6ecbdf9608b4d22e5a407081db4,lr_ar_wire,n/a,16,8,64,,,,,,,n/a,bfloat16,NVIDIA L40S,2,lr_ar_wire_b16,projection,0.015615999698638916,0.01462399959564209,0.01820800080895424,all_reduce,1024,16384,32768,57344.0
Qwen/Qwen3-8B-Base,49e3418fbbbca6ecbdf9608b4d22e5a407081db4,lr_ar_wire,n/a,16,8,64,,,,,,,n/a,bfloat16,NVIDIA L40S,2,lr_ar_wire_b16,collective,0.03246400132775307,0.031231999397277832,0.03686400130391121,all_reduce,1024,16384,32768,57344.0
Qwen/Qwen3-8B-Base,49e3418fbbbca6ecbdf9608b4d22e5a407081db4,lr_ar_wire,n/a,16,8,64,,,,,,,n/a,bfloat16,NVIDIA L40S,2,lr_ar_wire_b16,reconstruction,0.01484800036996603,0.014655999839305878,0.015968000516295433,all_reduce,1024,16384,32768,57344.0
Qwen/Qwen3-8B-Base,49e3418fbbbca6ecbdf9608b4d22e5a407081db4,lr_ar_wire,n/a,16,8,64,,,,,,,n/a,bfloat16,NVIDIA L40S,2,lr_ar_wire_b16,total,0.059776000678539276,0.05814399942755699,0.06508799642324448,all_reduce,1024,16384,32768,57344.0
Qwen/Qwen3-8B-Base,49e3418fbbbca6ecbdf9608b4d22e5a407081db4,lr_ar_cap,n/a,16,8,64,,,,,,,n/a,bfloat16,NVIDIA L40S,2,lr_ar_cap_b16,projection,0.01259199995547533,0.01235199999064207,0.013856000266969204,all_reduce,2048,32768,65536,114688.0
Qwen/Qwen3-8B-Base,49e3418fbbbca6ecbdf9608b4d22e5a407081db4,lr_ar_cap,n/a,16,8,64,,,,,,,n/a,bfloat16,NVIDIA L40S,2,lr_ar_cap_b16,collective,0.03296000137925148,0.03235200047492981,0.03705599904060364,all_reduce,2048,32768,65536,114688.0
Qwen/Qwen3-8B-Base,49e3418fbbbca6ecbdf9608b4d22e5a407081db4,lr_ar_cap,n/a,16,8,64,,,,,,,n/a,bfloat16,NVIDIA L40S,2,lr_ar_cap_b16,reconstruction,0.01648000068962574,0.01635199971497059,0.01664000004529953,all_reduce,2048,32768,65536,114688.0
Qwen/Qwen3-8B-Base,49e3418fbbbca6ecbdf9608b4d22e5a407081db4,lr_ar_cap,n/a,16,8,64,,,,,,,n/a,bfloat16,NVIDIA L40S,2,lr_ar_cap_b16,total,0.062144000083208084,0.05859199911355972,0.07097599655389786,all_reduce,2048,32768,65536,114688.0
Qwen/Qwen3-8B-Base,49e3418fbbbca6ecbdf9608b4d22e5a407081db4,c1_ar,n/a,16,8,64,,,,,,,n/a,bfloat16,NVIDIA L40S,2,c1_ar_b16,projection,0.016543999314308167,0.016224000602960587,0.019039999693632126,all_reduce,2048,32768,65536,114688.0
Qwen/Qwen3-8B-Base,49e3418fbbbca6ecbdf9608b4d22e5a407081db4,c1_ar,n/a,16,8,64,,,,,,,n/a,bfloat16,NVIDIA L40S,2,c1_ar_b16,collective,0.033296000212430954,0.03251200169324875,0.035071998834609985,all_reduce,2048,32768,65536,114688.0
Qwen/Qwen3-8B-Base,49e3418fbbbca6ecbdf9608b4d22e5a407081db4,c1_ar,n/a,16,8,64,,,,,,,n/a,bfloat16,NVIDIA L40S,2,c1_ar_b16,reconstruction,0.02067199908196926,0.02051199972629547,0.02099199965596199,all_reduce,2048,32768,65536,114688.0
Qwen/Qwen3-8B-Base,49e3418fbbbca6ecbdf9608b4d22e5a407081db4,c1_ar,n/a,16,8,64,,,,,,,n/a,bfloat16,NVIDIA L40S,2,c1_ar_b16,total,0.08060800284147263,0.07887999713420868,0.0875839963555336,all_reduce,2048,32768,65536,114688.0
Qwen/Qwen3-8B-Base,49e3418fbbbca6ecbdf9608b4d22e5a407081db4,basiskv_ag,n/a,16,8,64,,,,,,,n/a,bfloat16,NVIDIA L40S,2,basiskv_ag_b16,projection,0.012000000104308128,0.011744000017642975,0.013248000293970108,all_gather,256,4096,8192,57344.0
Qwen/Qwen3-8B-Base,49e3418fbbbca6ecbdf9608b4d22e5a407081db4,basiskv_ag,n/a,16,8,64,,,,,,,n/a,bfloat16,NVIDIA L40S,2,basiskv_ag_b16,collective,0.020735999569296837,0.020255999639630318,0.021376000717282295,all_gather,256,4096,8192,57344.0
Qwen/Qwen3-8B-Base,49e3418fbbbca6ecbdf9608b4d22e5a407081db4,basiskv_ag,n/a,16,8,64,,,,,,,n/a,bfloat16,NVIDIA L40S,2,basiskv_ag_b16,reconstruction,0.020447999238967896,0.020320000126957893,0.020640000700950623,all_gather,256,4096,8192,57344.0
Qwen/Qwen3-8B-Base,49e3418fbbbca6ecbdf9608b4d22e5a407081db4,basiskv_ag,n/a,16,8,64,,,,,,,n/a,bfloat16,NVIDIA L40S,2,basiskv_ag_b16,total,0.042527999728918076,0.04195199906826019,0.04323200136423111,all_gather,256,4096,8192,57344.0
Qwen/Qwen3-8B-Base,49e3418fbbbca6ecbdf9608b4d22e5a407081db4,dense_ar,n/a,32,8,64,,,,,,,n/a,bfloat16,NVIDIA L40S,0,dense_ar_b32,projection,0.01958400011062622,0.012703999876976013,0.022207999601960182,all_reduce,4096,131072,262144,458752.0
Qwen/Qwen3-8B-Base,49e3418fbbbca6ecbdf9608b4d22e5a407081db4,dense_ar,n/a,32,8,64,,,,,,,n/a,bfloat16,NVIDIA L40S,0,dense_ar_b32,collective,0.08137600123882294,0.08070400357246399,0.08240000158548355,all_reduce,4096,131072,262144,458752.0
Qwen/Qwen3-8B-Base,49e3418fbbbca6ecbdf9608b4d22e5a407081db4,dense_ar,n/a,32,8,64,,,,,,,n/a,bfloat16,NVIDIA L40S,0,dense_ar_b32,reconstruction,0.012768000364303589,0.009631999768316746,0.01583999954164028,all_reduce,4096,131072,262144,458752.0
Qwen/Qwen3-8B-Base,49e3418fbbbca6ecbdf9608b4d22e5a407081db4,dense_ar,n/a,32,8,64,,,,,,,n/a,bfloat16,NVIDIA L40S,0,dense_ar_b32,total,0.0896959975361824,0.08908800035715103,0.09043200314044952,all_reduce,4096,131072,262144,458752.0
Qwen/Qwen3-8B-Base,49e3418fbbbca6ecbdf9608b4d22e5a407081db4,lr_ar_wire,n/a,32,8,64,,,,,,,n/a,bfloat16,NVIDIA L40S,0,lr_ar_wire_b32,projection,0.012575999833643436,0.012384000234305859,0.013439999893307686,all_reduce,1024,32768,65536,114688.0
Qwen/Qwen3-8B-Base,49e3418fbbbca6ecbdf9608b4d22e5a407081db4,lr_ar_wire,n/a,32,8,64,,,,,,,n/a,bfloat16,NVIDIA L40S,0,lr_ar_wire_b32,collective,0.03280000016093254,0.032255999743938446,0.033695999532938004,all_reduce,1024,32768,65536,114688.0
Qwen/Qwen3-8B-Base,49e3418fbbbca6ecbdf9608b4d22e5a407081db4,lr_ar_wire,n/a,32,8,64,,,,,,,n/a,bfloat16,NVIDIA L40S,0,lr_ar_wire_b32,reconstruction,0.01548799965530634,0.015263999812304974,0.015968000516295433,all_reduce,1024,32768,65536,114688.0
Qwen/Qwen3-8B-Base,49e3418fbbbca6ecbdf9608b4d22e5a407081db4,lr_ar_wire,n/a,32,8,64,,,,,,,n/a,bfloat16,NVIDIA L40S,0,lr_ar_wire_b32,total,0.060336001217365265,0.05852799862623215,0.06815999746322632,all_reduce,1024,32768,65536,114688.0
Qwen/Qwen3-8B-Base,49e3418fbbbca6ecbdf9608b4d22e5a407081db4,lr_ar_cap,n/a,32,8,64,,,,,,,n/a,bfloat16,NVIDIA L40S,0,lr_ar_cap_b32,projection,0.012896000407636166,0.01244799979031086,0.020576000213623047,all_reduce,2048,65536,131072,229376.0
Qwen/Qwen3-8B-Base,49e3418fbbbca6ecbdf9608b4d22e5a407081db4,lr_ar_cap,n/a,32,8,64,,,,,,,n/a,bfloat16,NVIDIA L40S,0,lr_ar_cap_b32,collective,0.049167999997735023,0.04870399832725525,0.04995200037956238,all_reduce,2048,65536,131072,229376.0
Qwen/Qwen3-8B-Base,49e3418fbbbca6ecbdf9608b4d22e5a407081db4,lr_ar_cap,n/a,32,8,64,,,,,,,n/a,bfloat16,NVIDIA L40S,0,lr_ar_cap_b32,reconstruction,0.01929599978029728,0.016992000862956047,0.02099199965596199,all_reduce,2048,65536,131072,229376.0
Qwen/Qwen3-8B-Base,49e3418fbbbca6ecbdf9608b4d22e5a407081db4,lr_ar_cap,n/a,32,8,64,,,,,,,n/a,bfloat16,NVIDIA L40S,0,lr_ar_cap_b32,total,0.07023999840021133,0.06960000097751617,0.07107199728488922,all_reduce,2048,65536,131072,229376.0
Qwen/Qwen3-8B-Base,49e3418fbbbca6ecbdf9608b4d22e5a407081db4,c1_ar,n/a,32,8,64,,,,,,,n/a,bfloat16,NVIDIA L40S,0,c1_ar_b32,projection,0.016543999314308167,0.016127999871969223,0.020959999412298203,all_reduce,2048,65536,131072,229376.0
Qwen/Qwen3-8B-Base,49e3418fbbbca6ecbdf9608b4d22e5a407081db4,c1_ar,n/a,32,8,64,,,,,,,n/a,bfloat16,NVIDIA L40S,0,c1_ar_b32,collective,0.049056001007556915,0.04854400083422661,0.04972799867391586,all_reduce,2048,65536,131072,229376.0
Qwen/Qwen3-8B-Base,49e3418fbbbca6ecbdf9608b4d22e5a407081db4,c1_ar,n/a,32,8,64,,,,,,,n/a,bfloat16,NVIDIA L40S,0,c1_ar_b32,reconstruction,0.020896000787615776,0.020735999569296837,0.02112000063061714,all_reduce,2048,65536,131072,229376.0
Qwen/Qwen3-8B-Base,49e3418fbbbca6ecbdf9608b4d22e5a407081db4,c1_ar,n/a,32,8,64,,,,,,,n/a,bfloat16,NVIDIA L40S,0,c1_ar_b32,total,0.08087999746203423,0.07814399898052216,0.09171199798583984,all_reduce,2048,65536,131072,229376.0
Qwen/Qwen3-8B-Base,49e3418fbbbca6ecbdf9608b4d22e5a407081db4,basiskv_ag,n/a,32,8,64,,,,,,,n/a,bfloat16,NVIDIA L40S,0,basiskv_ag_b32,projection,0.01228800043463707,0.01196799986064434,0.013535999692976475,all_gather,256,8192,16384,114688.0
Qwen/Qwen3-8B-Base,49e3418fbbbca6ecbdf9608b4d22e5a407081db4,basiskv_ag,n/a,32,8,64,,,,,,,n/a,bfloat16,NVIDIA L40S,0,basiskv_ag_b32,collective,0.028704000636935234,0.028384000062942505,0.029888000339269638,all_gather,256,8192,16384,114688.0
Qwen/Qwen3-8B-Base,49e3418fbbbca6ecbdf9608b4d22e5a407081db4,basiskv_ag,n/a,32,8,64,,,,,,,n/a,bfloat16,NVIDIA L40S,0,basiskv_ag_b32,reconstruction,0.020896000787615776,0.020735999569296837,0.021247999742627144,all_gather,256,8192,16384,114688.0
Qwen/Qwen3-8B-Base,49e3418fbbbca6ecbdf9608b4d22e5a407081db4,basiskv_ag,n/a,32,8,64,,,,,,,n/a,bfloat16,NVIDIA L40S,0,basiskv_ag_b32,total,0.05140800029039383,0.05081599950790405,0.05244800075888634,all_gather,256,8192,16384,114688.0
Qwen/Qwen3-8B-Base,49e3418fbbbca6ecbdf9608b4d22e5a407081db4,dense_ar,n/a,32,8,64,,,,,,,n/a,bfloat16,NVIDIA L40S,1,dense_ar_b32,projection,0.012671999633312225,0.01244799979031086,0.014015999622642994,all_reduce,4096,131072,262144,458752.0
Qwen/Qwen3-8B-Base,49e3418fbbbca6ecbdf9608b4d22e5a407081db4,dense_ar,n/a,32,8,64,,,,,,,n/a,bfloat16,NVIDIA L40S,1,dense_ar_b32,collective,0.08137600123882294,0.08057600259780884,0.0822720006108284,all_reduce,4096,131072,262144,458752.0
Qwen/Qwen3-8B-Base,49e3418fbbbca6ecbdf9608b4d22e5a407081db4,dense_ar,n/a,32,8,64,,,,,,,n/a,bfloat16,NVIDIA L40S,1,dense_ar_b32,reconstruction,0.009503999724984169,0.009279999881982803,0.010239999741315842,all_reduce,4096,131072,262144,458752.0
Qwen/Qwen3-8B-Base,49e3418fbbbca6ecbdf9608b4d22e5a407081db4,dense_ar,n/a,32,8,64,,,,,,,n/a,bfloat16,NVIDIA L40S,1,dense_ar_b32,total,0.08966399729251862,0.08899199962615967,0.09055999666452408,all_reduce,4096,131072,262144,458752.0
Qwen/Qwen3-8B-Base,49e3418fbbbca6ecbdf9608b4d22e5a407081db4,lr_ar_wire,n/a,32,8,64,,,,,,,n/a,bfloat16,NVIDIA L40S,1,lr_ar_wire_b32,projection,0.012608000077307224,0.01235199999064207,0.013439999893307686,all_reduce,1024,32768,65536,114688.0
Qwen/Qwen3-8B-Base,49e3418fbbbca6ecbdf9608b4d22e5a407081db4,lr_ar_wire,n/a,32,8,64,,,,,,,n/a,bfloat16,NVIDIA L40S,1,lr_ar_wire_b32,collective,0.03377600014209747,0.032735999673604965,0.03577600046992302,all_reduce,1024,32768,65536,114688.0
Qwen/Qwen3-8B-Base,49e3418fbbbca6ecbdf9608b4d22e5a407081db4,lr_ar_wire,n/a,32,8,64,,,,,,,n/a,bfloat16,NVIDIA L40S,1,lr_ar_wire_b32,reconstruction,0.015456000342965126,0.01532800029963255,0.01603199914097786,all_reduce,1024,32768,65536,114688.0
Qwen/Qwen3-8B-Base,49e3418fbbbca6ecbdf9608b4d22e5a407081db4,lr_ar_wire,n/a,32,8,64,,,,,,,n/a,bfloat16,NVIDIA L40S,1,lr_ar_wire_b32,total,0.061184000223875046,0.059487998485565186,0.06867200136184692,all_reduce,1024,32768,65536,114688.0
Qwen/Qwen3-8B-Base,49e3418fbbbca6ecbdf9608b4d22e5a407081db4,lr_ar_cap,n/a,32,8,64,,,,,,,n/a,bfloat16,NVIDIA L40S,1,lr_ar_cap_b32,projection,0.012608000077307224,0.01235199999064207,0.013344000093638897,all_reduce,2048,65536,131072,229376.0
Qwen/Qwen3-8B-Base,49e3418fbbbca6ecbdf9608b4d22e5a407081db4,lr_ar_cap,n/a,32,8,64,,,,,,,n/a,bfloat16,NVIDIA L40S,1,lr_ar_cap_b32,collective,0.04915200173854828,0.04864000156521797,0.04992000013589859,all_reduce,2048,65536,131072,229376.0
Qwen/Qwen3-8B-Base,49e3418fbbbca6ecbdf9608b4d22e5a407081db4,lr_ar_cap,n/a,32,8,64,,,,,,,n/a,bfloat16,NVIDIA L40S,1,lr_ar_cap_b32,reconstruction,0.016976000741124153,0.016863999888300896,0.017184000462293625,all_reduce,2048,65536,131072,229376.0
Qwen/Qwen3-8B-Base,49e3418fbbbca6ecbdf9608b4d22e5a407081db4,lr_ar_cap,n/a,32,8,64,,,,,,,n/a,bfloat16,NVIDIA L40S,1,lr_ar_cap_b32,total,0.07017599791288376,0.06940799951553345,0.07091200351715088,all_reduce,2048,65536,131072,229376.0
Qwen/Qwen3-8B-Base,49e3418fbbbca6ecbdf9608b4d22e5a407081db4,c1_ar,n/a,32,8,64,,,,,,,n/a,bfloat16,NVIDIA L40S,1,c1_ar_b32,projection,0.021455999463796616,0.020191999152302742,0.024768000468611717,all_reduce,2048,65536,131072,229376.0
Qwen/Qwen3-8B-Base,49e3418fbbbca6ecbdf9608b4d22e5a407081db4,c1_ar,n/a,32,8,64,,,,,,,n/a,bfloat16,NVIDIA L40S,1,c1_ar_b32,collective,0.04912000149488449,0.04867200180888176,0.050016000866889954,all_reduce,2048,65536,131072,229376.0
Qwen/Qwen3-8B-Base,49e3418fbbbca6ecbdf9608b4d22e5a407081db4,c1_ar,n/a,32,8,64,,,,,,,n/a,bfloat16,NVIDIA L40S,1,c1_ar_b32,reconstruction,0.020896000787615776,0.02070399932563305,0.021183999255299568,all_reduce,2048,65536,131072,229376.0
Qwen/Qwen3-8B-Base,49e3418fbbbca6ecbdf9608b4d22e5a407081db4,c1_ar,n/a,32,8,64,,,,,,,n/a,bfloat16,NVIDIA L40S,1,c1_ar_b32,total,0.08020799979567528,0.07702399790287018,0.08991999924182892,all_reduce,2048,65536,131072,229376.0
Qwen/Qwen3-8B-Base,49e3418fbbbca6ecbdf9608b4d22e5a407081db4,basiskv_ag,n/a,32,8,64,,,,,,,n/a,bfloat16,NVIDIA L40S,1,basiskv_ag_b32,projection,0.011951999738812447,0.011711999773979187,0.012608000077307224,all_gather,256,8192,16384,114688.0
Qwen/Qwen3-8B-Base,49e3418fbbbca6ecbdf9608b4d22e5a407081db4,basiskv_ag,n/a,32,8,64,,,,,,,n/a,bfloat16,NVIDIA L40S,1,basiskv_ag_b32,collective,0.028944000601768494,0.02848000079393387,0.030208000913262367,all_gather,256,8192,16384,114688.0
Qwen/Qwen3-8B-Base,49e3418fbbbca6ecbdf9608b4d22e5a407081db4,basiskv_ag,n/a,32,8,64,,,,,,,n/a,bfloat16,NVIDIA L40S,1,basiskv_ag_b32,reconstruction,0.020896000787615776,0.02070399932563305,0.021215999498963356,all_gather,256,8192,16384,114688.0
Qwen/Qwen3-8B-Base,49e3418fbbbca6ecbdf9608b4d22e5a407081db4,basiskv_ag,n/a,32,8,64,,,,,,,n/a,bfloat16,NVIDIA L40S,1,basiskv_ag_b32,total,0.05124799907207489,0.05071999877691269,0.05222399905323982,all_gather,256,8192,16384,114688.0
Qwen/Qwen3-8B-Base,49e3418fbbbca6ecbdf9608b4d22e5a407081db4,dense_ar,n/a,32,8,64,,,,,,,n/a,bfloat16,NVIDIA L40S,2,dense_ar_b32,projection,0.012640000320971012,0.01235199999064207,0.017343999817967415,all_reduce,4096,131072,262144,458752.0
Qwen/Qwen3-8B-Base,49e3418fbbbca6ecbdf9608b4d22e5a407081db4,dense_ar,n/a,32,8,64,,,,,,,n/a,bfloat16,NVIDIA L40S,2,dense_ar_b32,collective,0.08134400099515915,0.08057600259780884,0.08233600109815598,all_reduce,4096,131072,262144,458752.0
Qwen/Qwen3-8B-Base,49e3418fbbbca6ecbdf9608b4d22e5a407081db4,dense_ar,n/a,32,8,64,,,,,,,n/a,bfloat16,NVIDIA L40S,2,dense_ar_b32,reconstruction,0.01727999933063984,0.00940799992531538,0.021344000473618507,all_reduce,4096,131072,262144,458752.0
Qwen/Qwen3-8B-Base,49e3418fbbbca6ecbdf9608b4d22e5a407081db4,dense_ar,n/a,32,8,64,,,,,,,n/a,bfloat16,NVIDIA L40S,2,dense_ar_b32,total,0.08975999802350998,0.0891840010881424,0.09046400338411331,all_reduce,4096,131072,262144,458752.0
Qwen/Qwen3-8B-Base,49e3418fbbbca6ecbdf9608b4d22e5a407081db4,lr_ar_wire,n/a,32,8,64,,,,,,,n/a,bfloat16,NVIDIA L40S,2,lr_ar_wire_b32,projection,0.012671999633312225,0.012384000234305859,0.014751999638974667,all_reduce,1024,32768,65536,114688.0
Qwen/Qwen3-8B-Base,49e3418fbbbca6ecbdf9608b4d22e5a407081db4,lr_ar_wire,n/a,32,8,64,,,,,,,n/a,bfloat16,NVIDIA L40S,2,lr_ar_wire_b32,collective,0.03315199911594391,0.032416000962257385,0.03561599925160408,all_reduce,1024,32768,65536,114688.0
Qwen/Qwen3-8B-Base,49e3418fbbbca6ecbdf9608b4d22e5a407081db4,lr_ar_wire,n/a,32,8,64,,,,,,,n/a,bfloat16,NVIDIA L40S,2,lr_ar_wire_b32,reconstruction,0.015552000142633915,0.015359999611973763,0.016224000602960587,all_reduce,1024,32768,65536,114688.0
Qwen/Qwen3-8B-Base,49e3418fbbbca6ecbdf9608b4d22e5a407081db4,lr_ar_wire,n/a,32,8,64,,,,,,,n/a,bfloat16,NVIDIA L40S,2,lr_ar_wire_b32,total,0.060816001147031784,0.05926400050520897,0.06572800129652023,all_reduce,1024,32768,65536,114688.0
Qwen/Qwen3-8B-Base,49e3418fbbbca6ecbdf9608b4d22e5a407081db4,lr_ar_cap,n/a,32,8,64,,,,,,,n/a,bfloat16,NVIDIA L40S,2,lr_ar_cap_b32,projection,0.012575999833643436,0.012319999746978283,0.01414399966597557,all_reduce,2048,65536,131072,229376.0
Qwen/Qwen3-8B-Base,49e3418fbbbca6ecbdf9608b4d22e5a407081db4,lr_ar_cap,n/a,32,8,64,,,,,,,n/a,bfloat16,NVIDIA L40S,2,lr_ar_cap_b32,collective,0.049247998744249344,0.04870399832725525,0.050016000866889954,all_reduce,2048,65536,131072,229376.0
Qwen/Qwen3-8B-Base,49e3418fbbbca6ecbdf9608b4d22e5a407081db4,lr_ar_cap,n/a,32,8,64,,,,,,,n/a,bfloat16,NVIDIA L40S,2,lr_ar_cap_b32,reconstruction,0.023439999669790268,0.016831999644637108,0.026016000658273697,all_reduce,2048,65536,131072,229376.0
Qwen/Qwen3-8B-Base,49e3418fbbbca6ecbdf9608b4d22e5a407081db4,lr_ar_cap,n/a,32,8,64,,,,,,,n/a,bfloat16,NVIDIA L40S,2,lr_ar_cap_b32,total,0.07023999840021133,0.06963200122117996,0.07126399874687195,all_reduce,2048,65536,131072,229376.0
Qwen/Qwen3-8B-Base,49e3418fbbbca6ecbdf9608b4d22e5a407081db4,c1_ar,n/a,32,8,64,,,,,,,n/a,bfloat16,NVIDIA L40S,2,c1_ar_b32,projection,0.016607999801635742,0.016224000602960587,0.02143999934196472,all_reduce,2048,65536,131072,229376.0
Qwen/Qwen3-8B-Base,49e3418fbbbca6ecbdf9608b4d22e5a407081db4,c1_ar,n/a,32,8,64,,,,,,,n/a,bfloat16,NVIDIA L40S,2,c1_ar_b32,collective,0.04912000149488449,0.048608001321554184,0.04992000013589859,all_reduce,2048,65536,131072,229376.0
Qwen/Qwen3-8B-Base,49e3418fbbbca6ecbdf9608b4d22e5a407081db4,c1_ar,n/a,32,8,64,,,,,,,n/a,bfloat16,NVIDIA L40S,2,c1_ar_b32,reconstruction,0.020896000787615776,0.020735999569296837,0.02112000063061714,all_reduce,2048,65536,131072,229376.0
Qwen/Qwen3-8B-Base,49e3418fbbbca6ecbdf9608b4d22e5a407081db4,c1_ar,n/a,32,8,64,,,,,,,n/a,bfloat16,NVIDIA L40S,2,c1_ar_b32,total,0.07982399687170982,0.078015998005867,0.0878399983048439,all_reduce,2048,65536,131072,229376.0
Qwen/Qwen3-8B-Base,49e3418fbbbca6ecbdf9608b4d22e5a407081db4,basiskv_ag,n/a,32,8,64,,,,,,,n/a,bfloat16,NVIDIA L40S,2,basiskv_ag_b32,projection,0.012000000104308128,0.011807999573647976,0.013024000450968742,all_gather,256,8192,16384,114688.0
Qwen/Qwen3-8B-Base,49e3418fbbbca6ecbdf9608b4d22e5a407081db4,basiskv_ag,n/a,32,8,64,,,,,,,n/a,bfloat16,NVIDIA L40S,2,basiskv_ag_b32,collective,0.028736000880599022,0.028384000062942505,0.02985600009560585,all_gather,256,8192,16384,114688.0
Qwen/Qwen3-8B-Base,49e3418fbbbca6ecbdf9608b4d22e5a407081db4,basiskv_ag,n/a,32,8,64,,,,,,,n/a,bfloat16,NVIDIA L40S,2,basiskv_ag_b32,reconstruction,0.020896000787615776,0.02070399932563305,0.022431999444961548,all_gather,256,8192,16384,114688.0
Qwen/Qwen3-8B-Base,49e3418fbbbca6ecbdf9608b4d22e5a407081db4,basiskv_ag,n/a,32,8,64,,,,,,,n/a,bfloat16,NVIDIA L40S,2,basiskv_ag_b32,total,0.051392000168561935,0.05075199902057648,0.052928000688552856,all_gather,256,8192,16384,114688.0
Qwen/Qwen3-8B-Base,49e3418fbbbca6ecbdf9608b4d22e5a407081db4,dense_ar,n/a,1,8,64,,,,,,,n/a,bfloat16,NVIDIA L40S,0,dense_ar_b1,projection,0.012736000120639801,0.01235199999064207,0.014175999909639359,all_reduce,4096,4096,8192,14336.0
Qwen/Qwen3-8B-Base,49e3418fbbbca6ecbdf9608b4d22e5a407081db4,dense_ar,n/a,1,8,64,,,,,,,n/a,bfloat16,NVIDIA L40S,0,dense_ar_b1,collective,0.03280000016093254,0.03142400085926056,0.035232000052928925,all_reduce,4096,4096,8192,14336.0
Qwen/Qwen3-8B-Base,49e3418fbbbca6ecbdf9608b4d22e5a407081db4,dense_ar,n/a,1,8,64,,,,,,,n/a,bfloat16,NVIDIA L40S,0,dense_ar_b1,reconstruction,0.009424000047147274,0.009216000325977802,0.011008000001311302,all_reduce,4096,4096,8192,14336.0
Qwen/Qwen3-8B-Base,49e3418fbbbca6ecbdf9608b4d22e5a407081db4,dense_ar,n/a,1,8,64,,,,,,,n/a,bfloat16,NVIDIA L40S,0,dense_ar_b1,total,0.06689600273966789,0.06534399837255478,0.07235199958086014,all_reduce,4096,4096,8192,14336.0
Qwen/Qwen3-8B-Base,49e3418fbbbca6ecbdf9608b4d22e5a407081db4,lr_ar_wire,n/a,1,8,64,,,,,,,n/a,bfloat16,NVIDIA L40S,0,lr_ar_wire_b1,projection,0.01587199978530407,0.01571200042963028,0.016704000532627106,all_reduce,1024,1024,2048,3584.0
Qwen/Qwen3-8B-Base,49e3418fbbbca6ecbdf9608b4d22e5a407081db4,lr_ar_wire,n/a,1,8,64,,,,,,,n/a,bfloat16,NVIDIA L40S,0,lr_ar_wire_b1,collective,0.032255999743938446,0.031199999153614044,0.033824000507593155,all_reduce,1024,1024,2048,3584.0
Qwen/Qwen3-8B-Base,49e3418fbbbca6ecbdf9608b4d22e5a407081db4,lr_ar_wire,n/a,1,8,64,,,,,,,n/a,bfloat16,NVIDIA L40S,0,lr_ar_wire_b1,reconstruction,0.012384000234305859,0.012128000147640705,0.013311999849975109,all_reduce,1024,1024,2048,3584.0
Qwen/Qwen3-8B-Base,49e3418fbbbca6ecbdf9608b4d22e5a407081db4,lr_ar_wire,n/a,1,8,64,,,,,,,n/a,bfloat16,NVIDIA L40S,0,lr_ar_wire_b1,total,0.06233600154519081,0.05984000116586685,0.06838399916887283,all_reduce,1024,1024,2048,3584.0
Qwen/Qwen3-8B-Base,49e3418fbbbca6ecbdf9608b4d22e5a407081db4,lr_ar_cap,n/a,1,8,64,,,,,,,n/a,bfloat16,NVIDIA L40S,0,lr_ar_cap_b1,projection,0.016464000567793846,0.01583999954164028,0.022016000002622604,all_reduce,2048,2048,4096,7168.0
Qwen/Qwen3-8B-Base,49e3418fbbbca6ecbdf9608b4d22e5a407081db4,lr_ar_cap,n/a,1,8,64,,,,,,,n/a,bfloat16,NVIDIA L40S,0,lr_ar_cap_b1,collective,0.03359999880194664,0.03219199925661087,0.047231998294591904,all_reduce,2048,2048,4096,7168.0
Qwen/Qwen3-8B-Base,49e3418fbbbca6ecbdf9608b4d22e5a407081db4,lr_ar_cap,n/a,1,8,64,,,,,,,n/a,bfloat16,NVIDIA L40S,0,lr_ar_cap_b1,reconstruction,0.020336000248789787,0.01532800029963255,0.023360000923275948,all_reduce,2048,2048,4096,7168.0
Qwen/Qwen3-8B-Base,49e3418fbbbca6ecbdf9608b4d22e5a407081db4,lr_ar_cap,n/a,1,8,64,,,,,,,n/a,bfloat16,NVIDIA L40S,0,lr_ar_cap_b1,total,0.06470400094985962,0.0626240000128746,0.07238399982452393,all_reduce,2048,2048,4096,7168.0
Qwen/Qwen3-8B-Base,49e3418fbbbca6ecbdf9608b4d22e5a407081db4,c1_ar,n/a,1,8,64,,,,,,,n/a,bfloat16,NVIDIA L40S,0,c1_ar_b1,projection,0.016287999227643013,0.01587199978530407,0.021888000890612602,all_reduce,2048,2048,4096,7168.0
Qwen/Qwen3-8B-Base,49e3418fbbbca6ecbdf9608b4d22e5a407081db4,c1_ar,n/a,1,8,64,,,,,,,n/a,bfloat16,NVIDIA L40S,0,c1_ar_b1,collective,0.032896000891923904,0.0318400003015995,0.03513599932193756,all_reduce,2048,2048,4096,7168.0
Qwen/Qwen3-8B-Base,49e3418fbbbca6ecbdf9608b4d22e5a407081db4,c1_ar,n/a,1,8,64,,,,,,,n/a,bfloat16,NVIDIA L40S,0,c1_ar_b1,reconstruction,0.027807999402284622,0.027648000046610832,0.028031999245285988,all_reduce,2048,2048,4096,7168.0
Qwen/Qwen3-8B-Base,49e3418fbbbca6ecbdf9608b4d22e5a407081db4,c1_ar,n/a,1,8,64,,,,,,,n/a,bfloat16,NVIDIA L40S,0,c1_ar_b1,total,0.07713599875569344,0.0756480023264885,0.08355200290679932,all_reduce,2048,2048,4096,7168.0
Qwen/Qwen3-8B-Base,49e3418fbbbca6ecbdf9608b4d22e5a407081db4,basiskv_ag,n/a,1,8,64,,,,,,,n/a,bfloat16,NVIDIA L40S,0,basiskv_ag_b1,projection,0.011935999616980553,0.011615999974310398,0.012768000364303589,all_gather,256,256,512,3584.0
Qwen/Qwen3-8B-Base,49e3418fbbbca6ecbdf9608b4d22e5a407081db4,basiskv_ag,n/a,1,8,64,,,,,,,n/a,bfloat16,NVIDIA L40S,0,basiskv_ag_b1,collective,0.01603199914097786,0.015584000386297703,0.016736000776290894,all_gather,256,256,512,3584.0
Qwen/Qwen3-8B-Base,49e3418fbbbca6ecbdf9608b4d22e5a407081db4,basiskv_ag,n/a,1,8,64,,,,,,,n/a,bfloat16,NVIDIA L40S,0,basiskv_ag_b1,reconstruction,0.027871999889612198,0.027583999559283257,0.032735999673604965,all_gather,256,256,512,3584.0
Qwen/Qwen3-8B-Base,49e3418fbbbca6ecbdf9608b4d22e5a407081db4,basiskv_ag,n/a,1,8,64,,,,,,,n/a,bfloat16,NVIDIA L40S,0,basiskv_ag_b1,total,0.04444799944758415,0.04371200129389763,0.04521600157022476,all_gather,256,256,512,3584.0
Qwen/Qwen3-8B-Base,49e3418fbbbca6ecbdf9608b4d22e5a407081db4,dense_ar,n/a,1,8,64,,,,,,,n/a,bfloat16,NVIDIA L40S,1,dense_ar_b1,projection,0.012368000112473965,0.01206399966031313,0.013024000450968742,all_reduce,4096,4096,8192,14336.0
Qwen/Qwen3-8B-Base,49e3418fbbbca6ecbdf9608b4d22e5a407081db4,dense_ar,n/a,1,8,64,,,,,,,n/a,bfloat16,NVIDIA L40S,1,dense_ar_b1,collective,0.03222399950027466,0.031168000772595406,0.03532800078392029,all_reduce,4096,4096,8192,14336.0
Qwen/Qwen3-8B-Base,49e3418fbbbca6ecbdf9608b4d22e5a407081db4,dense_ar,n/a,1,8,64,,,,,,,n/a,bfloat16,NVIDIA L40S,1,dense_ar_b1,reconstruction,0.009472000412642956,0.009279999881982803,0.010528000071644783,all_reduce,4096,4096,8192,14336.0
Qwen/Qwen3-8B-Base,49e3418fbbbca6ecbdf9608b4d22e5a407081db4,dense_ar,n/a,1,8,64,,,,,,,n/a,bfloat16,NVIDIA L40S,1,dense_ar_b1,total,0.06782400235533714,0.0658240020275116,0.07360000163316727,all_reduce,4096,4096,8192,14336.0
Qwen/Qwen3-8B-Base,49e3418fbbbca6ecbdf9608b4d22e5a407081db4,lr_ar_wire,n/a,1,8,64,,,,,,,n/a,bfloat16,NVIDIA L40S,1,lr_ar_wire_b1,projection,0.01583999954164028,0.015647999942302704,0.016831999644637108,all_reduce,1024,1024,2048,3584.0
Qwen/Qwen3-8B-Base,49e3418fbbbca6ecbdf9608b4d22e5a407081db4,lr_ar_wire,n/a,1,8,64,,,,,,,n/a,bfloat16,NVIDIA L40S,1,lr_ar_wire_b1,collective,0.032496001571416855,0.031039999797940254,0.03580800071358681,all_reduce,1024,1024,2048,3584.0
Qwen/Qwen3-8B-Base,49e3418fbbbca6ecbdf9608b4d22e5a407081db4,lr_ar_wire,n/a,1,8,64,,,,,,,n/a,bfloat16,NVIDIA L40S,1,lr_ar_wire_b1,reconstruction,0.012319999746978283,0.012095999903976917,0.013055999763309956,all_reduce,1024,1024,2048,3584.0
Qwen/Qwen3-8B-Base,49e3418fbbbca6ecbdf9608b4d22e5a407081db4,lr_ar_wire,n/a,1,8,64,,,,,,,n/a,bfloat16,NVIDIA L40S,1,lr_ar_wire_b1,total,0.06374400109052658,0.06047999858856201,0.07020799815654755,all_reduce,1024,1024,2048,3584.0
Qwen/Qwen3-8B-Base,49e3418fbbbca6ecbdf9608b4d22e5a407081db4,lr_ar_cap,n/a,1,8,64,,,,,,,n/a,bfloat16,NVIDIA L40S,1,lr_ar_cap_b1,projection,0.016448000445961952,0.015968000516295433,0.0244159996509552,all_reduce,2048,2048,4096,7168.0
Qwen/Qwen3-8B-Base,49e3418fbbbca6ecbdf9608b4d22e5a407081db4,lr_ar_cap,n/a,1,8,64,,,,,,,n/a,bfloat16,NVIDIA L40S,1,lr_ar_cap_b1,collective,0.03411199897527695,0.031968001276254654,0.03766399994492531,all_reduce,2048,2048,4096,7168.0
Qwen/Qwen3-8B-Base,49e3418fbbbca6ecbdf9608b4d22e5a407081db4,lr_ar_cap,n/a,1,8,64,,,,,,,n/a,bfloat16,NVIDIA L40S,1,lr_ar_cap_b1,reconstruction,0.015424000099301338,0.015263999812304974,0.01759999990463257,all_reduce,2048,2048,4096,7168.0
Qwen/Qwen3-8B-Base,49e3418fbbbca6ecbdf9608b4d22e5a407081db4,lr_ar_cap,n/a,1,8,64,,,,,,,n/a,bfloat16,NVIDIA L40S,1,lr_ar_cap_b1,total,0.06492800265550613,0.06275200098752975,0.07283200323581696,all_reduce,2048,2048,4096,7168.0
Qwen/Qwen3-8B-Base,49e3418fbbbca6ecbdf9608b4d22e5a407081db4,c1_ar,n/a,1,8,64,,,,,,,n/a,bfloat16,NVIDIA L40S,1,c1_ar_b1,projection,0.016127999871969223,0.01587199978530407,0.017311999574303627,all_reduce,2048,2048,4096,7168.0
Qwen/Qwen3-8B-Base,49e3418fbbbca6ecbdf9608b4d22e5a407081db4,c1_ar,n/a,1,8,64,,,,,,,n/a,bfloat16,NVIDIA L40S,1,c1_ar_b1,collective,0.03323199972510338,0.03152000159025192,0.04041599854826927,all_reduce,2048,2048,4096,7168.0
Qwen/Qwen3-8B-Base,49e3418fbbbca6ecbdf9608b4d22e5a407081db4,c1_ar,n/a,1,8,64,,,,,,,n/a,bfloat16,NVIDIA L40S,1,c1_ar_b1,reconstruction,0.027648000046610832,0.027488000690937042,0.027904000133275986,all_reduce,2048,2048,4096,7168.0
Qwen/Qwen3-8B-Base,49e3418fbbbca6ecbdf9608b4d22e5a407081db4,c1_ar,n/a,1,8,64,,,,,,,n/a,bfloat16,NVIDIA L40S,1,c1_ar_b1,total,0.08294399827718735,0.07449600100517273,0.09513600170612335,all_reduce,2048,2048,4096,7168.0
Qwen/Qwen3-8B-Base,49e3418fbbbca6ecbdf9608b4d22e5a407081db4,basiskv_ag,n/a,1,8,64,,,,,,,n/a,bfloat16,NVIDIA L40S,1,basiskv_ag_b1,projection,0.01190400030463934,0.01158399973064661,0.012703999876976013,all_gather,256,256,512,3584.0
Qwen/Qwen3-8B-Base,49e3418fbbbca6ecbdf9608b4d22e5a407081db4,basiskv_ag,n/a,1,8,64,,,,,,,n/a,bfloat16,NVIDIA L40S,1,basiskv_ag_b1,collective,0.01595200039446354,0.015519999898970127,0.016704000532627106,all_gather,256,256,512,3584.0
Qwen/Qwen3-8B-Base,49e3418fbbbca6ecbdf9608b4d22e5a407081db4,basiskv_ag,n/a,1,8,64,,,,,,,n/a,bfloat16,NVIDIA L40S,1,basiskv_ag_b1,reconstruction,0.027712000533938408,0.02751999907195568,0.030208000913262367,all_gather,256,256,512,3584.0
Qwen/Qwen3-8B-Base,49e3418fbbbca6ecbdf9608b4d22e5a407081db4,basiskv_ag,n/a,1,8,64,,,,,,,n/a,bfloat16,NVIDIA L40S,1,basiskv_ag_b1,total,0.044256001710891724,0.043616000562906265,0.04527999833226204,all_gather,256,256,512,3584.0
Qwen/Qwen3-8B-Base,49e3418fbbbca6ecbdf9608b4d22e5a407081db4,dense_ar,n/a,1,8,64,,,,,,,n/a,bfloat16,NVIDIA L40S,2,dense_ar_b1,projection,0.012384000234305859,0.012128000147640705,0.012959999963641167,all_reduce,4096,4096,8192,14336.0
Qwen/Qwen3-8B-Base,49e3418fbbbca6ecbdf9608b4d22e5a407081db4,dense_ar,n/a,1,8,64,,,,,,,n/a,bfloat16,NVIDIA L40S,2,dense_ar_b1,collective,0.0331839993596077,0.032127998769283295,0.03510399907827377,all_reduce,4096,4096,8192,14336.0
Qwen/Qwen3-8B-Base,49e3418fbbbca6ecbdf9608b4d22e5a407081db4,dense_ar,n/a,1,8,64,,,,,,,n/a,bfloat16,NVIDIA L40S,2,dense_ar_b1,reconstruction,0.00940799992531538,0.009184000082314014,0.009727999567985535,all_reduce,4096,4096,8192,14336.0
Qwen/Qwen3-8B-Base,49e3418fbbbca6ecbdf9608b4d22e5a407081db4,dense_ar,n/a,1,8,64,,,,,,,n/a,bfloat16,NVIDIA L40S,2,dense_ar_b1,total,0.06612799689173698,0.06307200342416763,0.07635200023651123,all_reduce,4096,4096,8192,14336.0
Qwen/Qwen3-8B-Base,49e3418fbbbca6ecbdf9608b4d22e5a407081db4,lr_ar_wire,n/a,1,8,64,,,,,,,n/a,bfloat16,NVIDIA L40S,2,lr_ar_wire_b1,projection,0.015904000028967857,0.01571200042963028,0.016992000862956047,all_reduce,1024,1024,2048,3584.0
Qwen/Qwen3-8B-Base,49e3418fbbbca6ecbdf9608b4d22e5a407081db4,lr_ar_wire,n/a,1,8,64,,,,,,,n/a,bfloat16,NVIDIA L40S,2,lr_ar_wire_b1,collective,0.03248000144958496,0.03142400085926056,0.03452799841761589,all_reduce,1024,1024,2048,3584.0
Qwen/Qwen3-8B-Base,49e3418fbbbca6ecbdf9608b4d22e5a407081db4,lr_ar_wire,n/a,1,8,64,,,,,,,n/a,bfloat16,NVIDIA L40S,2,lr_ar_wire_b1,reconstruction,0.015519999898970127,0.013728000223636627,0.017855999991297722,all_reduce,1024,1024,2048,3584.0
Qwen/Qwen3-8B-Base,49e3418fbbbca6ecbdf9608b4d22e5a407081db4,lr_ar_wire,n/a,1,8,64,,,,,,,n/a,bfloat16,NVIDIA L40S,2,lr_ar_wire_b1,total,0.06305600330233574,0.0615679994225502,0.0711359977722168,all_reduce,1024,1024,2048,3584.0
Qwen/Qwen3-8B-Base,49e3418fbbbca6ecbdf9608b4d22e5a407081db4,lr_ar_cap,n/a,1,8,64,,,,,,,n/a,bfloat16,NVIDIA L40S,2,lr_ar_cap_b1,projection,0.01611199975013733,0.015776000916957855,0.02473600022494793,all_reduce,2048,2048,4096,7168.0
Qwen/Qwen3-8B-Base,49e3418fbbbca6ecbdf9608b4d22e5a407081db4,lr_ar_cap,n/a,1,8,64,,,,,,,n/a,bfloat16,NVIDIA L40S,2,lr_ar_cap_b1,collective,0.03222399950027466,0.03081599995493889,0.03471999987959862,all_reduce,2048,2048,4096,7168.0
Qwen/Qwen3-8B-Base,49e3418fbbbca6ecbdf9608b4d22e5a407081db4,lr_ar_cap,n/a,1,8,64,,,,,,,n/a,bfloat16,NVIDIA L40S,2,lr_ar_cap_b1,reconstruction,0.015424000099301338,0.015263999812304974,0.01635199971497059,all_reduce,2048,2048,4096,7168.0
Qwen/Qwen3-8B-Base,49e3418fbbbca6ecbdf9608b4d22e5a407081db4,lr_ar_cap,n/a,1,8,64,,,,,,,n/a,bfloat16,NVIDIA L40S,2,lr_ar_cap_b1,total,0.06377600133419037,0.06201599910855293,0.06934399902820587,all_reduce,2048,2048,4096,7168.0
Qwen/Qwen3-8B-Base,49e3418fbbbca6ecbdf9608b4d22e5a407081db4,c1_ar,n/a,1,8,64,,,,,,,n/a,bfloat16,NVIDIA L40S,2,c1_ar_b1,projection,0.016127999871969223,0.015776000916957855,0.018400000408291817,all_reduce,2048,2048,4096,7168.0
Qwen/Qwen3-8B-Base,49e3418fbbbca6ecbdf9608b4d22e5a407081db4,c1_ar,n/a,1,8,64,,,,,,,n/a,bfloat16,NVIDIA L40S,2,c1_ar_b1,collective,0.032896000891923904,0.03174399957060814,0.03465599939227104,all_reduce,2048,2048,4096,7168.0
Qwen/Qwen3-8B-Base,49e3418fbbbca6ecbdf9608b4d22e5a407081db4,c1_ar,n/a,1,8,64,,,,,,,n/a,bfloat16,NVIDIA L40S,2,c1_ar_b1,reconstruction,0.027583999559283257,0.027456000447273254,0.02783999964594841,all_reduce,2048,2048,4096,7168.0
Qwen/Qwen3-8B-Base,49e3418fbbbca6ecbdf9608b4d22e5a407081db4,c1_ar,n/a,1,8,64,,,,,,,n/a,bfloat16,NVIDIA L40S,2,c1_ar_b1,total,0.07702399790287018,0.07526399940252304,0.08739200234413147,all_reduce,2048,2048,4096,7168.0
Qwen/Qwen3-8B-Base,49e3418fbbbca6ecbdf9608b4d22e5a407081db4,basiskv_ag,n/a,1,8,64,,,,,,,n/a,bfloat16,NVIDIA L40S,2,basiskv_ag_b1,projection,0.011935999616980553,0.011615999974310398,0.015424000099301338,all_gather,256,256,512,3584.0
Qwen/Qwen3-8B-Base,49e3418fbbbca6ecbdf9608b4d22e5a407081db4,basiskv_ag,n/a,1,8,64,,,,,,,n/a,bfloat16,NVIDIA L40S,2,basiskv_ag_b1,collective,0.016208000481128693,0.015584000386297703,0.01708799973130226,all_gather,256,256,512,3584.0
Qwen/Qwen3-8B-Base,49e3418fbbbca6ecbdf9608b4d22e5a407081db4,basiskv_ag,n/a,1,8,64,,,,,,,n/a,bfloat16,NVIDIA L40S,2,basiskv_ag_b1,reconstruction,0.027583999559283257,0.02739199995994568,0.027807999402284622,all_gather,256,256,512,3584.0
Qwen/Qwen3-8B-Base,49e3418fbbbca6ecbdf9608b4d22e5a407081db4,basiskv_ag,n/a,1,8,64,,,,,,,n/a,bfloat16,NVIDIA L40S,2,basiskv_ag_b1,total,0.04420800134539604,0.0435199998319149,0.045152001082897186,all_gather,256,256,512,3584.0
Qwen/Qwen3-8B-Base,49e3418fbbbca6ecbdf9608b4d22e5a407081db4,dense_ar,n/a,2,8,64,,,,,,,n/a,bfloat16,NVIDIA L40S,0,dense_ar_b2,projection,0.012671999633312225,0.012415999546647072,0.014527999795973301,all_reduce,4096,8192,16384,28672.0
Qwen/Qwen3-8B-Base,49e3418fbbbca6ecbdf9608b4d22e5a407081db4,dense_ar,n/a,2,8,64,,,,,,,n/a,bfloat16,NVIDIA L40S,0,dense_ar_b2,collective,0.03190400078892708,0.03001599945127964,0.04185599833726883,all_reduce,4096,8192,16384,28672.0
Qwen/Qwen3-8B-Base,49e3418fbbbca6ecbdf9608b4d22e5a407081db4,dense_ar,n/a,2,8,64,,,,,,,n/a,bfloat16,NVIDIA L40S,0,dense_ar_b2,reconstruction,0.009440000168979168,0.009216000325977802,0.01017600018531084,all_reduce,4096,8192,16384,28672.0
Qwen/Qwen3-8B-Base,49e3418fbbbca6ecbdf9608b4d22e5a407081db4,dense_ar,n/a,2,8,64,,,,,,,n/a,bfloat16,NVIDIA L40S,0,dense_ar_b2,total,0.06878400221467018,0.06585600227117538,0.07436800003051758,all_reduce,4096,8192,16384,28672.0
Qwen/Qwen3-8B-Base,49e3418fbbbca6ecbdf9608b4d22e5a407081db4,lr_ar_wire,n/a,2,8,64,,,,,,,n/a,bfloat16,NVIDIA L40S,0,lr_ar_wire_b2,projection,0.012736000120639801,0.01244799979031086,0.014112000353634357,all_reduce,1024,2048,4096,7168.0
Qwen/Qwen3-8B-Base,49e3418fbbbca6ecbdf9608b4d22e5a407081db4,lr_ar_wire,n/a,2,8,64,,,,,,,n/a,bfloat16,NVIDIA L40S,0,lr_ar_wire_b2,collective,0.033615998923778534,0.03215999901294708,0.03753599897027016,all_reduce,1024,2048,4096,7168.0
Qwen/Qwen3-8B-Base,49e3418fbbbca6ecbdf9608b4d22e5a407081db4,lr_ar_wire,n/a,2,8,64,,,,,,,n/a,bfloat16,NVIDIA L40S,0,lr_ar_wire_b2,reconstruction,0.014047999866306782,0.013791999779641628,0.020255999639630318,all_reduce,1024,2048,4096,7168.0
Qwen/Qwen3-8B-Base,49e3418fbbbca6ecbdf9608b4d22e5a407081db4,lr_ar_wire,n/a,2,8,64,,,,,,,n/a,bfloat16,NVIDIA L40S,0,lr_ar_wire_b2,total,0.06143999844789505,0.059647999703884125,0.0658240020275116,all_reduce,1024,2048,4096,7168.0
Qwen/Qwen3-8B-Base,49e3418fbbbca6ecbdf9608b4d22e5a407081db4,lr_ar_cap,n/a,2,8,64,,,,,,,n/a,bfloat16,NVIDIA L40S,0,lr_ar_cap_b2,projection,0.013040000107139349,0.01244799979031086,0.018688000738620758,all_reduce,2048,4096,8192,14336.0
Qwen/Qwen3-8B-Base,49e3418fbbbca6ecbdf9608b4d22e5a407081db4,lr_ar_cap,n/a,2,8,64,,,,,,,n/a,bfloat16,NVIDIA L40S,0,lr_ar_cap_b2,collective,0.03311999887228012,0.03187200054526329,0.03532800078392029,all_reduce,2048,4096,8192,14336.0
Qwen/Qwen3-8B-Base,49e3418fbbbca6ecbdf9608b4d22e5a407081db4,lr_ar_cap,n/a,2,8,64,,,,,,,n/a,bfloat16,NVIDIA L40S,0,lr_ar_cap_b2,reconstruction,0.015887999907135963,0.01539199985563755,0.016831999644637108,all_reduce,2048,4096,8192,14336.0
Qwen/Qwen3-8B-Base,49e3418fbbbca6ecbdf9608b4d22e5a407081db4,lr_ar_cap,n/a,2,8,64,,,,,,,n/a,bfloat16,NVIDIA L40S,0,lr_ar_cap_b2,total,0.06084800139069557,0.059167999774217606,0.066880002617836,all_reduce,2048,4096,8192,14336.0
Qwen/Qwen3-8B-Base,49e3418fbbbca6ecbdf9608b4d22e5a407081db4,c1_ar,n/a,2,8,64,,,,,,,n/a,bfloat16,NVIDIA L40S,0,c1_ar_b2,projection,0.016672000288963318,0.0161920003592968,0.023072000592947006,all_reduce,2048,4096,8192,14336.0
Qwen/Qwen3-8B-Base,49e3418fbbbca6ecbdf9608b4d22e5a407081db4,c1_ar,n/a,2,8,64,,,,,,,n/a,bfloat16,NVIDIA L40S,0,c1_ar_b2,collective,0.033055998384952545,0.03200000151991844,0.03580800071358681,all_reduce,2048,4096,8192,14336.0
Qwen/Qwen3-8B-Base,49e3418fbbbca6ecbdf9608b4d22e5a407081db4,c1_ar,n/a,2,8,64,,,,,,,n/a,bfloat16,NVIDIA L40S,0,c1_ar_b2,reconstruction,0.026064000092446804,0.01865600049495697,0.029920000582933426,all_reduce,2048,4096,8192,14336.0
Qwen/Qwen3-8B-Base,49e3418fbbbca6ecbdf9608b4d22e5a407081db4,c1_ar,n/a,2,8,64,,,,,,,n/a,bfloat16,NVIDIA L40S,0,c1_ar_b2,total,0.08553600311279297,0.08339200168848038,0.09491200000047684,all_reduce,2048,4096,8192,14336.0
Qwen/Qwen3-8B-Base,49e3418fbbbca6ecbdf9608b4d22e5a407081db4,basiskv_ag,n/a,2,8,64,,,,,,,n/a,bfloat16,NVIDIA L40S,0,basiskv_ag_b2,projection,0.012160000391304493,0.011839999817311764,0.013728000223636627,all_gather,256,512,1024,7168.0
Qwen/Qwen3-8B-Base,49e3418fbbbca6ecbdf9608b4d22e5a407081db4,basiskv_ag,n/a,2,8,64,,,,,,,n/a,bfloat16,NVIDIA L40S,0,basiskv_ag_b2,collective,0.01692800037562847,0.016287999227643013,0.01772800087928772,all_gather,256,512,1024,7168.0
Qwen/Qwen3-8B-Base,49e3418fbbbca6ecbdf9608b4d22e5a407081db4,basiskv_ag,n/a,2,8,64,,,,,,,n/a,bfloat16,NVIDIA L40S,0,basiskv_ag_b2,reconstruction,0.022272000089287758,0.019231999292969704,0.02348800003528595,all_gather,256,512,1024,7168.0
Qwen/Qwen3-8B-Base,49e3418fbbbca6ecbdf9608b4d22e5a407081db4,basiskv_ag,n/a,2,8,64,,,,,,,n/a,bfloat16,NVIDIA L40S,0,basiskv_ag_b2,total,0.036607999354600906,0.03596799820661545,0.03753599897027016,all_gather,256,512,1024,7168.0
Qwen/Qwen3-8B-Base,49e3418fbbbca6ecbdf9608b4d22e5a407081db4,dense_ar,n/a,2,8,64,,,,,,,n/a,bfloat16,NVIDIA L40S,1,dense_ar_b2,projection,0.012640000320971012,0.01235199999064207,0.014336000196635723,all_reduce,4096,8192,16384,28672.0
Qwen/Qwen3-8B-Base,49e3418fbbbca6ecbdf9608b4d22e5a407081db4,dense_ar,n/a,2,8,64,,,,,,,n/a,bfloat16,NVIDIA L40S,1,dense_ar_b2,collective,0.03345600143074989,0.031072000041604042,0.036031998693943024,all_reduce,4096,8192,16384,28672.0
Qwen/Qwen3-8B-Base,49e3418fbbbca6ecbdf9608b4d22e5a407081db4,dense_ar,n/a,2,8,64,,,,,,,n/a,bfloat16,NVIDIA L40S,1,dense_ar_b2,reconstruction,0.012256000190973282,0.009279999881982803,0.015359999611973763,all_reduce,4096,8192,16384,28672.0
Qwen/Qwen3-8B-Base,49e3418fbbbca6ecbdf9608b4d22e5a407081db4,dense_ar,n/a,2,8,64,,,,,,,n/a,bfloat16,NVIDIA L40S,1,dense_ar_b2,total,0.06937599927186966,0.06812799721956253,0.07423999905586243,all_reduce,4096,8192,16384,28672.0
Qwen/Qwen3-8B-Base,49e3418fbbbca6ecbdf9608b4d22e5a407081db4,lr_ar_wire,n/a,2,8,64,,,,,,,n/a,bfloat16,NVIDIA L40S,1,lr_ar_wire_b2,projection,0.012703999876976013,0.012415999546647072,0.01664000004529953,all_reduce,1024,2048,4096,7168.0
Qwen/Qwen3-8B-Base,49e3418fbbbca6ecbdf9608b4d22e5a407081db4,lr_ar_wire,n/a,2,8,64,,,,,,,n/a,bfloat16,NVIDIA L40S,1,lr_ar_wire_b2,collective,0.03433600068092346,0.03206399828195572,0.03836800158023834,all_reduce,1024,2048,4096,7168.0
Qwen/Qwen3-8B-Base,49e3418fbbbca6ecbdf9608b4d22e5a407081db4,lr_ar_wire,n/a,2,8,64,,,,,,,n/a,bfloat16,NVIDIA L40S,1,lr_ar_wire_b2,reconstruction,0.014096000231802464,0.013856000266969204,0.014879999682307243,all_reduce,1024,2048,4096,7168.0
Qwen/Qwen3-8B-Base,49e3418fbbbca6ecbdf9608b4d22e5a407081db4,lr_ar_wire,n/a,2,8,64,,,,,,,n/a,bfloat16,NVIDIA L40S,1,lr_ar_wire_b2,total,0.06155199930071831,0.05984000116586685,0.06726399809122086,all_reduce,1024,2048,4096,7168.0
Qwen/Qwen3-8B-Base,49e3418fbbbca6ecbdf9608b4d22e5a407081db4,lr_ar_cap,n/a,2,8,64,,,,,,,n/a,bfloat16,NVIDIA L40S,1,lr_ar_cap_b2,projection,0.012671999633312225,0.012415999546647072,0.01696000061929226,all_reduce,2048,4096,8192,14336.0
Qwen/Qwen3-8B-Base,49e3418fbbbca6ecbdf9608b4d22e5a407081db4,lr_ar_cap,n/a,2,8,64,,,,,,,n/a,bfloat16,NVIDIA L40S,1,lr_ar_cap_b2,collective,0.03150400146842003,0.030047999694943428,0.04137599840760231,all_reduce,2048,4096,8192,14336.0
Qwen/Qwen3-8B-Base,49e3418fbbbca6ecbdf9608b4d22e5a407081db4,lr_ar_cap,n/a,2,8,64,,,,,,,n/a,bfloat16,NVIDIA L40S,1,lr_ar_cap_b2,reconstruction,0.015744000673294067,0.015424000099301338,0.01711999997496605,all_reduce,2048,4096,8192,14336.0
Qwen/Qwen3-8B-Base,49e3418fbbbca6ecbdf9608b4d22e5a407081db4,lr_ar_cap,n/a,2,8,64,,,,,,,n/a,bfloat16,NVIDIA L40S,1,lr_ar_cap_b2,total,0.06055999919772148,0.058687999844551086,0.06774400174617767,all_reduce,2048,4096,8192,14336.0
Qwen/Qwen3-8B-Base,49e3418fbbbca6ecbdf9608b4d22e5a407081db4,c1_ar,n/a,2,8,64,,,,,,,n/a,bfloat16,NVIDIA L40S,1,c1_ar_b2,projection,0.016575999557971954,0.016256000846624374,0.01881599985063076,all_reduce,2048,4096,8192,14336.0
Qwen/Qwen3-8B-Base,49e3418fbbbca6ecbdf9608b4d22e5a407081db4,c1_ar,n/a,2,8,64,,,,,,,n/a,bfloat16,NVIDIA L40S,1,c1_ar_b2,collective,0.03276799991726875,0.03167999908328056,0.035392001271247864,all_reduce,2048,4096,8192,14336.0
Qwen/Qwen3-8B-Base,49e3418fbbbca6ecbdf9608b4d22e5a407081db4,c1_ar,n/a,2,8,64,,,,,,,n/a,bfloat16,NVIDIA L40S,1,c1_ar_b2,reconstruction,0.019039999693632126,0.018624000251293182,0.026335999369621277,all_reduce,2048,4096,8192,14336.0
Qwen/Qwen3-8B-Base,49e3418fbbbca6ecbdf9608b4d22e5a407081db4,c1_ar,n/a,2,8,64,,,,,,,n/a,bfloat16,NVIDIA L40S,1,c1_ar_b2,total,0.08363200351595879,0.08118399977684021,0.09548799693584442,all_reduce,2048,4096,8192,14336.0
Qwen/Qwen3-8B-Base,49e3418fbbbca6ecbdf9608b4d22e5a407081db4,basiskv_ag,n/a,2,8,64,,,,,,,n/a,bfloat16,NVIDIA L40S,1,basiskv_ag_b2,projection,0.01196799986064434,0.011744000017642975,0.012768000364303589,all_gather,256,512,1024,7168.0
Qwen/Qwen3-8B-Base,49e3418fbbbca6ecbdf9608b4d22e5a407081db4,basiskv_ag,n/a,2,8,64,,,,,,,n/a,bfloat16,NVIDIA L40S,1,basiskv_ag_b2,collective,0.016704000532627106,0.016256000846624374,0.017632000148296356,all_gather,256,512,1024,7168.0
Qwen/Qwen3-8B-Base,49e3418fbbbca6ecbdf9608b4d22e5a407081db4,basiskv_ag,n/a,2,8,64,,,,,,,n/a,bfloat16,NVIDIA L40S,1,basiskv_ag_b2,reconstruction,0.018912000581622124,0.01865600049495697,0.020160000771284103,all_gather,256,512,1024,7168.0
Qwen/Qwen3-8B-Base,49e3418fbbbca6ecbdf9608b4d22e5a407081db4,basiskv_ag,n/a,2,8,64,,,,,,,n/a,bfloat16,NVIDIA L40S,1,basiskv_ag_b2,total,0.03652799874544144,0.03587200120091438,0.03753599897027016,all_gather,256,512,1024,7168.0
Qwen/Qwen3-8B-Base,49e3418fbbbca6ecbdf9608b4d22e5a407081db4,dense_ar,n/a,2,8,64,,,,,,,n/a,bfloat16,NVIDIA L40S,2,dense_ar_b2,projection,0.012608000077307224,0.01235199999064207,0.017216000705957413,all_reduce,4096,8192,16384,28672.0
Qwen/Qwen3-8B-Base,49e3418fbbbca6ecbdf9608b4d22e5a407081db4,dense_ar,n/a,2,8,64,,,,,,,n/a,bfloat16,NVIDIA L40S,2,dense_ar_b2,collective,0.032575998455286026,0.03139200061559677,0.03641600161790848,all_reduce,4096,8192,16384,28672.0
Qwen/Qwen3-8B-Base,49e3418fbbbca6ecbdf9608b4d22e5a407081db4,dense_ar,n/a,2,8,64,,,,,,,n/a,bfloat16,NVIDIA L40S,2,dense_ar_b2,reconstruction,0.009503999724984169,0.009247999638319016,0.01056000031530857,all_reduce,4096,8192,16384,28672.0
Qwen/Qwen3-8B-Base,49e3418fbbbca6ecbdf9608b4d22e5a407081db4,dense_ar,n/a,2,8,64,,,,,,,n/a,bfloat16,NVIDIA L40S,2,dense_ar_b2,total,0.06913599744439125,0.06761600077152252,0.07667200267314911,all_reduce,4096,8192,16384,28672.0
Qwen/Qwen3-8B-Base,49e3418fbbbca6ecbdf9608b4d22e5a407081db4,lr_ar_wire,n/a,2,8,64,,,,,,,n/a,bfloat16,NVIDIA L40S,2,lr_ar_wire_b2,projection,0.012640000320971012,0.01244799979031086,0.013504000380635262,all_reduce,1024,2048,4096,7168.0
Qwen/Qwen3-8B-Base,49e3418fbbbca6ecbdf9608b4d22e5a407081db4,lr_ar_wire,n/a,2,8,64,,,,,,,n/a,bfloat16,NVIDIA L40S,2,lr_ar_wire_b2,collective,0.03407999873161316,0.032607998698949814,0.03596799820661545,all_reduce,1024,2048,4096,7168.0
Qwen/Qwen3-8B-Base,49e3418fbbbca6ecbdf9608b4d22e5a407081db4,lr_ar_wire,n/a,2,8,64,,,,,,,n/a,bfloat16,NVIDIA L40S,2,lr_ar_wire_b2,reconstruction,0.014047999866306782,0.013791999779641628,0.014560000039637089,all_reduce,1024,2048,4096,7168.0
Qwen/Qwen3-8B-Base,49e3418fbbbca6ecbdf9608b4d22e5a407081db4,lr_ar_wire,n/a,2,8,64,,,,,,,n/a,bfloat16,NVIDIA L40S,2,lr_ar_wire_b2,total,0.0620959997177124,0.06038400158286095,0.06755200028419495,all_reduce,1024,2048,4096,7168.0
Qwen/Qwen3-8B-Base,49e3418fbbbca6ecbdf9608b4d22e5a407081db4,lr_ar_cap,n/a,2,8,64,,,,,,,n/a,bfloat16,NVIDIA L40S,2,lr_ar_cap_b2,projection,0.012543999589979649,0.01228800043463707,0.013824000023305416,all_reduce,2048,4096,8192,14336.0
Qwen/Qwen3-8B-Base,49e3418fbbbca6ecbdf9608b4d22e5a407081db4,lr_ar_cap,n/a,2,8,64,,,,,,,n/a,bfloat16,NVIDIA L40S,2,lr_ar_cap_b2,collective,0.03286400064826012,0.03152000159025192,0.03526400029659271,all_reduce,2048,4096,8192,14336.0
Qwen/Qwen3-8B-Base,49e3418fbbbca6ecbdf9608b4d22e5a407081db4,lr_ar_cap,n/a,2,8,64,,,,,,,n/a,bfloat16,NVIDIA L40S,2,lr_ar_cap_b2,reconstruction,0.015807999297976494,0.01539199985563755,0.018400000408291817,all_reduce,2048,4096,8192,14336.0
Qwen/Qwen3-8B-Base,49e3418fbbbca6ecbdf9608b4d22e5a407081db4,lr_ar_cap,n/a,2,8,64,,,,,,,n/a,bfloat16,NVIDIA L40S,2,lr_ar_cap_b2,total,0.060975998640060425,0.05920000001788139,0.06911999732255936,all_reduce,2048,4096,8192,14336.0
Qwen/Qwen3-8B-Base,49e3418fbbbca6ecbdf9608b4d22e5a407081db4,c1_ar,n/a,2,8,64,,,,,,,n/a,bfloat16,NVIDIA L40S,2,c1_ar_b2,projection,0.01659199967980385,0.016224000602960587,0.01990400068461895,all_reduce,2048,4096,8192,14336.0
Qwen/Qwen3-8B-Base,49e3418fbbbca6ecbdf9608b4d22e5a407081db4,c1_ar,n/a,2,8,64,,,,,,,n/a,bfloat16,NVIDIA L40S,2,c1_ar_b2,collective,0.032575998455286026,0.03145600110292435,0.03577600046992302,all_reduce,2048,4096,8192,14336.0
Qwen/Qwen3-8B-Base,49e3418fbbbca6ecbdf9608b4d22e5a407081db4,c1_ar,n/a,2,8,64,,,,,,,n/a,bfloat16,NVIDIA L40S,2,c1_ar_b2,reconstruction,0.019231999292969704,0.018592000007629395,0.029311999678611755,all_reduce,2048,4096,8192,14336.0
Qwen/Qwen3-8B-Base,49e3418fbbbca6ecbdf9608b4d22e5a407081db4,c1_ar,n/a,2,8,64,,,,,,,n/a,bfloat16,NVIDIA L40S,2,c1_ar_b2,total,0.08790399879217148,0.08374399691820145,0.095551997423172,all_reduce,2048,4096,8192,14336.0
Qwen/Qwen3-8B-Base,49e3418fbbbca6ecbdf9608b4d22e5a407081db4,basiskv_ag,n/a,2,8,64,,,,,,,n/a,bfloat16,NVIDIA L40S,2,basiskv_ag_b2,projection,0.01196799986064434,0.011744000017642975,0.013535999692976475,all_gather,256,512,1024,7168.0
Qwen/Qwen3-8B-Base,49e3418fbbbca6ecbdf9608b4d22e5a407081db4,basiskv_ag,n/a,2,8,64,,,,,,,n/a,bfloat16,NVIDIA L40S,2,basiskv_ag_b2,collective,0.016847999766469002,0.016256000846624374,0.017696000635623932,all_gather,256,512,1024,7168.0
Qwen/Qwen3-8B-Base,49e3418fbbbca6ecbdf9608b4d22e5a407081db4,basiskv_ag,n/a,2,8,64,,,,,,,n/a,bfloat16,NVIDIA L40S,2,basiskv_ag_b2,reconstruction,0.018783999606966972,0.018559999763965607,0.01990400068461895,all_gather,256,512,1024,7168.0
Qwen/Qwen3-8B-Base,49e3418fbbbca6ecbdf9608b4d22e5a407081db4,basiskv_ag,n/a,2,8,64,,,,,,,n/a,bfloat16,NVIDIA L40S,2,basiskv_ag_b2,total,0.03657599911093712,0.03593600168824196,0.037567999213933945,all_gather,256,512,1024,7168.0
Qwen/Qwen3-8B-Base,49e3418fbbbca6ecbdf9608b4d22e5a407081db4,dense_ar,n/a,4,8,64,,,,,,,n/a,bfloat16,NVIDIA L40S,0,dense_ar_b4,projection,0.015552000142633915,0.014240000396966934,0.018624000251293182,all_reduce,4096,16384,32768,57344.0
Qwen/Qwen3-8B-Base,49e3418fbbbca6ecbdf9608b4d22e5a407081db4,dense_ar,n/a,4,8,64,,,,,,,n/a,bfloat16,NVIDIA L40S,0,dense_ar_b4,collective,0.032575998455286026,0.03161599859595299,0.034591998904943466,all_reduce,4096,16384,32768,57344.0
Qwen/Qwen3-8B-Base,49e3418fbbbca6ecbdf9608b4d22e5a407081db4,dense_ar,n/a,4,8,64,,,,,,,n/a,bfloat16,NVIDIA L40S,0,dense_ar_b4,reconstruction,0.009568000212311745,0.009312000125646591,0.010591999627649784,all_reduce,4096,16384,32768,57344.0
Qwen/Qwen3-8B-Base,49e3418fbbbca6ecbdf9608b4d22e5a407081db4,dense_ar,n/a,4,8,64,,,,,,,n/a,bfloat16,NVIDIA L40S,0,dense_ar_b4,total,0.06902400031685829,0.0666240006685257,0.07673600316047668,all_reduce,4096,16384,32768,57344.0
Qwen/Qwen3-8B-Base,49e3418fbbbca6ecbdf9608b4d22e5a407081db4,lr_ar_wire,n/a,4,8,64,,,,,,,n/a,bfloat16,NVIDIA L40S,0,lr_ar_wire_b4,projection,0.02046399936079979,0.017343999817967415,0.02364799939095974,all_reduce,1024,4096,8192,14336.0
Qwen/Qwen3-8B-Base,49e3418fbbbca6ecbdf9608b4d22e5a407081db4,lr_ar_wire,n/a,4,8,64,,,,,,,n/a,bfloat16,NVIDIA L40S,0,lr_ar_wire_b4,collective,0.0339680016040802,0.032416000962257385,0.0382080003619194,all_reduce,1024,4096,8192,14336.0
Qwen/Qwen3-8B-Base,49e3418fbbbca6ecbdf9608b4d22e5a407081db4,lr_ar_wire,n/a,4,8,64,,,,,,,n/a,bfloat16,NVIDIA L40S,0,lr_ar_wire_b4,reconstruction,0.01408000010997057,0.013887999579310417,0.01462399959564209,all_reduce,1024,4096,8192,14336.0
Qwen/Qwen3-8B-Base,49e3418fbbbca6ecbdf9608b4d22e5a407081db4,lr_ar_wire,n/a,4,8,64,,,,,,,n/a,bfloat16,NVIDIA L40S,0,lr_ar_wire_b4,total,0.060736000537872314,0.05923200026154518,0.06643199920654297,all_reduce,1024,4096,8192,14336.0
Qwen/Qwen3-8B-Base,49e3418fbbbca6ecbdf9608b4d22e5a407081db4,lr_ar_cap,n/a,4,8,64,,,,,,,n/a,bfloat16,NVIDIA L40S,0,lr_ar_cap_b4,projection,0.012640000320971012,0.01235199999064207,0.013728000223636627,all_reduce,2048,8192,16384,28672.0
Qwen/Qwen3-8B-Base,49e3418fbbbca6ecbdf9608b4d22e5a407081db4,lr_ar_cap,n/a,4,8,64,,,,,,,n/a,bfloat16,NVIDIA L40S,0,lr_ar_cap_b4,collective,0.03299200162291527,0.031136000528931618,0.03699199855327606,all_reduce,2048,8192,16384,28672.0
Qwen/Qwen3-8B-Base,49e3418fbbbca6ecbdf9608b4d22e5a407081db4,lr_ar_cap,n/a,4,8,64,,,,,,,n/a,bfloat16,NVIDIA L40S,0,lr_ar_cap_b4,reconstruction,0.015968000516295433,0.015519999898970127,0.01897599920630455,all_reduce,2048,8192,16384,28672.0
Qwen/Qwen3-8B-Base,49e3418fbbbca6ecbdf9608b4d22e5a407081db4,lr_ar_cap,n/a,4,8,64,,,,,,,n/a,bfloat16,NVIDIA L40S,0,lr_ar_cap_b4,total,0.05993599817156792,0.05862399935722351,0.06323199719190598,all_reduce,2048,8192,16384,28672.0
Qwen/Qwen3-8B-Base,49e3418fbbbca6ecbdf9608b4d22e5a407081db4,c1_ar,n/a,4,8,64,,,,,,,n/a,bfloat16,NVIDIA L40S,0,c1_ar_b4,projection,0.016383999958634377,0.016063999384641647,0.024800000712275505,all_reduce,2048,8192,16384,28672.0
Qwen/Qwen3-8B-Base,49e3418fbbbca6ecbdf9608b4d22e5a407081db4,c1_ar,n/a,4,8,64,,,,,,,n/a,bfloat16,NVIDIA L40S,0,c1_ar_b4,collective,0.03278400003910065,0.03139200061559677,0.03542400151491165,all_reduce,2048,8192,16384,28672.0
Qwen/Qwen3-8B-Base,49e3418fbbbca6ecbdf9608b4d22e5a407081db4,c1_ar,n/a,4,8,64,,,,,,,n/a,bfloat16,NVIDIA L40S,0,c1_ar_b4,reconstruction,0.01926399953663349,0.018783999606966972,0.020800000056624413,all_reduce,2048,8192,16384,28672.0
Qwen/Qwen3-8B-Base,49e3418fbbbca6ecbdf9608b4d22e5a407081db4,c1_ar,n/a,4,8,64,,,,,,,n/a,bfloat16,NVIDIA L40S,0,c1_ar_b4,total,0.08382399752736092,0.0820159986615181,0.08966399729251862,all_reduce,2048,8192,16384,28672.0
Qwen/Qwen3-8B-Base,49e3418fbbbca6ecbdf9608b4d22e5a407081db4,basiskv_ag,n/a,4,8,64,,,,,,,n/a,bfloat16,NVIDIA L40S,0,basiskv_ag_b4,projection,0.012000000104308128,0.011744000017642975,0.012640000320971012,all_gather,256,1024,2048,14336.0
Qwen/Qwen3-8B-Base,49e3418fbbbca6ecbdf9608b4d22e5a407081db4,basiskv_ag,n/a,4,8,64,,,,,,,n/a,bfloat16,NVIDIA L40S,0,basiskv_ag_b4,collective,0.01775999926030636,0.017184000462293625,0.018719999119639397,all_gather,256,1024,2048,14336.0
Qwen/Qwen3-8B-Base,49e3418fbbbca6ecbdf9608b4d22e5a407081db4,basiskv_ag,n/a,4,8,64,,,,,,,n/a,bfloat16,NVIDIA L40S,0,basiskv_ag_b4,reconstruction,0.018848000094294548,0.018624000251293182,0.020128000527620316,all_gather,256,1024,2048,14336.0
Qwen/Qwen3-8B-Base,49e3418fbbbca6ecbdf9608b4d22e5a407081db4,basiskv_ag,n/a,4,8,64,,,,,,,n/a,bfloat16,NVIDIA L40S,0,basiskv_ag_b4,total,0.038015998899936676,0.03702399879693985,0.05104000121355057,all_gather,256,1024,2048,14336.0
Qwen/Qwen3-8B-Base,49e3418fbbbca6ecbdf9608b4d22e5a407081db4,dense_ar,n/a,4,8,64,,,,,,,n/a,bfloat16,NVIDIA L40S,1,dense_ar_b4,projection,0.012640000320971012,0.012415999546647072,0.013344000093638897,all_reduce,4096,16384,32768,57344.0
Qwen/Qwen3-8B-Base,49e3418fbbbca6ecbdf9608b4d22e5a407081db4,dense_ar,n/a,4,8,64,,,,,,,n/a,bfloat16,NVIDIA L40S,1,dense_ar_b4,collective,0.03243200108408928,0.03152000159025192,0.03452799841761589,all_reduce,4096,16384,32768,57344.0
Qwen/Qwen3-8B-Base,49e3418fbbbca6ecbdf9608b4d22e5a407081db4,dense_ar,n/a,4,8,64,,,,,,,n/a,bfloat16,NVIDIA L40S,1,dense_ar_b4,reconstruction,0.009503999724984169,0.009247999638319016,0.010367999784648418,all_reduce,4096,16384,32768,57344.0
Qwen/Qwen3-8B-Base,49e3418fbbbca6ecbdf9608b4d22e5a407081db4,dense_ar,n/a,4,8,64,,,,,,,n/a,bfloat16,NVIDIA L40S,1,dense_ar_b4,total,0.0687360018491745,0.06691200286149979,0.07744000107049942,all_reduce,4096,16384,32768,57344.0
Qwen/Qwen3-8B-Base,49e3418fbbbca6ecbdf9608b4d22e5a407081db4,lr_ar_wire,n/a,4,8,64,,,,,,,n/a,bfloat16,NVIDIA L40S,1,lr_ar_wire_b4,projection,0.012896000407636166,0.012608000077307224,0.013952000066637993,all_reduce,1024,4096,8192,14336.0
Qwen/Qwen3-8B-Base,49e3418fbbbca6ecbdf9608b4d22e5a407081db4,lr_ar_wire,n/a,4,8,64,,,,,,,n/a,bfloat16,NVIDIA L40S,1,lr_ar_wire_b4,collective,0.033376000821590424,0.03171199932694435,0.03580800071358681,all_reduce,1024,4096,8192,14336.0
Qwen/Qwen3-8B-Base,49e3418fbbbca6ecbdf9608b4d22e5a407081db4,lr_ar_wire,n/a,4,8,64,,,,,,,n/a,bfloat16,NVIDIA L40S,1,lr_ar_wire_b4,reconstruction,0.014047999866306782,0.013824000023305416,0.014560000039637089,all_reduce,1024,4096,8192,14336.0
Qwen/Qwen3-8B-Base,49e3418fbbbca6ecbdf9608b4d22e5a407081db4,lr_ar_wire,n/a,4,8,64,,,,,,,n/a,bfloat16,NVIDIA L40S,1,lr_ar_wire_b4,total,0.06102399900555611,0.059167999774217606,0.06646399945020676,all_reduce,1024,4096,8192,14336.0
Qwen/Qwen3-8B-Base,49e3418fbbbca6ecbdf9608b4d22e5a407081db4,lr_ar_cap,n/a,4,8,64,,,,,,,n/a,bfloat16,NVIDIA L40S,1,lr_ar_cap_b4,projection,0.012575999833643436,0.01235199999064207,0.013311999849975109,all_reduce,2048,8192,16384,28672.0
Qwen/Qwen3-8B-Base,49e3418fbbbca6ecbdf9608b4d22e5a407081db4,lr_ar_cap,n/a,4,8,64,,,,,,,n/a,bfloat16,NVIDIA L40S,1,lr_ar_cap_b4,collective,0.03303999826312065,0.03190400078892708,0.03478400036692619,all_reduce,2048,8192,16384,28672.0
Qwen/Qwen3-8B-Base,49e3418fbbbca6ecbdf9608b4d22e5a407081db4,lr_ar_cap,n/a,4,8,64,,,,,,,n/a,bfloat16,NVIDIA L40S,1,lr_ar_cap_b4,reconstruction,0.016383999958634377,0.01571200042963028,0.0191040001809597,all_reduce,2048,8192,16384,28672.0
Qwen/Qwen3-8B-Base,49e3418fbbbca6ecbdf9608b4d22e5a407081db4,lr_ar_cap,n/a,4,8,64,,,,,,,n/a,bfloat16,NVIDIA L40S,1,lr_ar_cap_b4,total,0.060975998640060425,0.05923200026154518,0.069023996591568,all_reduce,2048,8192,16384,28672.0
Qwen/Qwen3-8B-Base,49e3418fbbbca6ecbdf9608b4d22e5a407081db4,c1_ar,n/a,4,8,64,,,,,,,n/a,bfloat16,NVIDIA L40S,1,c1_ar_b4,projection,0.021536000072956085,0.017952000722289085,0.024992000311613083,all_reduce,2048,8192,16384,28672.0
Qwen/Qwen3-8B-Base,49e3418fbbbca6ecbdf9608b4d22e5a407081db4,c1_ar,n/a,4,8,64,,,,,,,n/a,bfloat16,NVIDIA L40S,1,c1_ar_b4,collective,0.03532800078392029,0.03359999880194664,0.0387520007789135,all_reduce,2048,8192,16384,28672.0
Qwen/Qwen3-8B-Base,49e3418fbbbca6ecbdf9608b4d22e5a407081db4,c1_ar,n/a,4,8,64,,,,,,,n/a,bfloat16,NVIDIA L40S,1,c1_ar_b4,reconstruction,0.01897599920630455,0.018592000007629395,0.02006400004029274,all_reduce,2048,8192,16384,28672.0
Qwen/Qwen3-8B-Base,49e3418fbbbca6ecbdf9608b4d22e5a407081db4,c1_ar,n/a,4,8,64,,,,,,,n/a,bfloat16,NVIDIA L40S,1,c1_ar_b4,total,0.0833440013229847,0.08169600367546082,0.08991999924182892,all_reduce,2048,8192,16384,28672.0
Qwen/Qwen3-8B-Base,49e3418fbbbca6ecbdf9608b4d22e5a407081db4,basiskv_ag,n/a,4,8,64,,,,,,,n/a,bfloat16,NVIDIA L40S,1,basiskv_ag_b4,projection,0.01196799986064434,0.011744000017642975,0.012799999676644802,all_gather,256,1024,2048,14336.0
Qwen/Qwen3-8B-Base,49e3418fbbbca6ecbdf9608b4d22e5a407081db4,basiskv_ag,n/a,4,8,64,,,,,,,n/a,bfloat16,NVIDIA L40S,1,basiskv_ag_b4,collective,0.01788800023496151,0.017311999574303627,0.018688000738620758,all_gather,256,1024,2048,14336.0
Qwen/Qwen3-8B-Base,49e3418fbbbca6ecbdf9608b4d22e5a407081db4,basiskv_ag,n/a,4,8,64,,,,,,,n/a,bfloat16,NVIDIA L40S,1,basiskv_ag_b4,reconstruction,0.019360000267624855,0.018688000738620758,0.025248000398278236,all_gather,256,1024,2048,14336.0
Qwen/Qwen3-8B-Base,49e3418fbbbca6ecbdf9608b4d22e5a407081db4,basiskv_ag,n/a,4,8,64,,,,,,,n/a,bfloat16,NVIDIA L40S,1,basiskv_ag_b4,total,0.037696000188589096,0.03699199855327606,0.03830400109291077,all_gather,256,1024,2048,14336.0
Qwen/Qwen3-8B-Base,49e3418fbbbca6ecbdf9608b4d22e5a407081db4,dense_ar,n/a,4,8,64,,,,,,,n/a,bfloat16,NVIDIA L40S,2,dense_ar_b4,projection,0.012703999876976013,0.01244799979031086,0.01375999953597784,all_reduce,4096,16384,32768,57344.0
Qwen/Qwen3-8B-Base,49e3418fbbbca6ecbdf9608b4d22e5a407081db4,dense_ar,n/a,4,8,64,,,,,,,n/a,bfloat16,NVIDIA L40S,2,dense_ar_b4,collective,0.032896000891923904,0.031808000057935715,0.03670400008559227,all_reduce,4096,16384,32768,57344.0
Qwen/Qwen3-8B-Base,49e3418fbbbca6ecbdf9608b4d22e5a407081db4,dense_ar,n/a,4,8,64,,,,,,,n/a,bfloat16,NVIDIA L40S,2,dense_ar_b4,reconstruction,0.009503999724984169,0.009247999638319016,0.010304000228643417,all_reduce,4096,16384,32768,57344.0
Qwen/Qwen3-8B-Base,49e3418fbbbca6ecbdf9608b4d22e5a407081db4,dense_ar,n/a,4,8,64,,,,,,,n/a,bfloat16,NVIDIA L40S,2,dense_ar_b4,total,0.07124799862504005,0.06937599927186966,0.07846400141716003,all_reduce,4096,16384,32768,57344.0
Qwen/Qwen3-8B-Base,49e3418fbbbca6ecbdf9608b4d22e5a407081db4,lr_ar_wire,n/a,4,8,64,,,,,,,n/a,bfloat16,NVIDIA L40S,2,lr_ar_wire_b4,projection,0.012703999876976013,0.01235199999064207,0.01817600056529045,all_reduce,1024,4096,8192,14336.0
Qwen/Qwen3-8B-Base,49e3418fbbbca6ecbdf9608b4d22e5a407081db4,lr_ar_wire,n/a,4,8,64,,,,,,,n/a,bfloat16,NVIDIA L40S,2,lr_ar_wire_b4,collective,0.03300799988210201,0.032127998769283295,0.03587200120091438,all_reduce,1024,4096,8192,14336.0
Qwen/Qwen3-8B-Base,49e3418fbbbca6ecbdf9608b4d22e5a407081db4,lr_ar_wire,n/a,4,8,64,,,,,,,n/a,bfloat16,NVIDIA L40S,2,lr_ar_wire_b4,reconstruction,0.014159999787807465,0.013919999822974205,0.015359999611973763,all_reduce,1024,4096,8192,14336.0
Qwen/Qwen3-8B-Base,49e3418fbbbca6ecbdf9608b4d22e5a407081db4,lr_ar_wire,n/a,4,8,64,,,,,,,n/a,bfloat16,NVIDIA L40S,2,lr_ar_wire_b4,total,0.06067200005054474,0.05926400050520897,0.06656000018119812,all_reduce,1024,4096,8192,14336.0
Qwen/Qwen3-8B-Base,49e3418fbbbca6ecbdf9608b4d22e5a407081db4,lr_ar_cap,n/a,4,8,64,,,,,,,n/a,bfloat16,NVIDIA L40S,2,lr_ar_cap_b4,projection,0.012640000320971012,0.012384000234305859,0.013407999649643898,all_reduce,2048,8192,16384,28672.0
Qwen/Qwen3-8B-Base,49e3418fbbbca6ecbdf9608b4d22e5a407081db4,lr_ar_cap,n/a,4,8,64,,,,,,,n/a,bfloat16,NVIDIA L40S,2,lr_ar_cap_b4,collective,0.032976001501083374,0.031968001276254654,0.03500799834728241,all_reduce,2048,8192,16384,28672.0
Qwen/Qwen3-8B-Base,49e3418fbbbca6ecbdf9608b4d22e5a407081db4,lr_ar_cap,n/a,4,8,64,,,,,,,n/a,bfloat16,NVIDIA L40S,2,lr_ar_cap_b4,reconstruction,0.01587199978530407,0.015456000342965126,0.01740800030529499,all_reduce,2048,8192,16384,28672.0
Qwen/Qwen3-8B-Base,49e3418fbbbca6ecbdf9608b4d22e5a407081db4,lr_ar_cap,n/a,4,8,64,,,,,,,n/a,bfloat16,NVIDIA L40S,2,lr_ar_cap_b4,total,0.06060799956321716,0.05875200033187866,0.07119999825954437,all_reduce,2048,8192,16384,28672.0
Qwen/Qwen3-8B-Base,49e3418fbbbca6ecbdf9608b4d22e5a407081db4,c1_ar,n/a,4,8,64,,,,,,,n/a,bfloat16,NVIDIA L40S,2,c1_ar_b4,projection,0.016896000131964684,0.01635199971497059,0.024512000381946564,all_reduce,2048,8192,16384,28672.0
Qwen/Qwen3-8B-Base,49e3418fbbbca6ecbdf9608b4d22e5a407081db4,c1_ar,n/a,4,8,64,,,,,,,n/a,bfloat16,NVIDIA L40S,2,c1_ar_b4,collective,0.03387200087308884,0.032607998698949814,0.03596799820661545,all_reduce,2048,8192,16384,28672.0
Qwen/Qwen3-8B-Base,49e3418fbbbca6ecbdf9608b4d22e5a407081db4,c1_ar,n/a,4,8,64,,,,,,,n/a,bfloat16,NVIDIA L40S,2,c1_ar_b4,reconstruction,0.018751999363303185,0.018559999763965607,0.01974399946630001,all_reduce,2048,8192,16384,28672.0
Qwen/Qwen3-8B-Base,49e3418fbbbca6ecbdf9608b4d22e5a407081db4,c1_ar,n/a,4,8,64,,,,,,,n/a,bfloat16,NVIDIA L40S,2,c1_ar_b4,total,0.08375999704003334,0.08214399963617325,0.09107200056314468,all_reduce,2048,8192,16384,28672.0
Qwen/Qwen3-8B-Base,49e3418fbbbca6ecbdf9608b4d22e5a407081db4,basiskv_ag,n/a,4,8,64,,,,,,,n/a,bfloat16,NVIDIA L40S,2,basiskv_ag_b4,projection,0.012032000347971916,0.011807999573647976,0.013728000223636627,all_gather,256,1024,2048,14336.0
Qwen/Qwen3-8B-Base,49e3418fbbbca6ecbdf9608b4d22e5a407081db4,basiskv_ag,n/a,4,8,64,,,,,,,n/a,bfloat16,NVIDIA L40S,2,basiskv_ag_b4,collective,0.01788800023496151,0.01727999933063984,0.018624000251293182,all_gather,256,1024,2048,14336.0
Qwen/Qwen3-8B-Base,49e3418fbbbca6ecbdf9608b4d22e5a407081db4,basiskv_ag,n/a,4,8,64,,,,,,,n/a,bfloat16,NVIDIA L40S,2,basiskv_ag_b4,reconstruction,0.019023999571800232,0.01865600049495697,0.02006400004029274,all_gather,256,1024,2048,14336.0
Qwen/Qwen3-8B-Base,49e3418fbbbca6ecbdf9608b4d22e5a407081db4,basiskv_ag,n/a,4,8,64,,,,,,,n/a,bfloat16,NVIDIA L40S,2,basiskv_ag_b4,total,0.03759999945759773,0.036928001791238785,0.03824000060558319,all_gather,256,1024,2048,14336.0
Qwen/Qwen3-8B-Base,49e3418fbbbca6ecbdf9608b4d22e5a407081db4,dense_ar,n/a,8,8,64,,,,,,,n/a,bfloat16,NVIDIA L40S,0,dense_ar_b8,projection,0.012703999876976013,0.012415999546647072,0.016224000602960587,all_reduce,4096,32768,65536,114688.0
Qwen/Qwen3-8B-Base,49e3418fbbbca6ecbdf9608b4d22e5a407081db4,dense_ar,n/a,8,8,64,,,,,,,n/a,bfloat16,NVIDIA L40S,0,dense_ar_b8,collective,0.03319999948143959,0.032287999987602234,0.036031998693943024,all_reduce,4096,32768,65536,114688.0
Qwen/Qwen3-8B-Base,49e3418fbbbca6ecbdf9608b4d22e5a407081db4,dense_ar,n/a,8,8,64,,,,,,,n/a,bfloat16,NVIDIA L40S,0,dense_ar_b8,reconstruction,0.009664000011980534,0.00940799992531538,0.010304000228643417,all_reduce,4096,32768,65536,114688.0
Qwen/Qwen3-8B-Base,49e3418fbbbca6ecbdf9608b4d22e5a407081db4,dense_ar,n/a,8,8,64,,,,,,,n/a,bfloat16,NVIDIA L40S,0,dense_ar_b8,total,0.0708480030298233,0.06896000355482101,0.07667200267314911,all_reduce,4096,32768,65536,114688.0
Qwen/Qwen3-8B-Base,49e3418fbbbca6ecbdf9608b4d22e5a407081db4,lr_ar_wire,n/a,8,8,64,,,,,,,n/a,bfloat16,NVIDIA L40S,0,lr_ar_wire_b8,projection,0.012703999876976013,0.01244799979031086,0.01651199907064438,all_reduce,1024,8192,16384,28672.0
Qwen/Qwen3-8B-Base,49e3418fbbbca6ecbdf9608b4d22e5a407081db4,lr_ar_wire,n/a,8,8,64,,,,,,,n/a,bfloat16,NVIDIA L40S,0,lr_ar_wire_b8,collective,0.03355199843645096,0.032127998769283295,0.03545600175857544,all_reduce,1024,8192,16384,28672.0
Qwen/Qwen3-8B-Base,49e3418fbbbca6ecbdf9608b4d22e5a407081db4,lr_ar_wire,n/a,8,8,64,,,,,,,n/a,bfloat16,NVIDIA L40S,0,lr_ar_wire_b8,reconstruction,0.014175999909639359,0.013887999579310417,0.016992000862956047,all_reduce,1024,8192,16384,28672.0
Qwen/Qwen3-8B-Base,49e3418fbbbca6ecbdf9608b4d22e5a407081db4,lr_ar_wire,n/a,8,8,64,,,,,,,n/a,bfloat16,NVIDIA L40S,0,lr_ar_wire_b8,total,0.05955199897289276,0.058240000158548355,0.06345599889755249,all_reduce,1024,8192,16384,28672.0
Qwen/Qwen3-8B-Base,49e3418fbbbca6ecbdf9608b4d22e5a407081db4,lr_ar_cap,n/a,8,8,64,,,,,,,n/a,bfloat16,NVIDIA L40S,0,lr_ar_cap_b8,projection,0.012640000320971012,0.01235199999064207,0.015968000516295433,all_reduce,2048,16384,32768,57344.0
Qwen/Qwen3-8B-Base,49e3418fbbbca6ecbdf9608b4d22e5a407081db4,lr_ar_cap,n/a,8,8,64,,,,,,,n/a,bfloat16,NVIDIA L40S,0,lr_ar_cap_b8,collective,0.03352000005543232,0.03129599988460541,0.04604800045490265,all_reduce,2048,16384,32768,57344.0
Qwen/Qwen3-8B-Base,49e3418fbbbca6ecbdf9608b4d22e5a407081db4,lr_ar_cap,n/a,8,8,64,,,,,,,n/a,bfloat16,NVIDIA L40S,0,lr_ar_cap_b8,reconstruction,0.016256000846624374,0.015584000386297703,0.022336000576615334,all_reduce,2048,16384,32768,57344.0
Qwen/Qwen3-8B-Base,49e3418fbbbca6ecbdf9608b4d22e5a407081db4,lr_ar_cap,n/a,8,8,64,,,,,,,n/a,bfloat16,NVIDIA L40S,0,lr_ar_cap_b8,total,0.06195199862122536,0.06006399914622307,0.06835199892520905,all_reduce,2048,16384,32768,57344.0
Qwen/Qwen3-8B-Base,49e3418fbbbca6ecbdf9608b4d22e5a407081db4,c1_ar,n/a,8,8,64,,,,,,,n/a,bfloat16,NVIDIA L40S,0,c1_ar_b8,projection,0.016575999557971954,0.016256000846624374,0.02236800082027912,all_reduce,2048,16384,32768,57344.0
Qwen/Qwen3-8B-Base,49e3418fbbbca6ecbdf9608b4d22e5a407081db4,c1_ar,n/a,8,8,64,,,,,,,n/a,bfloat16,NVIDIA L40S,0,c1_ar_b8,collective,0.032896000891923904,0.03142400085926056,0.03641600161790848,all_reduce,2048,16384,32768,57344.0
Qwen/Qwen3-8B-Base,49e3418fbbbca6ecbdf9608b4d22e5a407081db4,c1_ar,n/a,8,8,64,,,,,,,n/a,bfloat16,NVIDIA L40S,0,c1_ar_b8,reconstruction,0.017823999747633934,0.017696000635623932,0.0180479995906353,all_reduce,2048,16384,32768,57344.0
Qwen/Qwen3-8B-Base,49e3418fbbbca6ecbdf9608b4d22e5a407081db4,c1_ar,n/a,8,8,64,,,,,,,n/a,bfloat16,NVIDIA L40S,0,c1_ar_b8,total,0.07924799993634224,0.077504001557827,0.08947200328111649,all_reduce,2048,16384,32768,57344.0
Qwen/Qwen3-8B-Base,49e3418fbbbca6ecbdf9608b4d22e5a407081db4,basiskv_ag,n/a,8,8,64,,,,,,,n/a,bfloat16,NVIDIA L40S,0,basiskv_ag_b8,projection,0.012112000025808811,0.011872000060975552,0.01711999997496605,all_gather,256,2048,4096,28672.0
Qwen/Qwen3-8B-Base,49e3418fbbbca6ecbdf9608b4d22e5a407081db4,basiskv_ag,n/a,8,8,64,,,,,,,n/a,bfloat16,NVIDIA L40S,0,basiskv_ag_b8,collective,0.019328000023961067,0.018880000337958336,0.0197759997099638,all_gather,256,2048,4096,28672.0
Qwen/Qwen3-8B-Base,49e3418fbbbca6ecbdf9608b4d22e5a407081db4,basiskv_ag,n/a,8,8,64,,,,,,,n/a,bfloat16,NVIDIA L40S,0,basiskv_ag_b8,reconstruction,0.02271999977529049,0.019328000023961067,0.024320000782608986,all_gather,256,2048,4096,28672.0
Qwen/Qwen3-8B-Base,49e3418fbbbca6ecbdf9608b4d22e5a407081db4,basiskv_ag,n/a,8,8,64,,,,,,,n/a,bfloat16,NVIDIA L40S,0,basiskv_ag_b8,total,0.03929600119590759,0.03830400109291077,0.05740800127387047,all_gather,256,2048,4096,28672.0
Qwen/Qwen3-8B-Base,49e3418fbbbca6ecbdf9608b4d22e5a407081db4,dense_ar,n/a,8,8,64,,,,,,,n/a,bfloat16,NVIDIA L40S,1,dense_ar_b8,projection,0.012736000120639801,0.012384000234305859,0.013472000136971474,all_reduce,4096,32768,65536,114688.0
Qwen/Qwen3-8B-Base,49e3418fbbbca6ecbdf9608b4d22e5a407081db4,dense_ar,n/a,8,8,64,,,,,,,n/a,bfloat16,NVIDIA L40S,1,dense_ar_b8,collective,0.03399999998509884,0.032735999673604965,0.036031998693943024,all_reduce,4096,32768,65536,114688.0
Qwen/Qwen3-8B-Base,49e3418fbbbca6ecbdf9608b4d22e5a407081db4,dense_ar,n/a,8,8,64,,,,,,,n/a,bfloat16,NVIDIA L40S,1,dense_ar_b8,reconstruction,0.009535999968647957,0.009312000125646591,0.010688000358641148,all_reduce,4096,32768,65536,114688.0
Qwen/Qwen3-8B-Base,49e3418fbbbca6ecbdf9608b4d22e5a407081db4,dense_ar,n/a,8,8,64,,,,,,,n/a,bfloat16,NVIDIA L40S,1,dense_ar_b8,total,0.0698080025613308,0.0676800012588501,0.07689599692821503,all_reduce,4096,32768,65536,114688.0
Qwen/Qwen3-8B-Base,49e3418fbbbca6ecbdf9608b4d22e5a407081db4,lr_ar_wire,n/a,8,8,64,,,,,,,n/a,bfloat16,NVIDIA L40S,1,lr_ar_wire_b8,projection,0.015279999934136868,0.014175999909639359,0.01865600049495697,all_reduce,1024,8192,16384,28672.0
Qwen/Qwen3-8B-Base,49e3418fbbbca6ecbdf9608b4d22e5a407081db4,lr_ar_wire,n/a,8,8,64,,,,,,,n/a,bfloat16,NVIDIA L40S,1,lr_ar_wire_b8,collective,0.03296000137925148,0.03200000151991844,0.034623999148607254,all_reduce,1024,8192,16384,28672.0
Qwen/Qwen3-8B-Base,49e3418fbbbca6ecbdf9608b4d22e5a407081db4,lr_ar_wire,n/a,8,8,64,,,,,,,n/a,bfloat16,NVIDIA L40S,1,lr_ar_wire_b8,reconstruction,0.014431999996304512,0.014208000153303146,0.01600000075995922,all_reduce,1024,8192,16384,28672.0
Qwen/Qwen3-8B-Base,49e3418fbbbca6ecbdf9608b4d22e5a407081db4,lr_ar_wire,n/a,8,8,64,,,,,,,n/a,bfloat16,NVIDIA L40S,1,lr_ar_wire_b8,total,0.06022400036454201,0.05875200033187866,0.0687360018491745,all_reduce,1024,8192,16384,28672.0
Qwen/Qwen3-8B-Base,49e3418fbbbca6ecbdf9608b4d22e5a407081db4,lr_ar_cap,n/a,8,8,64,,,,,,,n/a,bfloat16,NVIDIA L40S,1,lr_ar_cap_b8,projection,0.012671999633312225,0.01235199999064207,0.014047999866306782,all_reduce,2048,16384,32768,57344.0
Qwen/Qwen3-8B-Base,49e3418fbbbca6ecbdf9608b4d22e5a407081db4,lr_ar_cap,n/a,8,8,64,,,,,,,n/a,bfloat16,NVIDIA L40S,1,lr_ar_cap_b8,collective,0.03532800078392029,0.03286400064826012,0.040608000010252,all_reduce,2048,16384,32768,57344.0
Qwen/Qwen3-8B-Base,49e3418fbbbca6ecbdf9608b4d22e5a407081db4,lr_ar_cap,n/a,8,8,64,,,,,,,n/a,bfloat16,NVIDIA L40S,1,lr_ar_cap_b8,reconstruction,0.016063999384641647,0.015584000386297703,0.01740800030529499,all_reduce,2048,16384,32768,57344.0
Qwen/Qwen3-8B-Base,49e3418fbbbca6ecbdf9608b4d22e5a407081db4,lr_ar_cap,n/a,8,8,64,,,,,,,n/a,bfloat16,NVIDIA L40S,1,lr_ar_cap_b8,total,0.060895999893546104,0.05897599831223488,0.06518399715423584,all_reduce,2048,16384,32768,57344.0
Qwen/Qwen3-8B-Base,49e3418fbbbca6ecbdf9608b4d22e5a407081db4,c1_ar,n/a,8,8,64,,,,,,,n/a,bfloat16,NVIDIA L40S,1,c1_ar_b8,projection,0.01648000068962574,0.01616000011563301,0.019840000197291374,all_reduce,2048,16384,32768,57344.0
Qwen/Qwen3-8B-Base,49e3418fbbbca6ecbdf9608b4d22e5a407081db4,c1_ar,n/a,8,8,64,,,,,,,n/a,bfloat16,NVIDIA L40S,1,c1_ar_b8,collective,0.03283200040459633,0.031488001346588135,0.038784001022577286,all_reduce,2048,16384,32768,57344.0
Qwen/Qwen3-8B-Base,49e3418fbbbca6ecbdf9608b4d22e5a407081db4,c1_ar,n/a,8,8,64,,,,,,,n/a,bfloat16,NVIDIA L40S,1,c1_ar_b8,reconstruction,0.017855999991297722,0.017696000635623932,0.018112000077962875,all_reduce,2048,16384,32768,57344.0
Qwen/Qwen3-8B-Base,49e3418fbbbca6ecbdf9608b4d22e5a407081db4,c1_ar,n/a,8,8,64,,,,,,,n/a,bfloat16,NVIDIA L40S,1,c1_ar_b8,total,0.08019199967384338,0.0783040001988411,0.08799999952316284,all_reduce,2048,16384,32768,57344.0
Qwen/Qwen3-8B-Base,49e3418fbbbca6ecbdf9608b4d22e5a407081db4,basiskv_ag,n/a,8,8,64,,,,,,,n/a,bfloat16,NVIDIA L40S,1,basiskv_ag_b8,projection,0.012079999782145023,0.011872000060975552,0.013024000450968742,all_gather,256,2048,4096,28672.0
Qwen/Qwen3-8B-Base,49e3418fbbbca6ecbdf9608b4d22e5a407081db4,basiskv_ag,n/a,8,8,64,,,,,,,n/a,bfloat16,NVIDIA L40S,1,basiskv_ag_b8,collective,0.019360000267624855,0.018912000581622124,0.019967999309301376,all_gather,256,2048,4096,28672.0
Qwen/Qwen3-8B-Base,49e3418fbbbca6ecbdf9608b4d22e5a407081db4,basiskv_ag,n/a,8,8,64,,,,,,,n/a,bfloat16,NVIDIA L40S,1,basiskv_ag_b8,reconstruction,0.018239999189972878,0.017983999103307724,0.02595200017094612,all_gather,256,2048,4096,28672.0
Qwen/Qwen3-8B-Base,49e3418fbbbca6ecbdf9608b4d22e5a407081db4,basiskv_ag,n/a,8,8,64,,,,,,,n/a,bfloat16,NVIDIA L40S,1,basiskv_ag_b8,total,0.03883200138807297,0.03824000060558319,0.03977600112557411,all_gather,256,2048,4096,28672.0
Qwen/Qwen3-8B-Base,49e3418fbbbca6ecbdf9608b4d22e5a407081db4,dense_ar,n/a,8,8,64,,,,,,,n/a,bfloat16,NVIDIA L40S,2,dense_ar_b8,projection,0.012768000364303589,0.01244799979031086,0.013632000423967838,all_reduce,4096,32768,65536,114688.0
Qwen/Qwen3-8B-Base,49e3418fbbbca6ecbdf9608b4d22e5a407081db4,dense_ar,n/a,8,8,64,,,,,,,n/a,bfloat16,NVIDIA L40S,2,dense_ar_b8,collective,0.03372799977660179,0.03276799991726875,0.0360959991812706,all_reduce,4096,32768,65536,114688.0
Qwen/Qwen3-8B-Base,49e3418fbbbca6ecbdf9608b4d22e5a407081db4,dense_ar,n/a,8,8,64,,,,,,,n/a,bfloat16,NVIDIA L40S,2,dense_ar_b8,reconstruction,0.00940799992531538,0.009184000082314014,0.00979200005531311,all_reduce,4096,32768,65536,114688.0
Qwen/Qwen3-8B-Base,49e3418fbbbca6ecbdf9608b4d22e5a407081db4,dense_ar,n/a,8,8,64,,,,,,,n/a,bfloat16,NVIDIA L40S,2,dense_ar_b8,total,0.06992000341415405,0.06643199920654297,0.07673600316047668,all_reduce,4096,32768,65536,114688.0
Qwen/Qwen3-8B-Base,49e3418fbbbca6ecbdf9608b4d22e5a407081db4,lr_ar_wire,n/a,8,8,64,,,,,,,n/a,bfloat16,NVIDIA L40S,2,lr_ar_wire_b8,projection,0.012640000320971012,0.01235199999064207,0.013376000337302685,all_reduce,1024,8192,16384,28672.0
Qwen/Qwen3-8B-Base,49e3418fbbbca6ecbdf9608b4d22e5a407081db4,lr_ar_wire,n/a,8,8,64,,,,,,,n/a,bfloat16,NVIDIA L40S,2,lr_ar_wire_b8,collective,0.03271999955177307,0.03139200061559677,0.03551999852061272,all_reduce,1024,8192,16384,28672.0
Qwen/Qwen3-8B-Base,49e3418fbbbca6ecbdf9608b4d22e5a407081db4,lr_ar_wire,n/a,8,8,64,,,,,,,n/a,bfloat16,NVIDIA L40S,2,lr_ar_wire_b8,reconstruction,0.014096000231802464,0.013856000266969204,0.014976000413298607,all_reduce,1024,8192,16384,28672.0
Qwen/Qwen3-8B-Base,49e3418fbbbca6ecbdf9608b4d22e5a407081db4,lr_ar_wire,n/a,8,8,64,,,,,,,n/a,bfloat16,NVIDIA L40S,2,lr_ar_wire_b8,total,0.06115199998021126,0.05907199904322624,0.06921599805355072,all_reduce,1024,8192,16384,28672.0
Qwen/Qwen3-8B-Base,49e3418fbbbca6ecbdf9608b4d22e5a407081db4,lr_ar_cap,n/a,8,8,64,,,,,,,n/a,bfloat16,NVIDIA L40S,2,lr_ar_cap_b8,projection,0.012543999589979649,0.012319999746978283,0.01711999997496605,all_reduce,2048,16384,32768,57344.0
Qwen/Qwen3-8B-Base,49e3418fbbbca6ecbdf9608b4d22e5a407081db4,lr_ar_cap,n/a,8,8,64,,,,,,,n/a,bfloat16,NVIDIA L40S,2,lr_ar_cap_b8,collective,0.03494400158524513,0.033504001796245575,0.03920000046491623,all_reduce,2048,16384,32768,57344.0
Qwen/Qwen3-8B-Base,49e3418fbbbca6ecbdf9608b4d22e5a407081db4,lr_ar_cap,n/a,8,8,64,,,,,,,n/a,bfloat16,NVIDIA L40S,2,lr_ar_cap_b8,reconstruction,0.016464000567793846,0.01568000018596649,0.01913600042462349,all_reduce,2048,16384,32768,57344.0
Qwen/Qwen3-8B-Base,49e3418fbbbca6ecbdf9608b4d22e5a407081db4,lr_ar_cap,n/a,8,8,64,,,,,,,n/a,bfloat16,NVIDIA L40S,2,lr_ar_cap_b8,total,0.06047999858856201,0.059039998799562454,0.06729599833488464,all_reduce,2048,16384,32768,57344.0
Qwen/Qwen3-8B-Base,49e3418fbbbca6ecbdf9608b4d22e5a407081db4,c1_ar,n/a,8,8,64,,,,,,,n/a,bfloat16,NVIDIA L40S,2,c1_ar_b8,projection,0.016863999888300896,0.016224000602960587,0.02348800003528595,all_reduce,2048,16384,32768,57344.0
Qwen/Qwen3-8B-Base,49e3418fbbbca6ecbdf9608b4d22e5a407081db4,c1_ar,n/a,8,8,64,,,,,,,n/a,bfloat16,NVIDIA L40S,2,c1_ar_b8,collective,0.032575998455286026,0.03167999908328056,0.03440000116825104,all_reduce,2048,16384,32768,57344.0
Qwen/Qwen3-8B-Base,49e3418fbbbca6ecbdf9608b4d22e5a407081db4,c1_ar,n/a,8,8,64,,,,,,,n/a,bfloat16,NVIDIA L40S,2,c1_ar_b8,reconstruction,0.017823999747633934,0.017664000391960144,0.018015999346971512,all_reduce,2048,16384,32768,57344.0
Qwen/Qwen3-8B-Base,49e3418fbbbca6ecbdf9608b4d22e5a407081db4,c1_ar,n/a,8,8,64,,,,,,,n/a,bfloat16,NVIDIA L40S,2,c1_ar_b8,total,0.07995199784636497,0.07817599922418594,0.08585599809885025,all_reduce,2048,16384,32768,57344.0
Qwen/Qwen3-8B-Base,49e3418fbbbca6ecbdf9608b4d22e5a407081db4,basiskv_ag,n/a,8,8,64,,,,,,,n/a,bfloat16,NVIDIA L40S,2,basiskv_ag_b8,projection,0.012032000347971916,0.011807999573647976,0.01283199992030859,all_gather,256,2048,4096,28672.0
Qwen/Qwen3-8B-Base,49e3418fbbbca6ecbdf9608b4d22e5a407081db4,basiskv_ag,n/a,8,8,64,,,,,,,n/a,bfloat16,NVIDIA L40S,2,basiskv_ag_b8,collective,0.019392000511288643,0.018912000581622124,0.019936000928282738,all_gather,256,2048,4096,28672.0
Qwen/Qwen3-8B-Base,49e3418fbbbca6ecbdf9608b4d22e5a407081db4,basiskv_ag,n/a,8,8,64,,,,,,,n/a,bfloat16,NVIDIA L40S,2,basiskv_ag_b8,reconstruction,0.018239999189972878,0.017952000722289085,0.025407999753952026,all_gather,256,2048,4096,28672.0
Qwen/Qwen3-8B-Base,49e3418fbbbca6ecbdf9608b4d22e5a407081db4,basiskv_ag,n/a,8,8,64,,,,,,,n/a,bfloat16,NVIDIA L40S,2,basiskv_ag_b8,total,0.038864001631736755,0.03830400109291077,0.0398080013692379,all_gather,256,2048,4096,28672.0
Qwen/Qwen3-8B-Base,49e3418fbbbca6ecbdf9608b4d22e5a407081db4,dense_ar,n/a,16,8,64,,,,,,,n/a,bfloat16,NVIDIA L40S,0,dense_ar_b16,projection,0.012799999676644802,0.012480000033974648,0.01817600056529045,all_reduce,4096,65536,131072,229376.0
Qwen/Qwen3-8B-Base,49e3418fbbbca6ecbdf9608b4d22e5a407081db4,dense_ar,n/a,16,8,64,,,,,,,n/a,bfloat16,NVIDIA L40S,0,dense_ar_b16,collective,0.04918399825692177,0.04870399832725525,0.050592001527547836,all_reduce,4096,65536,131072,229376.0
Qwen/Qwen3-8B-Base,49e3418fbbbca6ecbdf9608b4d22e5a407081db4,dense_ar,n/a,16,8,64,,,,,,,n/a,bfloat16,NVIDIA L40S,0,dense_ar_b16,reconstruction,0.012752000242471695,0.010432000271975994,0.015776000916957855,all_reduce,4096,65536,131072,229376.0
Qwen/Qwen3-8B-Base,49e3418fbbbca6ecbdf9608b4d22e5a407081db4,dense_ar,n/a,16,8,64,,,,,,,n/a,bfloat16,NVIDIA L40S,0,dense_ar_b16,total,0.0705760009586811,0.06867200136184692,0.0761599987745285,all_reduce,4096,65536,131072,229376.0
Qwen/Qwen3-8B-Base,49e3418fbbbca6ecbdf9608b4d22e5a407081db4,lr_ar_wire,n/a,16,8,64,,,,,,,n/a,bfloat16,NVIDIA L40S,0,lr_ar_wire_b16,projection,0.012543999589979649,0.012319999746978283,0.013311999849975109,all_reduce,1024,16384,32768,57344.0
Qwen/Qwen3-8B-Base,49e3418fbbbca6ecbdf9608b4d22e5a407081db4,lr_ar_wire,n/a,16,8,64,,,,,,,n/a,bfloat16,NVIDIA L40S,0,lr_ar_wire_b16,collective,0.0329120010137558,0.031168000772595406,0.03711999952793121,all_reduce,1024,16384,32768,57344.0
Qwen/Qwen3-8B-Base,49e3418fbbbca6ecbdf9608b4d22e5a407081db4,lr_ar_wire,n/a,16,8,64,,,,,,,n/a,bfloat16,NVIDIA L40S,0,lr_ar_wire_b16,reconstruction,0.014879999682307243,0.014720000326633453,0.01539199985563755,all_reduce,1024,16384,32768,57344.0
Qwen/Qwen3-8B-Base,49e3418fbbbca6ecbdf9608b4d22e5a407081db4,lr_ar_wire,n/a,16,8,64,,,,,,,n/a,bfloat16,NVIDIA L40S,0,lr_ar_wire_b16,total,0.06094399839639664,0.058559998869895935,0.06748799979686737,all_reduce,1024,16384,32768,57344.0
Qwen/Qwen3-8B-Base,49e3418fbbbca6ecbdf9608b4d22e5a407081db4,lr_ar_cap,n/a,16,8,64,,,,,,,n/a,bfloat16,NVIDIA L40S,0,lr_ar_cap_b16,projection,0.012736000120639801,0.01244799979031086,0.013472000136971474,all_reduce,2048,32768,65536,114688.0
Qwen/Qwen3-8B-Base,49e3418fbbbca6ecbdf9608b4d22e5a407081db4,lr_ar_cap,n/a,16,8,64,,,,,,,n/a,bfloat16,NVIDIA L40S,0,lr_ar_cap_b16,collective,0.03376000002026558,0.03280000016093254,0.03561599925160408,all_reduce,2048,32768,65536,114688.0
Qwen/Qwen3-8B-Base,49e3418fbbbca6ecbdf9608b4d22e5a407081db4,lr_ar_cap,n/a,16,8,64,,,,,,,n/a,bfloat16,NVIDIA L40S,0,lr_ar_cap_b16,reconstruction,0.016127999871969223,0.01600000075995922,0.01648000068962574,all_reduce,2048,32768,65536,114688.0
Qwen/Qwen3-8B-Base,49e3418fbbbca6ecbdf9608b4d22e5a407081db4,lr_ar_cap,n/a,16,8,64,,,,,,,n/a,bfloat16,NVIDIA L40S,0,lr_ar_cap_b16,total,0.05974400043487549,0.05788800120353699,0.07081600278615952,all_reduce,2048,32768,65536,114688.0
Qwen/Qwen3-8B-Base,49e3418fbbbca6ecbdf9608b4d22e5a407081db4,c1_ar,n/a,16,8,64,,,,,,,n/a,bfloat16,NVIDIA L40S,0,c1_ar_b16,projection,0.016543999314308167,0.016256000846624374,0.020031999796628952,all_reduce,2048,32768,65536,114688.0
Qwen/Qwen3-8B-Base,49e3418fbbbca6ecbdf9608b4d22e5a407081db4,c1_ar,n/a,16,8,64,,,,,,,n/a,bfloat16,NVIDIA L40S,0,c1_ar_b16,collective,0.0329120010137558,0.032416000962257385,0.03411199897527695,all_reduce,2048,32768,65536,114688.0
Qwen/Qwen3-8B-Base,49e3418fbbbca6ecbdf9608b4d22e5a407081db4,c1_ar,n/a,16,8,64,,,,,,,n/a,bfloat16,NVIDIA L40S,0,c1_ar_b16,reconstruction,0.02038400061428547,0.02022399939596653,0.020640000700950623,all_reduce,2048,32768,65536,114688.0
Qwen/Qwen3-8B-Base,49e3418fbbbca6ecbdf9608b4d22e5a407081db4,c1_ar,n/a,16,8,64,,,,,,,n/a,bfloat16,NVIDIA L40S,0,c1_ar_b16,total,0.07916799932718277,0.07747200131416321,0.08937600255012512,all_reduce,2048,32768,65536,114688.0
Qwen/Qwen3-8B-Base,49e3418fbbbca6ecbdf9608b4d22e5a407081db4,basiskv_ag,n/a,16,8,64,,,,,,,n/a,bfloat16,NVIDIA L40S,0,basiskv_ag_b16,projection,0.012191999703645706,0.011872000060975552,0.016063999384641647,all_gather,256,4096,8192,57344.0
Qwen/Qwen3-8B-Base,49e3418fbbbca6ecbdf9608b4d22e5a407081db4,basiskv_ag,n/a,16,8,64,,,,,,,n/a,bfloat16,NVIDIA L40S,0,basiskv_ag_b16,collective,0.02054399996995926,0.020160000771284103,0.021088000386953354,all_gather,256,4096,8192,57344.0
Qwen/Qwen3-8B-Base,49e3418fbbbca6ecbdf9608b4d22e5a407081db4,basiskv_ag,n/a,16,8,64,,,,,,,n/a,bfloat16,NVIDIA L40S,0,basiskv_ag_b16,reconstruction,0.020447999238967896,0.020320000126957893,0.020640000700950623,all_gather,256,4096,8192,57344.0
Qwen/Qwen3-8B-Base,49e3418fbbbca6ecbdf9608b4d22e5a407081db4,basiskv_ag,n/a,16,8,64,,,,,,,n/a,bfloat16,NVIDIA L40S,0,basiskv_ag_b16,total,0.04278400167822838,0.04217600077390671,0.04364800080657005,all_gather,256,4096,8192,57344.0
Qwen/Qwen3-8B-Base,49e3418fbbbca6ecbdf9608b4d22e5a407081db4,dense_ar,n/a,16,8,64,,,,,,,n/a,bfloat16,NVIDIA L40S,1,dense_ar_b16,projection,0.01539199985563755,0.012768000364303589,0.018592000007629395,all_reduce,4096,65536,131072,229376.0
Qwen/Qwen3-8B-Base,49e3418fbbbca6ecbdf9608b4d22e5a407081db4,dense_ar,n/a,16,8,64,,,,,,,n/a,bfloat16,NVIDIA L40S,1,dense_ar_b16,collective,0.04918399825692177,0.048767998814582825,0.050144001841545105,all_reduce,4096,65536,131072,229376.0
Qwen/Qwen3-8B-Base,49e3418fbbbca6ecbdf9608b4d22e5a407081db4,dense_ar,n/a,16,8,64,,,,,,,n/a,bfloat16,NVIDIA L40S,1,dense_ar_b16,reconstruction,0.009503999724984169,0.009279999881982803,0.010048000141978264,all_reduce,4096,65536,131072,229376.0
Qwen/Qwen3-8B-Base,49e3418fbbbca6ecbdf9608b4d22e5a407081db4,dense_ar,n/a,16,8,64,,,,,,,n/a,bfloat16,NVIDIA L40S,1,dense_ar_b16,total,0.07105599716305733,0.06934399902820587,0.07497599720954895,all_reduce,4096,65536,131072,229376.0
Qwen/Qwen3-8B-Base,49e3418fbbbca6ecbdf9608b4d22e5a407081db4,lr_ar_wire,n/a,16,8,64,,,,,,,n/a,bfloat16,NVIDIA L40S,1,lr_ar_wire_b16,projection,0.01563199982047081,0.012799999676644802,0.01833599992096424,all_reduce,1024,16384,32768,57344.0
Qwen/Qwen3-8B-Base,49e3418fbbbca6ecbdf9608b4d22e5a407081db4,lr_ar_wire,n/a,16,8,64,,,,,,,n/a,bfloat16,NVIDIA L40S,1,lr_ar_wire_b16,collective,0.03243200108408928,0.03129599988460541,0.03683200106024742,all_reduce,1024,16384,32768,57344.0
Qwen/Qwen3-8B-Base,49e3418fbbbca6ecbdf9608b4d22e5a407081db4,lr_ar_wire,n/a,16,8,64,,,,,,,n/a,bfloat16,NVIDIA L40S,1,lr_ar_wire_b16,reconstruction,0.014944000169634819,0.014751999638974667,0.015615999698638916,all_reduce,1024,16384,32768,57344.0
Qwen/Qwen3-8B-Base,49e3418fbbbca6ecbdf9608b4d22e5a407081db4,lr_ar_wire,n/a,16,8,64,,,,,,,n/a,bfloat16,NVIDIA L40S,1,lr_ar_wire_b16,total,0.06120000034570694,0.05942400172352791,0.0655359998345375,all_reduce,1024,16384,32768,57344.0
Qwen/Qwen3-8B-Base,49e3418fbbbca6ecbdf9608b4d22e5a407081db4,lr_ar_cap,n/a,16,8,64,,,,,,,n/a,bfloat16,NVIDIA L40S,1,lr_ar_cap_b16,projection,0.012703999876976013,0.012384000234305859,0.013311999849975109,all_reduce,2048,32768,65536,114688.0
Qwen/Qwen3-8B-Base,49e3418fbbbca6ecbdf9608b4d22e5a407081db4,lr_ar_cap,n/a,16,8,64,,,,,,,n/a,bfloat16,NVIDIA L40S,1,lr_ar_cap_b16,collective,0.03315199911594391,0.03251200169324875,0.03465599939227104,all_reduce,2048,32768,65536,114688.0
Qwen/Qwen3-8B-Base,49e3418fbbbca6ecbdf9608b4d22e5a407081db4,lr_ar_cap,n/a,16,8,64,,,,,,,n/a,bfloat16,NVIDIA L40S,1,lr_ar_cap_b16,reconstruction,0.016127999871969223,0.01603199914097786,0.016383999958634377,all_reduce,2048,32768,65536,114688.0
Qwen/Qwen3-8B-Base,49e3418fbbbca6ecbdf9608b4d22e5a407081db4,lr_ar_cap,n/a,16,8,64,,,,,,,n/a,bfloat16,NVIDIA L40S,1,lr_ar_cap_b16,total,0.061055999249219894,0.05942400172352791,0.06604799628257751,all_reduce,2048,32768,65536,114688.0
Qwen/Qwen3-8B-Base,49e3418fbbbca6ecbdf9608b4d22e5a407081db4,c1_ar,n/a,16,8,64,,,,,,,n/a,bfloat16,NVIDIA L40S,1,c1_ar_b16,projection,0.01648000068962574,0.01616000011563301,0.017535999417304993,all_reduce,2048,32768,65536,114688.0
Qwen/Qwen3-8B-Base,49e3418fbbbca6ecbdf9608b4d22e5a407081db4,c1_ar,n/a,16,8,64,,,,,,,n/a,bfloat16,NVIDIA L40S,1,c1_ar_b16,collective,0.03409599885344505,0.03254399821162224,0.03750399872660637,all_reduce,2048,32768,65536,114688.0
Qwen/Qwen3-8B-Base,49e3418fbbbca6ecbdf9608b4d22e5a407081db4,c1_ar,n/a,16,8,64,,,,,,,n/a,bfloat16,NVIDIA L40S,1,c1_ar_b16,reconstruction,0.02035200037062168,0.02022399939596653,0.020608000457286835,all_reduce,2048,32768,65536,114688.0
Qwen/Qwen3-8B-Base,49e3418fbbbca6ecbdf9608b4d22e5a407081db4,c1_ar,n/a,16,8,64,,,,,,,n/a,bfloat16,NVIDIA L40S,1,c1_ar_b16,total,0.08183999732136726,0.07996799796819687,0.09174399822950363,all_reduce,2048,32768,65536,114688.0
Qwen/Qwen3-8B-Base,49e3418fbbbca6ecbdf9608b4d22e5a407081db4,basiskv_ag,n/a,16,8,64,,,,,,,n/a,bfloat16,NVIDIA L40S,1,basiskv_ag_b16,projection,0.01206399966031313,0.011807999573647976,0.012768000364303589,all_gather,256,4096,8192,57344.0
Qwen/Qwen3-8B-Base,49e3418fbbbca6ecbdf9608b4d22e5a407081db4,basiskv_ag,n/a,16,8,64,,,,,,,n/a,bfloat16,NVIDIA L40S,1,basiskv_ag_b16,collective,0.02054399996995926,0.020096000283956528,0.02115200087428093,all_gather,256,4096,8192,57344.0
Qwen/Qwen3-8B-Base,49e3418fbbbca6ecbdf9608b4d22e5a407081db4,basiskv_ag,n/a,16,8,64,,,,,,,n/a,bfloat16,NVIDIA L40S,1,basiskv_ag_b16,reconstruction,0.0226239999756217,0.020479999482631683,0.025248000398278236,all_gather,256,4096,8192,57344.0
Qwen/Qwen3-8B-Base,49e3418fbbbca6ecbdf9608b4d22e5a407081db4,basiskv_ag,n/a,16,8,64,,,,,,,n/a,bfloat16,NVIDIA L40S,1,basiskv_ag_b16,total,0.0427200011909008,0.04217600077390671,0.04342399910092354,all_gather,256,4096,8192,57344.0
Qwen/Qwen3-8B-Base,49e3418fbbbca6ecbdf9608b4d22e5a407081db4,dense_ar,n/a,16,8,64,,,,,,,n/a,bfloat16,NVIDIA L40S,2,dense_ar_b16,projection,0.012640000320971012,0.012415999546647072,0.014175999909639359,all_reduce,4096,65536,131072,229376.0
Qwen/Qwen3-8B-Base,49e3418fbbbca6ecbdf9608b4d22e5a407081db4,dense_ar,n/a,16,8,64,,,,,,,n/a,bfloat16,NVIDIA L40S,2,dense_ar_b16,collective,0.04915200173854828,0.04867200180888176,0.04995200037956238,all_reduce,4096,65536,131072,229376.0
Qwen/Qwen3-8B-Base,49e3418fbbbca6ecbdf9608b4d22e5a407081db4,dense_ar,n/a,16,8,64,,,,,,,n/a,bfloat16,NVIDIA L40S,2,dense_ar_b16,reconstruction,0.009503999724984169,0.009247999638319016,0.010400000028312206,all_reduce,4096,65536,131072,229376.0
Qwen/Qwen3-8B-Base,49e3418fbbbca6ecbdf9608b4d22e5a407081db4,dense_ar,n/a,16,8,64,,,,,,,n/a,bfloat16,NVIDIA L40S,2,dense_ar_b16,total,0.06844799965620041,0.06656000018119812,0.07347200065851212,all_reduce,4096,65536,131072,229376.0
Qwen/Qwen3-8B-Base,49e3418fbbbca6ecbdf9608b4d22e5a407081db4,lr_ar_wire,n/a,16,8,64,,,,,,,n/a,bfloat16,NVIDIA L40S,2,lr_ar_wire_b16,projection,0.012799999676644802,0.012415999546647072,0.020191999152302742,all_reduce,1024,16384,32768,57344.0
Qwen/Qwen3-8B-Base,49e3418fbbbca6ecbdf9608b4d22e5a407081db4,lr_ar_wire,n/a,16,8,64,,,,,,,n/a,bfloat16,NVIDIA L40S,2,lr_ar_wire_b16,collective,0.03411199897527695,0.032607998698949814,0.036320000886917114,all_reduce,1024,16384,32768,57344.0
Qwen/Qwen3-8B-Base,49e3418fbbbca6ecbdf9608b4d22e5a407081db4,lr_ar_wire,n/a,16,8,64,,,,,,,n/a,bfloat16,NVIDIA L40S,2,lr_ar_wire_b16,reconstruction,0.014879999682307243,0.014688000082969666,0.01568000018596649,all_reduce,1024,16384,32768,57344.0
Qwen/Qwen3-8B-Base,49e3418fbbbca6ecbdf9608b4d22e5a407081db4,lr_ar_wire,n/a,16,8,64,,,,,,,n/a,bfloat16,NVIDIA L40S,2,lr_ar_wire_b16,total,0.05990400165319443,0.05846399813890457,0.06697600334882736,all_reduce,1024,16384,32768,57344.0
Qwen/Qwen3-8B-Base,49e3418fbbbca6ecbdf9608b4d22e5a407081db4,lr_ar_cap,n/a,16,8,64,,,,,,,n/a,bfloat16,NVIDIA L40S,2,lr_ar_cap_b16,projection,0.012655999977141619,0.012415999546647072,0.013376000337302685,all_reduce,2048,32768,65536,114688.0
Qwen/Qwen3-8B-Base,49e3418fbbbca6ecbdf9608b4d22e5a407081db4,lr_ar_cap,n/a,16,8,64,,,,,,,n/a,bfloat16,NVIDIA L40S,2,lr_ar_cap_b16,collective,0.03302399814128876,0.03248000144958496,0.035711999982595444,all_reduce,2048,32768,65536,114688.0
Qwen/Qwen3-8B-Base,49e3418fbbbca6ecbdf9608b4d22e5a407081db4,lr_ar_cap,n/a,16,8,64,,,,,,,n/a,bfloat16,NVIDIA L40S,2,lr_ar_cap_b16,reconstruction,0.016095999628305435,0.01600000075995922,0.016256000846624374,all_reduce,2048,32768,65536,114688.0
Qwen/Qwen3-8B-Base,49e3418fbbbca6ecbdf9608b4d22e5a407081db4,lr_ar_cap,n/a,16,8,64,,,,,,,n/a,bfloat16,NVIDIA L40S,2,lr_ar_cap_b16,total,0.06032000109553337,0.058720000088214874,0.06703999638557434,all_reduce,2048,32768,65536,114688.0
Qwen/Qwen3-8B-Base,49e3418fbbbca6ecbdf9608b4d22e5a407081db4,c1_ar,n/a,16,8,64,,,,,,,n/a,bfloat16,NVIDIA L40S,2,c1_ar_b16,projection,0.01651199907064438,0.016224000602960587,0.01945599913597107,all_reduce,2048,32768,65536,114688.0
Qwen/Qwen3-8B-Base,49e3418fbbbca6ecbdf9608b4d22e5a407081db4,c1_ar,n/a,16,8,64,,,,,,,n/a,bfloat16,NVIDIA L40S,2,c1_ar_b16,collective,0.03310399875044823,0.03235200047492981,0.03891199827194214,all_reduce,2048,32768,65536,114688.0
Qwen/Qwen3-8B-Base,49e3418fbbbca6ecbdf9608b4d22e5a407081db4,c1_ar,n/a,16,8,64,,,,,,,n/a,bfloat16,NVIDIA L40S,2,c1_ar_b16,reconstruction,0.02038400061428547,0.020191999152302742,0.02067199908196926,all_reduce,2048,32768,65536,114688.0
Qwen/Qwen3-8B-Base,49e3418fbbbca6ecbdf9608b4d22e5a407081db4,c1_ar,n/a,16,8,64,,,,,,,n/a,bfloat16,NVIDIA L40S,2,c1_ar_b16,total,0.07905599847435951,0.07737600058317184,0.0944959968328476,all_reduce,2048,32768,65536,114688.0
Qwen/Qwen3-8B-Base,49e3418fbbbca6ecbdf9608b4d22e5a407081db4,basiskv_ag,n/a,16,8,64,,,,,,,n/a,bfloat16,NVIDIA L40S,2,basiskv_ag_b16,projection,0.012048000004142523,0.011839999817311764,0.013407999649643898,all_gather,256,4096,8192,57344.0
Qwen/Qwen3-8B-Base,49e3418fbbbca6ecbdf9608b4d22e5a407081db4,basiskv_ag,n/a,16,8,64,,,,,,,n/a,bfloat16,NVIDIA L40S,2,basiskv_ag_b16,collective,0.020735999569296837,0.02022399939596653,0.02147199958562851,all_gather,256,4096,8192,57344.0
Qwen/Qwen3-8B-Base,49e3418fbbbca6ecbdf9608b4d22e5a407081db4,basiskv_ag,n/a,16,8,64,,,,,,,n/a,bfloat16,NVIDIA L40S,2,basiskv_ag_b16,reconstruction,0.02051199972629547,0.02035200037062168,0.020735999569296837,all_gather,256,4096,8192,57344.0
Qwen/Qwen3-8B-Base,49e3418fbbbca6ecbdf9608b4d22e5a407081db4,basiskv_ag,n/a,16,8,64,,,,,,,n/a,bfloat16,NVIDIA L40S,2,basiskv_ag_b16,total,0.04278400167822838,0.04211200028657913,0.04355200007557869,all_gather,256,4096,8192,57344.0
Qwen/Qwen3-8B-Base,49e3418fbbbca6ecbdf9608b4d22e5a407081db4,dense_ar,n/a,32,8,64,,,,,,,n/a,bfloat16,NVIDIA L40S,0,dense_ar_b32,projection,0.014783999882638454,0.012640000320971012,0.016416000202298164,all_reduce,4096,131072,262144,458752.0
Qwen/Qwen3-8B-Base,49e3418fbbbca6ecbdf9608b4d22e5a407081db4,dense_ar,n/a,32,8,64,,,,,,,n/a,bfloat16,NVIDIA L40S,0,dense_ar_b32,collective,0.08137600123882294,0.08076799660921097,0.08265600353479385,all_reduce,4096,131072,262144,458752.0
Qwen/Qwen3-8B-Base,49e3418fbbbca6ecbdf9608b4d22e5a407081db4,dense_ar,n/a,32,8,64,,,,,,,n/a,bfloat16,NVIDIA L40S,0,dense_ar_b32,reconstruction,0.009696000255644321,0.00940799992531538,0.010208000428974628,all_reduce,4096,131072,262144,458752.0
Qwen/Qwen3-8B-Base,49e3418fbbbca6ecbdf9608b4d22e5a407081db4,dense_ar,n/a,32,8,64,,,,,,,n/a,bfloat16,NVIDIA L40S,0,dense_ar_b32,total,0.0899519994854927,0.08921600133180618,0.0907519981265068,all_reduce,4096,131072,262144,458752.0
Qwen/Qwen3-8B-Base,49e3418fbbbca6ecbdf9608b4d22e5a407081db4,lr_ar_wire,n/a,32,8,64,,,,,,,n/a,bfloat16,NVIDIA L40S,0,lr_ar_wire_b32,projection,0.015359999611973763,0.012640000320971012,0.019200000911951065,all_reduce,1024,32768,65536,114688.0
Qwen/Qwen3-8B-Base,49e3418fbbbca6ecbdf9608b4d22e5a407081db4,lr_ar_wire,n/a,32,8,64,,,,,,,n/a,bfloat16,NVIDIA L40S,0,lr_ar_wire_b32,collective,0.03308799862861633,0.0323840007185936,0.03471999987959862,all_reduce,1024,32768,65536,114688.0
Qwen/Qwen3-8B-Base,49e3418fbbbca6ecbdf9608b4d22e5a407081db4,lr_ar_wire,n/a,32,8,64,,,,,,,n/a,bfloat16,NVIDIA L40S,0,lr_ar_wire_b32,reconstruction,0.015584000386297703,0.01539199985563755,0.016095999628305435,all_reduce,1024,32768,65536,114688.0
Qwen/Qwen3-8B-Base,49e3418fbbbca6ecbdf9608b4d22e5a407081db4,lr_ar_wire,n/a,32,8,64,,,,,,,n/a,bfloat16,NVIDIA L40S,0,lr_ar_wire_b32,total,0.06040000170469284,0.05920000001788139,0.06620799750089645,all_reduce,1024,32768,65536,114688.0
Qwen/Qwen3-8B-Base,49e3418fbbbca6ecbdf9608b4d22e5a407081db4,lr_ar_cap,n/a,32,8,64,,,,,,,n/a,bfloat16,NVIDIA L40S,0,lr_ar_cap_b32,projection,0.01624000072479248,0.014976000413298607,0.020864000543951988,all_reduce,2048,65536,131072,229376.0
Qwen/Qwen3-8B-Base,49e3418fbbbca6ecbdf9608b4d22e5a407081db4,lr_ar_cap,n/a,32,8,64,,,,,,,n/a,bfloat16,NVIDIA L40S,0,lr_ar_cap_b32,collective,0.0491040013730526,0.048576001077890396,0.04982399940490723,all_reduce,2048,65536,131072,229376.0
Qwen/Qwen3-8B-Base,49e3418fbbbca6ecbdf9608b4d22e5a407081db4,lr_ar_cap,n/a,32,8,64,,,,,,,n/a,bfloat16,NVIDIA L40S,0,lr_ar_cap_b32,reconstruction,0.01756799966096878,0.016863999888300896,0.02473600022494793,all_reduce,2048,65536,131072,229376.0
Qwen/Qwen3-8B-Base,49e3418fbbbca6ecbdf9608b4d22e5a407081db4,lr_ar_cap,n/a,32,8,64,,,,,,,n/a,bfloat16,NVIDIA L40S,0,lr_ar_cap_b32,total,0.07017599791288376,0.06956800073385239,0.07091200351715088,all_reduce,2048,65536,131072,229376.0
Qwen/Qwen3-8B-Base,49e3418fbbbca6ecbdf9608b4d22e5a407081db4,c1_ar,n/a,32,8,64,,,,,,,n/a,bfloat16,NVIDIA L40S,0,c1_ar_b32,projection,0.020767999812960625,0.016256000846624374,0.024064000695943832,all_reduce,2048,65536,131072,229376.0
Qwen/Qwen3-8B-Base,49e3418fbbbca6ecbdf9608b4d22e5a407081db4,c1_ar,n/a,32,8,64,,,,,,,n/a,bfloat16,NVIDIA L40S,0,c1_ar_b32,collective,0.049167999997735023,0.04870399832725525,0.0498879998922348,all_reduce,2048,65536,131072,229376.0
Qwen/Qwen3-8B-Base,49e3418fbbbca6ecbdf9608b4d22e5a407081db4,c1_ar,n/a,32,8,64,,,,,,,n/a,bfloat16,NVIDIA L40S,0,c1_ar_b32,reconstruction,0.020896000787615776,0.020735999569296837,0.02115200087428093,all_reduce,2048,65536,131072,229376.0
Qwen/Qwen3-8B-Base,49e3418fbbbca6ecbdf9608b4d22e5a407081db4,c1_ar,n/a,32,8,64,,,,,,,n/a,bfloat16,NVIDIA L40S,0,c1_ar_b32,total,0.08078399673104286,0.07865600287914276,0.08870399743318558,all_reduce,2048,65536,131072,229376.0
Qwen/Qwen3-8B-Base,49e3418fbbbca6ecbdf9608b4d22e5a407081db4,basiskv_ag,n/a,32,8,64,,,,,,,n/a,bfloat16,NVIDIA L40S,0,basiskv_ag_b32,projection,0.01206399966031313,0.011744000017642975,0.01283199992030859,all_gather,256,8192,16384,114688.0
Qwen/Qwen3-8B-Base,49e3418fbbbca6ecbdf9608b4d22e5a407081db4,basiskv_ag,n/a,32,8,64,,,,,,,n/a,bfloat16,NVIDIA L40S,0,basiskv_ag_b32,collective,0.02879999950528145,0.02831999957561493,0.029888000339269638,all_gather,256,8192,16384,114688.0
Qwen/Qwen3-8B-Base,49e3418fbbbca6ecbdf9608b4d22e5a407081db4,basiskv_ag,n/a,32,8,64,,,,,,,n/a,bfloat16,NVIDIA L40S,0,basiskv_ag_b32,reconstruction,0.020927999168634415,0.020767999812960625,0.02115200087428093,all_gather,256,8192,16384,114688.0
Qwen/Qwen3-8B-Base,49e3418fbbbca6ecbdf9608b4d22e5a407081db4,basiskv_ag,n/a,32,8,64,,,,,,,n/a,bfloat16,NVIDIA L40S,0,basiskv_ag_b32,total,0.05137600004673004,0.050783999264240265,0.05283199995756149,all_gather,256,8192,16384,114688.0
Qwen/Qwen3-8B-Base,49e3418fbbbca6ecbdf9608b4d22e5a407081db4,dense_ar,n/a,32,8,64,,,,,,,n/a,bfloat16,NVIDIA L40S,1,dense_ar_b32,projection,0.012703999876976013,0.01244799979031086,0.013535999692976475,all_reduce,4096,131072,262144,458752.0
Qwen/Qwen3-8B-Base,49e3418fbbbca6ecbdf9608b4d22e5a407081db4,dense_ar,n/a,32,8,64,,,,,,,n/a,bfloat16,NVIDIA L40S,1,dense_ar_b32,collective,0.08118399977684021,0.08057600259780884,0.08204799890518188,all_reduce,4096,131072,262144,458752.0
Qwen/Qwen3-8B-Base,49e3418fbbbca6ecbdf9608b4d22e5a407081db4,dense_ar,n/a,32,8,64,,,,,,,n/a,bfloat16,NVIDIA L40S,1,dense_ar_b32,reconstruction,0.009519999846816063,0.009279999881982803,0.010111999697983265,all_reduce,4096,131072,262144,458752.0
Qwen/Qwen3-8B-Base,49e3418fbbbca6ecbdf9608b4d22e5a407081db4,dense_ar,n/a,32,8,64,,,,,,,n/a,bfloat16,NVIDIA L40S,1,dense_ar_b32,total,0.08988799899816513,0.08908800035715103,0.09062399715185165,all_reduce,4096,131072,262144,458752.0
Qwen/Qwen3-8B-Base,49e3418fbbbca6ecbdf9608b4d22e5a407081db4,lr_ar_wire,n/a,32,8,64,,,,,,,n/a,bfloat16,NVIDIA L40S,1,lr_ar_wire_b32,projection,0.0185759998857975,0.012512000277638435,0.022143999114632607,all_reduce,1024,32768,65536,114688.0
Qwen/Qwen3-8B-Base,49e3418fbbbca6ecbdf9608b4d22e5a407081db4,lr_ar_wire,n/a,32,8,64,,,,,,,n/a,bfloat16,NVIDIA L40S,1,lr_ar_wire_b32,collective,0.03292800113558769,0.032287999987602234,0.034752000123262405,all_reduce,1024,32768,65536,114688.0
Qwen/Qwen3-8B-Base,49e3418fbbbca6ecbdf9608b4d22e5a407081db4,lr_ar_wire,n/a,32,8,64,,,,,,,n/a,bfloat16,NVIDIA L40S,1,lr_ar_wire_b32,reconstruction,0.015584000386297703,0.01539199985563755,0.016256000846624374,all_reduce,1024,32768,65536,114688.0
Qwen/Qwen3-8B-Base,49e3418fbbbca6ecbdf9608b4d22e5a407081db4,lr_ar_wire,n/a,32,8,64,,,,,,,n/a,bfloat16,NVIDIA L40S,1,lr_ar_wire_b32,total,0.0628800019621849,0.06099199876189232,0.07196799665689468,all_reduce,1024,32768,65536,114688.0
Qwen/Qwen3-8B-Base,49e3418fbbbca6ecbdf9608b4d22e5a407081db4,lr_ar_cap,n/a,32,8,64,,,,,,,n/a,bfloat16,NVIDIA L40S,1,lr_ar_cap_b32,projection,0.012736000120639801,0.01244799979031086,0.013824000023305416,all_reduce,2048,65536,131072,229376.0
Qwen/Qwen3-8B-Base,49e3418fbbbca6ecbdf9608b4d22e5a407081db4,lr_ar_cap,n/a,32,8,64,,,,,,,n/a,bfloat16,NVIDIA L40S,1,lr_ar_cap_b32,collective,0.049056001007556915,0.048608001321554184,0.049855999648571014,all_reduce,2048,65536,131072,229376.0
Qwen/Qwen3-8B-Base,49e3418fbbbca6ecbdf9608b4d22e5a407081db4,lr_ar_cap,n/a,32,8,64,,,,,,,n/a,bfloat16,NVIDIA L40S,1,lr_ar_cap_b32,reconstruction,0.016992000862956047,0.016863999888300896,0.017184000462293625,all_reduce,2048,65536,131072,229376.0
Qwen/Qwen3-8B-Base,49e3418fbbbca6ecbdf9608b4d22e5a407081db4,lr_ar_cap,n/a,32,8,64,,,,,,,n/a,bfloat16,NVIDIA L40S,1,lr_ar_cap_b32,total,0.07014399766921997,0.06960000097751617,0.07107199728488922,all_reduce,2048,65536,131072,229376.0
Qwen/Qwen3-8B-Base,49e3418fbbbca6ecbdf9608b4d22e5a407081db4,c1_ar,n/a,32,8,64,,,,,,,n/a,bfloat16,NVIDIA L40S,1,c1_ar_b32,projection,0.016416000202298164,0.01616000011563301,0.01727999933063984,all_reduce,2048,65536,131072,229376.0
Qwen/Qwen3-8B-Base,49e3418fbbbca6ecbdf9608b4d22e5a407081db4,c1_ar,n/a,32,8,64,,,,,,,n/a,bfloat16,NVIDIA L40S,1,c1_ar_b32,collective,0.0490880012512207,0.04854400083422661,0.05020799860358238,all_reduce,2048,65536,131072,229376.0
Qwen/Qwen3-8B-Base,49e3418fbbbca6ecbdf9608b4d22e5a407081db4,c1_ar,n/a,32,8,64,,,,,,,n/a,bfloat16,NVIDIA L40S,1,c1_ar_b32,reconstruction,0.020896000787615776,0.020735999569296837,0.02112000063061714,all_reduce,2048,65536,131072,229376.0
Qwen/Qwen3-8B-Base,49e3418fbbbca6ecbdf9608b4d22e5a407081db4,c1_ar,n/a,32,8,64,,,,,,,n/a,bfloat16,NVIDIA L40S,1,c1_ar_b32,total,0.08310399949550629,0.07993599772453308,0.09344000369310379,all_reduce,2048,65536,131072,229376.0
Qwen/Qwen3-8B-Base,49e3418fbbbca6ecbdf9608b4d22e5a407081db4,basiskv_ag,n/a,32,8,64,,,,,,,n/a,bfloat16,NVIDIA L40S,1,basiskv_ag_b32,projection,0.012128000147640705,0.011872000060975552,0.012959999963641167,all_gather,256,8192,16384,114688.0
Qwen/Qwen3-8B-Base,49e3418fbbbca6ecbdf9608b4d22e5a407081db4,basiskv_ag,n/a,32,8,64,,,,,,,n/a,bfloat16,NVIDIA L40S,1,basiskv_ag_b32,collective,0.028672000393271446,0.028351999819278717,0.0297279991209507,all_gather,256,8192,16384,114688.0
Qwen/Qwen3-8B-Base,49e3418fbbbca6ecbdf9608b4d22e5a407081db4,basiskv_ag,n/a,32,8,64,,,,,,,n/a,bfloat16,NVIDIA L40S,1,basiskv_ag_b32,reconstruction,0.020927999168634415,0.020767999812960625,0.02115200087428093,all_gather,256,8192,16384,114688.0
Qwen/Qwen3-8B-Base,49e3418fbbbca6ecbdf9608b4d22e5a407081db4,basiskv_ag,n/a,32,8,64,,,,,,,n/a,bfloat16,NVIDIA L40S,1,basiskv_ag_b32,total,0.051263999193906784,0.05071999877691269,0.052352000027894974,all_gather,256,8192,16384,114688.0
Qwen/Qwen3-8B-Base,49e3418fbbbca6ecbdf9608b4d22e5a407081db4,dense_ar,n/a,32,8,64,,,,,,,n/a,bfloat16,NVIDIA L40S,2,dense_ar_b32,projection,0.012608000077307224,0.01235199999064207,0.013472000136971474,all_reduce,4096,131072,262144,458752.0
Qwen/Qwen3-8B-Base,49e3418fbbbca6ecbdf9608b4d22e5a407081db4,dense_ar,n/a,32,8,64,,,,,,,n/a,bfloat16,NVIDIA L40S,2,dense_ar_b32,collective,0.08190399780869484,0.08092799782752991,0.0833280012011528,all_reduce,4096,131072,262144,458752.0
Qwen/Qwen3-8B-Base,49e3418fbbbca6ecbdf9608b4d22e5a407081db4,dense_ar,n/a,32,8,64,,,,,,,n/a,bfloat16,NVIDIA L40S,2,dense_ar_b32,reconstruction,0.009503999724984169,0.009247999638319016,0.010015999898314476,all_reduce,4096,131072,262144,458752.0
Qwen/Qwen3-8B-Base,49e3418fbbbca6ecbdf9608b4d22e5a407081db4,dense_ar,n/a,32,8,64,,,,,,,n/a,bfloat16,NVIDIA L40S,2,dense_ar_b32,total,0.09016000106930733,0.0894400030374527,0.09136000275611877,all_reduce,4096,131072,262144,458752.0
Qwen/Qwen3-8B-Base,49e3418fbbbca6ecbdf9608b4d22e5a407081db4,lr_ar_wire,n/a,32,8,64,,,,,,,n/a,bfloat16,NVIDIA L40S,2,lr_ar_wire_b32,projection,0.012768000364303589,0.01244799979031086,0.015552000142633915,all_reduce,1024,32768,65536,114688.0
Qwen/Qwen3-8B-Base,49e3418fbbbca6ecbdf9608b4d22e5a407081db4,lr_ar_wire,n/a,32,8,64,,,,,,,n/a,bfloat16,NVIDIA L40S,2,lr_ar_wire_b32,collective,0.03372799977660179,0.032735999673604965,0.03590400144457817,all_reduce,1024,32768,65536,114688.0
Qwen/Qwen3-8B-Base,49e3418fbbbca6ecbdf9608b4d22e5a407081db4,lr_ar_wire,n/a,32,8,64,,,,,,,n/a,bfloat16,NVIDIA L40S,2,lr_ar_wire_b32,reconstruction,0.017664000391960144,0.016575999557971954,0.020479999482631683,all_reduce,1024,32768,65536,114688.0
Qwen/Qwen3-8B-Base,49e3418fbbbca6ecbdf9608b4d22e5a407081db4,lr_ar_wire,n/a,32,8,64,,,,,,,n/a,bfloat16,NVIDIA L40S,2,lr_ar_wire_b32,total,0.06099199876189232,0.05961599946022034,0.06492800265550613,all_reduce,1024,32768,65536,114688.0
Qwen/Qwen3-8B-Base,49e3418fbbbca6ecbdf9608b4d22e5a407081db4,lr_ar_cap,n/a,32,8,64,,,,,,,n/a,bfloat16,NVIDIA L40S,2,lr_ar_cap_b32,projection,0.012608000077307224,0.012319999746978283,0.013344000093638897,all_reduce,2048,65536,131072,229376.0
Qwen/Qwen3-8B-Base,49e3418fbbbca6ecbdf9608b4d22e5a407081db4,lr_ar_cap,n/a,32,8,64,,,,,,,n/a,bfloat16,NVIDIA L40S,2,lr_ar_cap_b32,collective,0.04918399825692177,0.04873599857091904,0.050144001841545105,all_reduce,2048,65536,131072,229376.0
Qwen/Qwen3-8B-Base,49e3418fbbbca6ecbdf9608b4d22e5a407081db4,lr_ar_cap,n/a,32,8,64,,,,,,,n/a,bfloat16,NVIDIA L40S,2,lr_ar_cap_b32,reconstruction,0.01696000061929226,0.016863999888300896,0.023360000923275948,all_reduce,2048,65536,131072,229376.0
Qwen/Qwen3-8B-Base,49e3418fbbbca6ecbdf9608b4d22e5a407081db4,lr_ar_cap,n/a,32,8,64,,,,,,,n/a,bfloat16,NVIDIA L40S,2,lr_ar_cap_b32,total,0.07014399766921997,0.0695360004901886,0.07110399752855301,all_reduce,2048,65536,131072,229376.0
Qwen/Qwen3-8B-Base,49e3418fbbbca6ecbdf9608b4d22e5a407081db4,c1_ar,n/a,32,8,64,,,,,,,n/a,bfloat16,NVIDIA L40S,2,c1_ar_b32,projection,0.01679999940097332,0.016383999958634377,0.01852799952030182,all_reduce,2048,65536,131072,229376.0
Qwen/Qwen3-8B-Base,49e3418fbbbca6ecbdf9608b4d22e5a407081db4,c1_ar,n/a,32,8,64,,,,,,,n/a,bfloat16,NVIDIA L40S,2,c1_ar_b32,collective,0.049136001616716385,0.04864000156521797,0.04995200037956238,all_reduce,2048,65536,131072,229376.0
Qwen/Qwen3-8B-Base,49e3418fbbbca6ecbdf9608b4d22e5a407081db4,c1_ar,n/a,32,8,64,,,,,,,n/a,bfloat16,NVIDIA L40S,2,c1_ar_b32,reconstruction,0.020896000787615776,0.020767999812960625,0.02112000063061714,all_reduce,2048,65536,131072,229376.0
Qwen/Qwen3-8B-Base,49e3418fbbbca6ecbdf9608b4d22e5a407081db4,c1_ar,n/a,32,8,64,,,,,,,n/a,bfloat16,NVIDIA L40S,2,c1_ar_b32,total,0.08108799904584885,0.0764160007238388,0.08630400151014328,all_reduce,2048,65536,131072,229376.0
Qwen/Qwen3-8B-Base,49e3418fbbbca6ecbdf9608b4d22e5a407081db4,basiskv_ag,n/a,32,8,64,,,,,,,n/a,bfloat16,NVIDIA L40S,2,basiskv_ag_b32,projection,0.012000000104308128,0.011776000261306763,0.012927999719977379,all_gather,256,8192,16384,114688.0
Qwen/Qwen3-8B-Base,49e3418fbbbca6ecbdf9608b4d22e5a407081db4,basiskv_ag,n/a,32,8,64,,,,,,,n/a,bfloat16,NVIDIA L40S,2,basiskv_ag_b32,collective,0.028672000393271446,0.028384000062942505,0.02985600009560585,all_gather,256,8192,16384,114688.0
Qwen/Qwen3-8B-Base,49e3418fbbbca6ecbdf9608b4d22e5a407081db4,basiskv_ag,n/a,32,8,64,,,,,,,n/a,bfloat16,NVIDIA L40S,2,basiskv_ag_b32,reconstruction,0.020896000787615776,0.020735999569296837,0.021183999255299568,all_gather,256,8192,16384,114688.0
Qwen/Qwen3-8B-Base,49e3418fbbbca6ecbdf9608b4d22e5a407081db4,basiskv_ag,n/a,32,8,64,,,,,,,n/a,bfloat16,NVIDIA L40S,2,basiskv_ag_b32,total,0.05132799968123436,0.050592001527547836,0.052480001002550125,all_gather,256,8192,16384,114688.0
