/workspace/conda/envs/basis/bin/python -u -m evaluation.fit_k_routing_streaming base --identity /workspace/runs/l31-v96/identity.json --windows /workspace/runs/l31-cal128/calibration/windows.safetensors --moments-root /workspace/runs/l31-dense128/router --output /workspace/runs/l31-v96/router --sequence-length 131072 --fit-count 32 --diagnostic-count 16 --sweeps 60 --pcg-iterations 50 --layers 0,1,2,3,4,5,6,7
/workspace/conda/envs/basis/bin/python -u -m evaluation.fit_k_routing_streaming fisher --identity /workspace/runs/l31-v96/identity.json --windows /workspace/runs/l31-cal128/calibration/windows.safetensors --moments-root /workspace/runs/l31-dense128/router --output /workspace/runs/l31-v96/router --sequence-length 131072 --fit-count 32 --diagnostic-count 16 --sweeps 60 --pcg-iterations 50 --layers 0,1,2,3,4,5,6,7
Loading weights:   0%|          | 0/291 [00:00<?, ?it/s]Loading weights: 100%|██████████| 291/291 [00:00<00:00, 12345.67it/s]
  residual features/Fisher window=1/1 Q=64
  residual features/Fisher window=1/1 Q=64
  residual features/Fisher window=1/1 Q=64
  residual features/Fisher window=1/1 Q=64
  residual features/Fisher window=1/1 Q=64
  residual features/Fisher window=1/1 Q=64
  residual features/Fisher window=1/1 Q=64
  residual features/Fisher window=1/1 Q=64
{'stage': 'fisher', 'window': 0, 'layers': [0, 1, 2, 3, 4, 5, 6, 7]}
  residual features/Fisher window=1/1 Q=64
  residual features/Fisher window=1/1 Q=64
  residual features/Fisher window=1/1 Q=64
  residual features/Fisher window=1/1 Q=64
  residual features/Fisher window=1/1 Q=64
  residual features/Fisher window=1/1 Q=64
  residual features/Fisher window=1/1 Q=64
  residual features/Fisher window=1/1 Q=64
{'stage': 'fisher', 'window': 1, 'layers': [0, 1, 2, 3, 4, 5, 6, 7]}
  residual features/Fisher window=1/1 Q=64
  residual features/Fisher window=1/1 Q=64
  residual features/Fisher window=1/1 Q=64
  residual features/Fisher window=1/1 Q=64
  residual features/Fisher window=1/1 Q=64
  residual features/Fisher window=1/1 Q=64
  residual features/Fisher window=1/1 Q=64
  residual features/Fisher window=1/1 Q=64
{'stage': 'fisher', 'window': 2, 'layers': [0, 1, 2, 3, 4, 5, 6, 7]}
  residual features/Fisher window=1/1 Q=64
  residual features/Fisher window=1/1 Q=64
  residual features/Fisher window=1/1 Q=64
  residual features/Fisher window=1/1 Q=64
  residual features/Fisher window=1/1 Q=64
  residual features/Fisher window=1/1 Q=64
  residual features/Fisher window=1/1 Q=64
  residual features/Fisher window=1/1 Q=64
{'stage': 'fisher', 'window': 3, 'layers': [0, 1, 2, 3, 4, 5, 6, 7]}
  residual features/Fisher window=1/1 Q=64
  residual features/Fisher window=1/1 Q=64
  residual features/Fisher window=1/1 Q=64
  residual features/Fisher window=1/1 Q=64
  residual features/Fisher window=1/1 Q=64
  residual features/Fisher window=1/1 Q=64
  residual features/Fisher window=1/1 Q=64
  residual features/Fisher window=1/1 Q=64
{'stage': 'fisher', 'window': 4, 'layers': [0, 1, 2, 3, 4, 5, 6, 7]}
  residual features/Fisher window=1/1 Q=64
  residual features/Fisher window=1/1 Q=64
  residual features/Fisher window=1/1 Q=64
  residual features/Fisher window=1/1 Q=64
  residual features/Fisher window=1/1 Q=64
  residual features/Fisher window=1/1 Q=64
  residual features/Fisher window=1/1 Q=64
  residual features/Fisher window=1/1 Q=64
{'stage': 'fisher', 'window': 5, 'layers': [0, 1, 2, 3, 4, 5, 6, 7]}
  residual features/Fisher window=1/1 Q=64
  residual features/Fisher window=1/1 Q=64
  residual features/Fisher window=1/1 Q=64
  residual features/Fisher window=1/1 Q=64
  residual features/Fisher window=1/1 Q=64
  residual features/Fisher window=1/1 Q=64
  residual features/Fisher window=1/1 Q=64
  residual features/Fisher window=1/1 Q=64
{'stage': 'fisher', 'window': 6, 'layers': [0, 1, 2, 3, 4, 5, 6, 7]}
  residual features/Fisher window=1/1 Q=64
  residual features/Fisher window=1/1 Q=64
  residual features/Fisher window=1/1 Q=64
  residual features/Fisher window=1/1 Q=64
  residual features/Fisher window=1/1 Q=64
  residual features/Fisher window=1/1 Q=64
  residual features/Fisher window=1/1 Q=64
  residual features/Fisher window=1/1 Q=64
{'stage': 'fisher', 'window': 7, 'layers': [0, 1, 2, 3, 4, 5, 6, 7]}
  residual features/Fisher window=1/1 Q=64
  residual features/Fisher window=1/1 Q=64
  residual features/Fisher window=1/1 Q=64
  residual features/Fisher window=1/1 Q=64
  residual features/Fisher window=1/1 Q=64
  residual features/Fisher window=1/1 Q=64
  residual features/Fisher window=1/1 Q=64
  residual features/Fisher window=1/1 Q=64
{'stage': 'fisher', 'window': 8, 'layers': [0, 1, 2, 3, 4, 5, 6, 7]}
  residual features/Fisher window=1/1 Q=64
  residual features/Fisher window=1/1 Q=64
  residual features/Fisher window=1/1 Q=64
  residual features/Fisher window=1/1 Q=64
  residual features/Fisher window=1/1 Q=64
  residual features/Fisher window=1/1 Q=64
  residual features/Fisher window=1/1 Q=64
  residual features/Fisher window=1/1 Q=64
{'stage': 'fisher', 'window': 9, 'layers': [0, 1, 2, 3, 4, 5, 6, 7]}
  residual features/Fisher window=1/1 Q=64
  residual features/Fisher window=1/1 Q=64
  residual features/Fisher window=1/1 Q=64
  residual features/Fisher window=1/1 Q=64
  residual features/Fisher window=1/1 Q=64
  residual features/Fisher window=1/1 Q=64
  residual features/Fisher window=1/1 Q=64
  residual features/Fisher window=1/1 Q=64
{'stage': 'fisher', 'window': 10, 'layers': [0, 1, 2, 3, 4, 5, 6, 7]}
  residual features/Fisher window=1/1 Q=64
  residual features/Fisher window=1/1 Q=64
  residual features/Fisher window=1/1 Q=64
  residual features/Fisher window=1/1 Q=64
  residual features/Fisher window=1/1 Q=64
  residual features/Fisher window=1/1 Q=64
  residual features/Fisher window=1/1 Q=64
  residual features/Fisher window=1/1 Q=64
{'stage': 'fisher', 'window': 11, 'layers': [0, 1, 2, 3, 4, 5, 6, 7]}
  residual features/Fisher window=1/1 Q=64
  residual features/Fisher window=1/1 Q=64
  residual features/Fisher window=1/1 Q=64
  residual features/Fisher window=1/1 Q=64
  residual features/Fisher window=1/1 Q=64
  residual features/Fisher window=1/1 Q=64
  residual features/Fisher window=1/1 Q=64
  residual features/Fisher window=1/1 Q=64
{'stage': 'fisher', 'window': 12, 'layers': [0, 1, 2, 3, 4, 5, 6, 7]}
  residual features/Fisher window=1/1 Q=64
  residual features/Fisher window=1/1 Q=64
  residual features/Fisher window=1/1 Q=64
  residual features/Fisher window=1/1 Q=64
  residual features/Fisher window=1/1 Q=64
  residual features/Fisher window=1/1 Q=64
  residual features/Fisher window=1/1 Q=64
  residual features/Fisher window=1/1 Q=64
{'stage': 'fisher', 'window': 13, 'layers': [0, 1, 2, 3, 4, 5, 6, 7]}
  residual features/Fisher window=1/1 Q=64
  residual features/Fisher window=1/1 Q=64
  residual features/Fisher window=1/1 Q=64
  residual features/Fisher window=1/1 Q=64
  residual features/Fisher window=1/1 Q=64
  residual features/Fisher window=1/1 Q=64
  residual features/Fisher window=1/1 Q=64
  residual features/Fisher window=1/1 Q=64
{'stage': 'fisher', 'window': 14, 'layers': [0, 1, 2, 3, 4, 5, 6, 7]}
  residual features/Fisher window=1/1 Q=64
  residual features/Fisher window=1/1 Q=64
  residual features/Fisher window=1/1 Q=64
  residual features/Fisher window=1/1 Q=64
  residual features/Fisher window=1/1 Q=64
  residual features/Fisher window=1/1 Q=64
  residual features/Fisher window=1/1 Q=64
  residual features/Fisher window=1/1 Q=64
{'stage': 'fisher', 'window': 15, 'layers': [0, 1, 2, 3, 4, 5, 6, 7]}
  residual features/Fisher window=1/1 Q=64
  residual features/Fisher window=1/1 Q=64
  residual features/Fisher window=1/1 Q=64
  residual features/Fisher window=1/1 Q=64
  residual features/Fisher window=1/1 Q=64
  residual features/Fisher window=1/1 Q=64
  residual features/Fisher window=1/1 Q=64
  residual features/Fisher window=1/1 Q=64
{'stage': 'fisher', 'window': 16, 'layers': [0, 1, 2, 3, 4, 5, 6, 7]}
  residual features/Fisher window=1/1 Q=64
  residual features/Fisher window=1/1 Q=64
  residual features/Fisher window=1/1 Q=64
  residual features/Fisher window=1/1 Q=64
  residual features/Fisher window=1/1 Q=64
  residual features/Fisher window=1/1 Q=64
  residual features/Fisher window=1/1 Q=64
  residual features/Fisher window=1/1 Q=64
{'stage': 'fisher', 'window': 17, 'layers': [0, 1, 2, 3, 4, 5, 6, 7]}
  residual features/Fisher window=1/1 Q=64
  residual features/Fisher window=1/1 Q=64
  residual features/Fisher window=1/1 Q=64
  residual features/Fisher window=1/1 Q=64
  residual features/Fisher window=1/1 Q=64
  residual features/Fisher window=1/1 Q=64
  residual features/Fisher window=1/1 Q=64
  residual features/Fisher window=1/1 Q=64
{'stage': 'fisher', 'window': 18, 'layers': [0, 1, 2, 3, 4, 5, 6, 7]}
  residual features/Fisher window=1/1 Q=64
  residual features/Fisher window=1/1 Q=64
  residual features/Fisher window=1/1 Q=64
  residual features/Fisher window=1/1 Q=64
  residual features/Fisher window=1/1 Q=64
  residual features/Fisher window=1/1 Q=64
  residual features/Fisher window=1/1 Q=64
  residual features/Fisher window=1/1 Q=64
{'stage': 'fisher', 'window': 19, 'layers': [0, 1, 2, 3, 4, 5, 6, 7]}
  residual features/Fisher window=1/1 Q=64
  residual features/Fisher window=1/1 Q=64
  residual features/Fisher window=1/1 Q=64
  residual features/Fisher window=1/1 Q=64
  residual features/Fisher window=1/1 Q=64
  residual features/Fisher window=1/1 Q=64
  residual features/Fisher window=1/1 Q=64
  residual features/Fisher window=1/1 Q=64
{'stage': 'fisher', 'window': 20, 'layers': [0, 1, 2, 3, 4, 5, 6, 7]}
  residual features/Fisher window=1/1 Q=64
  residual features/Fisher window=1/1 Q=64
  residual features/Fisher window=1/1 Q=64
  residual features/Fisher window=1/1 Q=64
  residual features/Fisher window=1/1 Q=64
  residual features/Fisher window=1/1 Q=64
  residual features/Fisher window=1/1 Q=64
  residual features/Fisher window=1/1 Q=64
{'stage': 'fisher', 'window': 21, 'layers': [0, 1, 2, 3, 4, 5, 6, 7]}
  residual features/Fisher window=1/1 Q=64
  residual features/Fisher window=1/1 Q=64
  residual features/Fisher window=1/1 Q=64
  residual features/Fisher window=1/1 Q=64
  residual features/Fisher window=1/1 Q=64
  residual features/Fisher window=1/1 Q=64
  residual features/Fisher window=1/1 Q=64
  residual features/Fisher window=1/1 Q=64
{'stage': 'fisher', 'window': 22, 'layers': [0, 1, 2, 3, 4, 5, 6, 7]}
  residual features/Fisher window=1/1 Q=64
  residual features/Fisher window=1/1 Q=64
  residual features/Fisher window=1/1 Q=64
  residual features/Fisher window=1/1 Q=64
  residual features/Fisher window=1/1 Q=64
  residual features/Fisher window=1/1 Q=64
  residual features/Fisher window=1/1 Q=64
  residual features/Fisher window=1/1 Q=64
{'stage': 'fisher', 'window': 23, 'layers': [0, 1, 2, 3, 4, 5, 6, 7]}
  residual features/Fisher window=1/1 Q=64
  residual features/Fisher window=1/1 Q=64
  residual features/Fisher window=1/1 Q=64
  residual features/Fisher window=1/1 Q=64
  residual features/Fisher window=1/1 Q=64
  residual features/Fisher window=1/1 Q=64
  residual features/Fisher window=1/1 Q=64
  residual features/Fisher window=1/1 Q=64
{'stage': 'fisher', 'window': 24, 'layers': [0, 1, 2, 3, 4, 5, 6, 7]}
  residual features/Fisher window=1/1 Q=64
  residual features/Fisher window=1/1 Q=64
  residual features/Fisher window=1/1 Q=64
  residual features/Fisher window=1/1 Q=64
  residual features/Fisher window=1/1 Q=64
  residual features/Fisher window=1/1 Q=64
  residual features/Fisher window=1/1 Q=64
  residual features/Fisher window=1/1 Q=64
{'stage': 'fisher', 'window': 25, 'layers': [0, 1, 2, 3, 4, 5, 6, 7]}
  residual features/Fisher window=1/1 Q=64
  residual features/Fisher window=1/1 Q=64
  residual features/Fisher window=1/1 Q=64
  residual features/Fisher window=1/1 Q=64
  residual features/Fisher window=1/1 Q=64
  residual features/Fisher window=1/1 Q=64
  residual features/Fisher window=1/1 Q=64
  residual features/Fisher window=1/1 Q=64
{'stage': 'fisher', 'window': 26, 'layers': [0, 1, 2, 3, 4, 5, 6, 7]}
  residual features/Fisher window=1/1 Q=64
  residual features/Fisher window=1/1 Q=64
  residual features/Fisher window=1/1 Q=64
  residual features/Fisher window=1/1 Q=64
  residual features/Fisher window=1/1 Q=64
  residual features/Fisher window=1/1 Q=64
  residual features/Fisher window=1/1 Q=64
  residual features/Fisher window=1/1 Q=64
{'stage': 'fisher', 'window': 27, 'layers': [0, 1, 2, 3, 4, 5, 6, 7]}
  residual features/Fisher window=1/1 Q=64
  residual features/Fisher window=1/1 Q=64
  residual features/Fisher window=1/1 Q=64
  residual features/Fisher window=1/1 Q=64
  residual features/Fisher window=1/1 Q=64
  residual features/Fisher window=1/1 Q=64
  residual features/Fisher window=1/1 Q=64
  residual features/Fisher window=1/1 Q=64
{'stage': 'fisher', 'window': 28, 'layers': [0, 1, 2, 3, 4, 5, 6, 7]}
  residual features/Fisher window=1/1 Q=64
  residual features/Fisher window=1/1 Q=64
  residual features/Fisher window=1/1 Q=64
  residual features/Fisher window=1/1 Q=64
  residual features/Fisher window=1/1 Q=64
  residual features/Fisher window=1/1 Q=64
  residual features/Fisher window=1/1 Q=64
  residual features/Fisher window=1/1 Q=64
{'stage': 'fisher', 'window': 29, 'layers': [0, 1, 2, 3, 4, 5, 6, 7]}
  residual features/Fisher window=1/1 Q=64
  residual features/Fisher window=1/1 Q=64
  residual features/Fisher window=1/1 Q=64
  residual features/Fisher window=1/1 Q=64
  residual features/Fisher window=1/1 Q=64
  residual features/Fisher window=1/1 Q=64
  residual features/Fisher window=1/1 Q=64
  residual features/Fisher window=1/1 Q=64
{'stage': 'fisher', 'window': 30, 'layers': [0, 1, 2, 3, 4, 5, 6, 7]}
  residual features/Fisher window=1/1 Q=64
  residual features/Fisher window=1/1 Q=64
  residual features/Fisher window=1/1 Q=64
  residual features/Fisher window=1/1 Q=64
  residual features/Fisher window=1/1 Q=64
  residual features/Fisher window=1/1 Q=64
  residual features/Fisher window=1/1 Q=64
  residual features/Fisher window=1/1 Q=64
{'stage': 'fisher', 'window': 31, 'layers': [0, 1, 2, 3, 4, 5, 6, 7]}
  residual features/Fisher window=1/1 Q=32
  residual features/Fisher window=1/1 Q=32
  residual features/Fisher window=1/1 Q=32
  residual features/Fisher window=1/1 Q=32
  residual features/Fisher window=1/1 Q=32
  residual features/Fisher window=1/1 Q=32
  residual features/Fisher window=1/1 Q=32
  residual features/Fisher window=1/1 Q=32
{'stage': 'fisher', 'window': 32, 'layers': [0, 1, 2, 3, 4, 5, 6, 7]}
  residual features/Fisher window=1/1 Q=32
  residual features/Fisher window=1/1 Q=32
  residual features/Fisher window=1/1 Q=32
  residual features/Fisher window=1/1 Q=32
  residual features/Fisher window=1/1 Q=32
  residual features/Fisher window=1/1 Q=32
  residual features/Fisher window=1/1 Q=32
  residual features/Fisher window=1/1 Q=32
{'stage': 'fisher', 'window': 33, 'layers': [0, 1, 2, 3, 4, 5, 6, 7]}
  residual features/Fisher window=1/1 Q=32
  residual features/Fisher window=1/1 Q=32
  residual features/Fisher window=1/1 Q=32
  residual features/Fisher window=1/1 Q=32
  residual features/Fisher window=1/1 Q=32
  residual features/Fisher window=1/1 Q=32
  residual features/Fisher window=1/1 Q=32
  residual features/Fisher window=1/1 Q=32
{'stage': 'fisher', 'window': 34, 'layers': [0, 1, 2, 3, 4, 5, 6, 7]}
  residual features/Fisher window=1/1 Q=32
  residual features/Fisher window=1/1 Q=32
  residual features/Fisher window=1/1 Q=32
  residual features/Fisher window=1/1 Q=32
  residual features/Fisher window=1/1 Q=32
  residual features/Fisher window=1/1 Q=32
  residual features/Fisher window=1/1 Q=32
  residual features/Fisher window=1/1 Q=32
{'stage': 'fisher', 'window': 35, 'layers': [0, 1, 2, 3, 4, 5, 6, 7]}
  residual features/Fisher window=1/1 Q=32
  residual features/Fisher window=1/1 Q=32
  residual features/Fisher window=1/1 Q=32
  residual features/Fisher window=1/1 Q=32
  residual features/Fisher window=1/1 Q=32
  residual features/Fisher window=1/1 Q=32
  residual features/Fisher window=1/1 Q=32
  residual features/Fisher window=1/1 Q=32
{'stage': 'fisher', 'window': 36, 'layers': [0, 1, 2, 3, 4, 5, 6, 7]}
  residual features/Fisher window=1/1 Q=32
  residual features/Fisher window=1/1 Q=32
  residual features/Fisher window=1/1 Q=32
  residual features/Fisher window=1/1 Q=32
  residual features/Fisher window=1/1 Q=32
  residual features/Fisher window=1/1 Q=32
  residual features/Fisher window=1/1 Q=32
  residual features/Fisher window=1/1 Q=32
{'stage': 'fisher', 'window': 37, 'layers': [0, 1, 2, 3, 4, 5, 6, 7]}
  residual features/Fisher window=1/1 Q=32
  residual features/Fisher window=1/1 Q=32
  residual features/Fisher window=1/1 Q=32
  residual features/Fisher window=1/1 Q=32
  residual features/Fisher window=1/1 Q=32
  residual features/Fisher window=1/1 Q=32
  residual features/Fisher window=1/1 Q=32
  residual features/Fisher window=1/1 Q=32
{'stage': 'fisher', 'window': 38, 'layers': [0, 1, 2, 3, 4, 5, 6, 7]}
  residual features/Fisher window=1/1 Q=32
  residual features/Fisher window=1/1 Q=32
  residual features/Fisher window=1/1 Q=32
  residual features/Fisher window=1/1 Q=32
  residual features/Fisher window=1/1 Q=32
  residual features/Fisher window=1/1 Q=32
  residual features/Fisher window=1/1 Q=32
  residual features/Fisher window=1/1 Q=32
{'stage': 'fisher', 'window': 39, 'layers': [0, 1, 2, 3, 4, 5, 6, 7]}
  residual features/Fisher window=1/1 Q=32
  residual features/Fisher window=1/1 Q=32
  residual features/Fisher window=1/1 Q=32
  residual features/Fisher window=1/1 Q=32
  residual features/Fisher window=1/1 Q=32
  residual features/Fisher window=1/1 Q=32
  residual features/Fisher window=1/1 Q=32
  residual features/Fisher window=1/1 Q=32
{'stage': 'fisher', 'window': 40, 'layers': [0, 1, 2, 3, 4, 5, 6, 7]}
  residual features/Fisher window=1/1 Q=32
  residual features/Fisher window=1/1 Q=32
  residual features/Fisher window=1/1 Q=32
  residual features/Fisher window=1/1 Q=32
  residual features/Fisher window=1/1 Q=32
  residual features/Fisher window=1/1 Q=32
  residual features/Fisher window=1/1 Q=32
  residual features/Fisher window=1/1 Q=32
{'stage': 'fisher', 'window': 41, 'layers': [0, 1, 2, 3, 4, 5, 6, 7]}
  residual features/Fisher window=1/1 Q=32
  residual features/Fisher window=1/1 Q=32
  residual features/Fisher window=1/1 Q=32
  residual features/Fisher window=1/1 Q=32
  residual features/Fisher window=1/1 Q=32
  residual features/Fisher window=1/1 Q=32
  residual features/Fisher window=1/1 Q=32
  residual features/Fisher window=1/1 Q=32
{'stage': 'fisher', 'window': 42, 'layers': [0, 1, 2, 3, 4, 5, 6, 7]}
  residual features/Fisher window=1/1 Q=32
  residual features/Fisher window=1/1 Q=32
  residual features/Fisher window=1/1 Q=32
  residual features/Fisher window=1/1 Q=32
  residual features/Fisher window=1/1 Q=32
  residual features/Fisher window=1/1 Q=32
  residual features/Fisher window=1/1 Q=32
  residual features/Fisher window=1/1 Q=32
{'stage': 'fisher', 'window': 43, 'layers': [0, 1, 2, 3, 4, 5, 6, 7]}
  residual features/Fisher window=1/1 Q=32
  residual features/Fisher window=1/1 Q=32
  residual features/Fisher window=1/1 Q=32
  residual features/Fisher window=1/1 Q=32
  residual features/Fisher window=1/1 Q=32
  residual features/Fisher window=1/1 Q=32
  residual features/Fisher window=1/1 Q=32
  residual features/Fisher window=1/1 Q=32
{'stage': 'fisher', 'window': 44, 'layers': [0, 1, 2, 3, 4, 5, 6, 7]}
  residual features/Fisher window=1/1 Q=32
  residual features/Fisher window=1/1 Q=32
  residual features/Fisher window=1/1 Q=32
  residual features/Fisher window=1/1 Q=32
  residual features/Fisher window=1/1 Q=32
  residual features/Fisher window=1/1 Q=32
  residual features/Fisher window=1/1 Q=32
  residual features/Fisher window=1/1 Q=32
{'stage': 'fisher', 'window': 45, 'layers': [0, 1, 2, 3, 4, 5, 6, 7]}
  residual features/Fisher window=1/1 Q=32
  residual features/Fisher window=1/1 Q=32
  residual features/Fisher window=1/1 Q=32
  residual features/Fisher window=1/1 Q=32
  residual features/Fisher window=1/1 Q=32
  residual features/Fisher window=1/1 Q=32
  residual features/Fisher window=1/1 Q=32
  residual features/Fisher window=1/1 Q=32
{'stage': 'fisher', 'window': 46, 'layers': [0, 1, 2, 3, 4, 5, 6, 7]}
  residual features/Fisher window=1/1 Q=32
  residual features/Fisher window=1/1 Q=32
  residual features/Fisher window=1/1 Q=32
  residual features/Fisher window=1/1 Q=32
  residual features/Fisher window=1/1 Q=32
  residual features/Fisher window=1/1 Q=32
  residual features/Fisher window=1/1 Q=32
  residual features/Fisher window=1/1 Q=32
{'stage': 'fisher', 'window': 47, 'layers': [0, 1, 2, 3, 4, 5, 6, 7]}
/workspace/conda/envs/basis/bin/python -u -m evaluation.fit_k_routing_streaming fit --identity /workspace/runs/l31-v96/identity.json --windows /workspace/runs/l31-cal128/calibration/windows.safetensors --moments-root /workspace/runs/l31-dense128/router --output /workspace/runs/l31-v96/router --sequence-length 131072 --fit-count 32 --diagnostic-count 16 --sweeps 60 --pcg-iterations 50 --layers 0,1,2,3,4,5,6,7
    fit residual router base=16 rank=16
Page-Fisher sweep 1/60: loss 697.57 -> 308.185
Page-Fisher sweep 2/60: loss 308.185 -> 255.594
Page-Fisher sweep 3/60: loss 255.594 -> 237.249
Page-Fisher sweep 4/60: loss 237.249 -> 228.199
Page-Fisher sweep 5/60: loss 228.199 -> 223.209
Page-Fisher sweep 6/60: loss 223.209 -> 220.196
Page-Fisher sweep 7/60: loss 220.196 -> 218.231
Page-Fisher sweep 8/60: loss 218.231 -> 216.924
Page-Fisher sweep 9/60: loss 216.924 -> 215.966
Page-Fisher sweep 10/60: loss 215.966 -> 215.267
Page-Fisher sweep 11/60: loss 215.267 -> 214.685
Page-Fisher sweep 12/60: loss 214.685 -> 214.222
Page-Fisher sweep 13/60: loss 214.222 -> 213.854
Page-Fisher sweep 14/60: loss 213.854 -> 213.554
Page-Fisher sweep 15/60: loss 213.554 -> 213.302
Page-Fisher sweep 16/60: loss 213.302 -> 213.068
Page-Fisher sweep 17/60: loss 213.068 -> 212.865
Page-Fisher sweep 18/60: loss 212.865 -> 212.7
Page-Fisher sweep 19/60: loss 212.7 -> 212.543
Page-Fisher sweep 20/60: loss 212.543 -> 212.389
Page-Fisher sweep 21/60: loss 212.389 -> 212.27
Page-Fisher sweep 22/60: loss 212.27 -> 212.162
Page-Fisher sweep 23/60: loss 212.162 -> 212.058
Page-Fisher sweep 24/60: loss 212.058 -> 211.99
Page-Fisher sweep 25/60: loss 211.99 -> 211.933
Page-Fisher sweep 26/60: loss 211.933 -> 211.887
Page-Fisher sweep 27/60: loss 211.887 -> 211.848
Page-Fisher sweep 28/60: loss 211.848 -> 211.801
Page-Fisher sweep 29/60: loss 211.801 -> 211.765
Page-Fisher sweep 30/60: loss 211.765 -> 211.762
Page-Fisher sweep 31/60: loss 211.762 -> 211.753
Page-Fisher sweep 32/60: loss 211.753 -> 211.713
Page-Fisher sweep 33/60: loss 211.713 -> 211.703
Page-Fisher sweep 34/60: loss 211.703 -> 211.666
Page-Fisher sweep 35/60: loss 211.666 -> 211.652
Page-Fisher sweep 36/60: loss 211.652 -> 211.652
Page-Fisher sweep 37/60: loss 211.652 -> 211.653
Page-Fisher sweep 38/60: loss 211.653 -> 211.633
Page-Fisher sweep 39/60: loss 211.633 -> 211.618
Page-Fisher sweep 40/60: loss 211.618 -> 211.622
Page-Fisher sweep 41/60: loss 211.622 -> 211.615
Page-Fisher sweep 42/60: loss 211.615 -> 211.607
Page-Fisher sweep 43/60: loss 211.607 -> 211.612
Page-Fisher sweep 44/60: loss 211.612 -> 211.607
Page-Fisher sweep 45/60: loss 211.607 -> 211.594
Page-Fisher sweep 46/60: loss 211.594 -> 211.596
Page-Fisher sweep 47/60: loss 211.596 -> 211.607
Page-Fisher sweep 48/60: loss 211.607 -> 211.599
Page-Fisher sweep 49/60: loss 211.599 -> 211.588
Page-Fisher sweep 50/60: loss 211.588 -> 211.598
Page-Fisher sweep 51/60: loss 211.598 -> 211.602
Page-Fisher sweep 52/60: loss 211.602 -> 211.618
Page-Fisher sweep 53/60: loss 211.618 -> 211.609
Page-Fisher sweep 54/60: loss 211.609 -> 211.635
Page-Fisher sweep 55/60: loss 211.635 -> 211.616
Page-Fisher sweep 56/60: loss 211.616 -> 211.614
Page-Fisher sweep 57/60: loss 211.614 -> 211.646
Page-Fisher sweep 58/60: loss 211.646 -> 211.655
Page-Fisher sweep 59/60: loss 211.655 -> 211.663
Page-Fisher sweep 60/60: loss 211.663 -> 211.679
{'stage': 'fit complete', 'layer': 0, 'losses': {'b16_r0': {'base_rank': 16, 'residual_rank': 0, 'fit_page_fisher_nmse': 1.0, 'validation_page_fisher_nmse': 1.0}, 'b16_r16': {'base_rank': 16, 'residual_rank': 16, 'fit_page_fisher_nmse': 0.05290149491900345, 'validation_page_fisher_nmse': 0.07122356108487733, 'sweeps': [{'sweep': 1, 'loss_before': 697.5704345703125, 'loss_after_queries': 444.58795166015625, 'loss_after_encoder': 308.1850891113281}, {'sweep': 2, 'loss_before': 308.1850891113281, 'loss_after_queries': 272.33734130859375, 'loss_after_encoder': 255.59420776367188}, {'sweep': 3, 'loss_before': 255.59420776367188, 'loss_after_queries': 244.50807189941406, 'loss_after_encoder': 237.24887084960938}, {'sweep': 4, 'loss_before': 237.24887084960938, 'loss_after_queries': 231.94735717773438, 'loss_after_encoder': 228.19866943359375}, {'sweep': 5, 'loss_before': 228.19866943359375, 'loss_after_queries': 225.3244171142578, 'loss_after_encoder': 223.2092742919922}, {'sweep': 6, 'loss_before': 223.2092742919922, 'loss_after_queries': 221.48019409179688, 'loss_after_encoder': 220.19610595703125}, {'sweep': 7, 'loss_before': 220.19610595703125, 'loss_after_queries': 219.07760620117188, 'loss_after_encoder': 218.2313690185547}, {'sweep': 8, 'loss_before': 218.2313690185547, 'loss_after_queries': 217.48486328125, 'loss_after_encoder': 216.9236602783203}, {'sweep': 9, 'loss_before': 216.9236602783203, 'loss_after_queries': 216.3668670654297, 'loss_after_encoder': 215.96592712402344}, {'sweep': 10, 'loss_before': 215.96592712402344, 'loss_after_queries': 215.56057739257812, 'loss_after_encoder': 215.26724243164062}, {'sweep': 11, 'loss_before': 215.26724243164062, 'loss_after_queries': 214.94070434570312, 'loss_after_encoder': 214.68490600585938}, {'sweep': 12, 'loss_before': 214.68490600585938, 'loss_after_queries': 214.42111206054688, 'loss_after_encoder': 214.22164916992188}, {'sweep': 13, 'loss_before': 214.22164916992188, 'loss_after_queries': 213.99896240234375, 'loss_after_encoder': 213.85382080078125}, {'sweep': 14, 'loss_before': 213.85382080078125, 'loss_after_queries': 213.681640625, 'loss_after_encoder': 213.5538330078125}, {'sweep': 15, 'loss_before': 213.5538330078125, 'loss_after_queries': 213.4093017578125, 'loss_after_encoder': 213.30223083496094}, {'sweep': 16, 'loss_before': 213.30223083496094, 'loss_after_queries': 213.16189575195312, 'loss_after_encoder': 213.0675811767578}, {'sweep': 17, 'loss_before': 213.0675811767578, 'loss_after_queries': 212.9385223388672, 'loss_after_encoder': 212.8649444580078}, {'sweep': 18, 'loss_before': 212.8649444580078, 'loss_after_queries': 212.7696533203125, 'loss_after_encoder': 212.7000274658203}, {'sweep': 19, 'loss_before': 212.7000274658203, 'loss_after_queries': 212.60487365722656, 'loss_after_encoder': 212.54269409179688}, {'sweep': 20, 'loss_before': 212.54269409179688, 'loss_after_queries': 212.44236755371094, 'loss_after_encoder': 212.3887481689453}, {'sweep': 21, 'loss_before': 212.3887481689453, 'loss_after_queries': 212.31407165527344, 'loss_after_encoder': 212.27040100097656}, {'sweep': 22, 'loss_before': 212.27040100097656, 'loss_after_queries': 212.20095825195312, 'loss_after_encoder': 212.16163635253906}, {'sweep': 23, 'loss_before': 212.16163635253906, 'loss_after_queries': 212.0972442626953, 'loss_after_encoder': 212.0580596923828}, {'sweep': 24, 'loss_before': 212.0580596923828, 'loss_after_queries': 212.00975036621094, 'loss_after_encoder': 211.99044799804688}, {'sweep': 25, 'loss_before': 211.99044799804688, 'loss_after_queries': 211.94290161132812, 'loss_after_encoder': 211.93267822265625}, {'sweep': 26, 'loss_before': 211.93267822265625, 'loss_after_queries': 211.89297485351562, 'loss_after_encoder': 211.88656616210938}, {'sweep': 27, 'loss_before': 211.88656616210938, 'loss_after_queries': 211.85079956054688, 'loss_after_encoder': 211.8477783203125}, {'sweep': 28, 'loss_before': 211.8477783203125, 'loss_after_queries': 211.81411743164062, 'loss_after_encoder': 211.80081176757812}, {'sweep': 29, 'loss_before': 211.80081176757812, 'loss_after_queries': 211.76724243164062, 'loss_after_encoder': 211.76463317871094}, {'sweep': 30, 'loss_before': 211.76463317871094, 'loss_after_queries': 211.75225830078125, 'loss_after_encoder': 211.7624053955078}, {'sweep': 31, 'loss_before': 211.7624053955078, 'loss_after_queries': 211.7513427734375, 'loss_after_encoder': 211.7532196044922}, {'sweep': 32, 'loss_before': 211.7532196044922, 'loss_after_queries': 211.71969604492188, 'loss_after_encoder': 211.71279907226562}, {'sweep': 33, 'loss_before': 211.71279907226562, 'loss_after_queries': 211.6965789794922, 'loss_after_encoder': 211.7025909423828}, {'sweep': 34, 'loss_before': 211.7025909423828, 'loss_after_queries': 211.6732940673828, 'loss_after_encoder': 211.66587829589844}, {'sweep': 35, 'loss_before': 211.66587829589844, 'loss_after_queries': 211.6520538330078, 'loss_after_encoder': 211.65208435058594}, {'sweep': 36, 'loss_before': 211.65208435058594, 'loss_after_queries': 211.64199829101562, 'loss_after_encoder': 211.6522216796875}, {'sweep': 37, 'loss_before': 211.6522216796875, 'loss_after_queries': 211.6458740234375, 'loss_after_encoder': 211.65304565429688}, {'sweep': 38, 'loss_before': 211.65304565429688, 'loss_after_queries': 211.6351776123047, 'loss_after_encoder': 211.63282775878906}, {'sweep': 39, 'loss_before': 211.63282775878906, 'loss_after_queries': 211.61688232421875, 'loss_after_encoder': 211.61846923828125}, {'sweep': 40, 'loss_before': 211.61846923828125, 'loss_after_queries': 211.6026611328125, 'loss_after_encoder': 211.62156677246094}, {'sweep': 41, 'loss_before': 211.62156677246094, 'loss_after_queries': 211.6090545654297, 'loss_after_encoder': 211.61508178710938}, {'sweep': 42, 'loss_before': 211.61508178710938, 'loss_after_queries': 211.6056671142578, 'loss_after_encoder': 211.60720825195312}, {'sweep': 43, 'loss_before': 211.60720825195312, 'loss_after_queries': 211.59805297851562, 'loss_after_encoder': 211.61221313476562}, {'sweep': 44, 'loss_before': 211.61221313476562, 'loss_after_queries': 211.60885620117188, 'loss_after_encoder': 211.60684204101562}, {'sweep': 45, 'loss_before': 211.60684204101562, 'loss_after_queries': 211.58888244628906, 'loss_after_encoder': 211.5936737060547}, {'sweep': 46, 'loss_before': 211.5936737060547, 'loss_after_queries': 211.59376525878906, 'loss_after_encoder': 211.59628295898438}, {'sweep': 47, 'loss_before': 211.59628295898438, 'loss_after_queries': 211.595458984375, 'loss_after_encoder': 211.60662841796875}, {'sweep': 48, 'loss_before': 211.60662841796875, 'loss_after_queries': 211.59385681152344, 'loss_after_encoder': 211.59860229492188}, {'sweep': 49, 'loss_before': 211.59860229492188, 'loss_after_queries': 211.58175659179688, 'loss_after_encoder': 211.58839416503906}, {'sweep': 50, 'loss_before': 211.58839416503906, 'loss_after_queries': 211.57635498046875, 'loss_after_encoder': 211.59820556640625}, {'sweep': 51, 'loss_before': 211.59820556640625, 'loss_after_queries': 211.59552001953125, 'loss_after_encoder': 211.60189819335938}, {'sweep': 52, 'loss_before': 211.60189819335938, 'loss_after_queries': 211.5994873046875, 'loss_after_encoder': 211.61831665039062}, {'sweep': 53, 'loss_before': 211.61831665039062, 'loss_after_queries': 211.6068115234375, 'loss_after_encoder': 211.6094970703125}, {'sweep': 54, 'loss_before': 211.6094970703125, 'loss_after_queries': 211.60198974609375, 'loss_after_encoder': 211.63462829589844}, {'sweep': 55, 'loss_before': 211.63462829589844, 'loss_after_queries': 211.6256103515625, 'loss_after_encoder': 211.61550903320312}, {'sweep': 56, 'loss_before': 211.61550903320312, 'loss_after_queries': 211.60609436035156, 'loss_after_encoder': 211.613525390625}, {'sweep': 57, 'loss_before': 211.613525390625, 'loss_after_queries': 211.61813354492188, 'loss_after_encoder': 211.6461181640625}, {'sweep': 58, 'loss_before': 211.6461181640625, 'loss_after_queries': 211.65602111816406, 'loss_after_encoder': 211.6546173095703}, {'sweep': 59, 'loss_before': 211.6546173095703, 'loss_after_queries': 211.64230346679688, 'loss_after_encoder': 211.66270446777344}, {'sweep': 60, 'loss_before': 211.66270446777344, 'loss_after_queries': 211.66934204101562, 'loss_after_encoder': 211.67892456054688}], 'final_query_maximum_iterations': 50, 'final_query_maximum_relative_residual': 0.006902736611664295}}}
    fit residual router base=16 rank=16
Page-Fisher sweep 1/60: loss 2059.47 -> 1040.02
Page-Fisher sweep 2/60: loss 1040.02 -> 878.096
Page-Fisher sweep 3/60: loss 878.096 -> 831.236
Page-Fisher sweep 4/60: loss 831.236 -> 810.119
Page-Fisher sweep 5/60: loss 810.119 -> 797.723
Page-Fisher sweep 6/60: loss 797.723 -> 790.886
Page-Fisher sweep 7/60: loss 790.886 -> 786.658
Page-Fisher sweep 8/60: loss 786.658 -> 784.212
Page-Fisher sweep 9/60: loss 784.212 -> 782.435
Page-Fisher sweep 10/60: loss 782.435 -> 781.428
Page-Fisher sweep 11/60: loss 781.428 -> 780.939
Page-Fisher sweep 12/60: loss 780.939 -> 781.041
Page-Fisher sweep 13/60: loss 781.041 -> 781.072
Page-Fisher sweep 14/60: loss 781.072 -> 781.405
Page-Fisher sweep 15/60: loss 781.405 -> 781.28
Page-Fisher sweep 16/60: loss 781.28 -> 781.539
Page-Fisher sweep 17/60: loss 781.539 -> 781.129
Page-Fisher sweep 18/60: loss 781.129 -> 781.719
Page-Fisher sweep 19/60: loss 781.719 -> 781.219
Page-Fisher sweep 20/60: loss 781.219 -> 781.314
Page-Fisher sweep 21/60: loss 781.314 -> 781.675
Page-Fisher sweep 22/60: loss 781.675 -> 781.912
Page-Fisher sweep 23/60: loss 781.912 -> 782.3
Page-Fisher sweep 24/60: loss 782.3 -> 782.609
Page-Fisher sweep 25/60: loss 782.609 -> 782.828
Page-Fisher sweep 26/60: loss 782.828 -> 783.242
Page-Fisher sweep 27/60: loss 783.242 -> 783.383
Page-Fisher sweep 28/60: loss 783.383 -> 783.577
Page-Fisher sweep 29/60: loss 783.577 -> 783.241
Page-Fisher sweep 30/60: loss 783.241 -> 784.306
Page-Fisher sweep 31/60: loss 784.306 -> 784.816
Page-Fisher sweep 32/60: loss 784.816 -> 784.992
Page-Fisher sweep 33/60: loss 784.992 -> 785.432
Page-Fisher sweep 34/60: loss 785.432 -> 785.448
Page-Fisher sweep 35/60: loss 785.448 -> 785.883
Page-Fisher sweep 36/60: loss 785.883 -> 786.436
Page-Fisher sweep 37/60: loss 786.436 -> 786.763
Page-Fisher sweep 38/60: loss 786.763 -> 787.243
Page-Fisher sweep 39/60: loss 787.243 -> 787.691
Page-Fisher sweep 40/60: loss 787.691 -> 788.393
Page-Fisher sweep 41/60: loss 788.393 -> 788.917
Page-Fisher sweep 42/60: loss 788.917 -> 789.455
Page-Fisher sweep 43/60: loss 789.455 -> 789.866
Page-Fisher sweep 44/60: loss 789.866 -> 790.725
Page-Fisher sweep 45/60: loss 790.725 -> 791.317
Page-Fisher sweep 46/60: loss 791.317 -> 792.013
Page-Fisher sweep 47/60: loss 792.013 -> 792.864
Page-Fisher sweep 48/60: loss 792.864 -> 792.967
Page-Fisher sweep 49/60: loss 792.967 -> 794.256
Page-Fisher sweep 50/60: loss 794.256 -> 794.804
Page-Fisher sweep 51/60: loss 794.804 -> 795.917
Page-Fisher sweep 52/60: loss 795.917 -> 796.445
Page-Fisher sweep 53/60: loss 796.445 -> 797.158
Page-Fisher sweep 54/60: loss 797.158 -> 797.812
Page-Fisher sweep 55/60: loss 797.812 -> 798.698
Page-Fisher sweep 56/60: loss 798.698 -> 799.506
Page-Fisher sweep 57/60: loss 799.506 -> 799.49
Page-Fisher sweep 58/60: loss 799.49 -> 800.2
Page-Fisher sweep 59/60: loss 800.2 -> 800.424
Page-Fisher sweep 60/60: loss 800.424 -> 800.396
{'stage': 'fit complete', 'layer': 1, 'losses': {'b16_r0': {'base_rank': 16, 'residual_rank': 0, 'fit_page_fisher_nmse': 1.0, 'validation_page_fisher_nmse': 1.0}, 'b16_r16': {'base_rank': 16, 'residual_rank': 16, 'fit_page_fisher_nmse': 0.004166635975517275, 'validation_page_fisher_nmse': 0.012909263867488516, 'sweeps': [{'sweep': 1, 'loss_before': 2059.467041015625, 'loss_after_queries': 1635.7958984375, 'loss_after_encoder': 1040.0166015625}, {'sweep': 2, 'loss_before': 1040.0166015625, 'loss_after_queries': 921.9867553710938, 'loss_after_encoder': 878.095947265625}, {'sweep': 3, 'loss_before': 878.095947265625, 'loss_after_queries': 846.7337646484375, 'loss_after_encoder': 831.2364501953125}, {'sweep': 4, 'loss_before': 831.2364501953125, 'loss_after_queries': 816.6173095703125, 'loss_after_encoder': 810.118896484375}, {'sweep': 5, 'loss_before': 810.118896484375, 'loss_after_queries': 801.5792236328125, 'loss_after_encoder': 797.723388671875}, {'sweep': 6, 'loss_before': 797.723388671875, 'loss_after_queries': 792.4146728515625, 'loss_after_encoder': 790.88623046875}, {'sweep': 7, 'loss_before': 790.88623046875, 'loss_after_queries': 787.2862548828125, 'loss_after_encoder': 786.6583862304688}, {'sweep': 8, 'loss_before': 786.6583862304688, 'loss_after_queries': 783.8662109375, 'loss_after_encoder': 784.2119750976562}, {'sweep': 9, 'loss_before': 784.2119750976562, 'loss_after_queries': 781.9144287109375, 'loss_after_encoder': 782.435302734375}, {'sweep': 10, 'loss_before': 782.435302734375, 'loss_after_queries': 780.6594848632812, 'loss_after_encoder': 781.42822265625}, {'sweep': 11, 'loss_before': 781.42822265625, 'loss_after_queries': 780.0152587890625, 'loss_after_encoder': 780.9389038085938}, {'sweep': 12, 'loss_before': 780.9389038085938, 'loss_after_queries': 779.68115234375, 'loss_after_encoder': 781.0409545898438}, {'sweep': 13, 'loss_before': 781.0409545898438, 'loss_after_queries': 779.6672973632812, 'loss_after_encoder': 781.0723876953125}, {'sweep': 14, 'loss_before': 781.0723876953125, 'loss_after_queries': 779.7943725585938, 'loss_after_encoder': 781.4053344726562}, {'sweep': 15, 'loss_before': 781.4053344726562, 'loss_after_queries': 780.2288208007812, 'loss_after_encoder': 781.2799072265625}, {'sweep': 16, 'loss_before': 781.2799072265625, 'loss_after_queries': 779.9351806640625, 'loss_after_encoder': 781.5385131835938}, {'sweep': 17, 'loss_before': 781.5385131835938, 'loss_after_queries': 779.8596801757812, 'loss_after_encoder': 781.1292114257812}, {'sweep': 18, 'loss_before': 781.1292114257812, 'loss_after_queries': 779.7500610351562, 'loss_after_encoder': 781.71875}, {'sweep': 19, 'loss_before': 781.71875, 'loss_after_queries': 780.145751953125, 'loss_after_encoder': 781.21923828125}, {'sweep': 20, 'loss_before': 781.21923828125, 'loss_after_queries': 779.97509765625, 'loss_after_encoder': 781.3141479492188}, {'sweep': 21, 'loss_before': 781.3141479492188, 'loss_after_queries': 780.2140502929688, 'loss_after_encoder': 781.6749267578125}, {'sweep': 22, 'loss_before': 781.6749267578125, 'loss_after_queries': 781.3727416992188, 'loss_after_encoder': 781.9122314453125}, {'sweep': 23, 'loss_before': 781.9122314453125, 'loss_after_queries': 781.9033203125, 'loss_after_encoder': 782.2998657226562}, {'sweep': 24, 'loss_before': 782.2998657226562, 'loss_after_queries': 782.1356811523438, 'loss_after_encoder': 782.6085815429688}, {'sweep': 25, 'loss_before': 782.6085815429688, 'loss_after_queries': 781.4000244140625, 'loss_after_encoder': 782.8277587890625}, {'sweep': 26, 'loss_before': 782.8277587890625, 'loss_after_queries': 781.3695068359375, 'loss_after_encoder': 783.2418212890625}, {'sweep': 27, 'loss_before': 783.2418212890625, 'loss_after_queries': 781.7771606445312, 'loss_after_encoder': 783.3831176757812}, {'sweep': 28, 'loss_before': 783.3831176757812, 'loss_after_queries': 782.035888671875, 'loss_after_encoder': 783.5772094726562}, {'sweep': 29, 'loss_before': 783.5772094726562, 'loss_after_queries': 782.287109375, 'loss_after_encoder': 783.2411499023438}, {'sweep': 30, 'loss_before': 783.2411499023438, 'loss_after_queries': 782.3433837890625, 'loss_after_encoder': 784.3056640625}, {'sweep': 31, 'loss_before': 784.3056640625, 'loss_after_queries': 783.1836547851562, 'loss_after_encoder': 784.815673828125}, {'sweep': 32, 'loss_before': 784.815673828125, 'loss_after_queries': 784.0086059570312, 'loss_after_encoder': 784.9920654296875}, {'sweep': 33, 'loss_before': 784.9920654296875, 'loss_after_queries': 784.2755126953125, 'loss_after_encoder': 785.431640625}, {'sweep': 34, 'loss_before': 785.431640625, 'loss_after_queries': 784.666015625, 'loss_after_encoder': 785.4476318359375}, {'sweep': 35, 'loss_before': 785.4476318359375, 'loss_after_queries': 784.7408447265625, 'loss_after_encoder': 785.88330078125}, {'sweep': 36, 'loss_before': 785.88330078125, 'loss_after_queries': 785.425048828125, 'loss_after_encoder': 786.4363403320312}, {'sweep': 37, 'loss_before': 786.4363403320312, 'loss_after_queries': 785.8553466796875, 'loss_after_encoder': 786.7630615234375}, {'sweep': 38, 'loss_before': 786.7630615234375, 'loss_after_queries': 786.363037109375, 'loss_after_encoder': 787.2431640625}, {'sweep': 39, 'loss_before': 787.2431640625, 'loss_after_queries': 786.81103515625, 'loss_after_encoder': 787.6912841796875}, {'sweep': 40, 'loss_before': 787.6912841796875, 'loss_after_queries': 787.4480590820312, 'loss_after_encoder': 788.3934936523438}, {'sweep': 41, 'loss_before': 788.3934936523438, 'loss_after_queries': 787.624267578125, 'loss_after_encoder': 788.9171142578125}, {'sweep': 42, 'loss_before': 788.9171142578125, 'loss_after_queries': 788.4747314453125, 'loss_after_encoder': 789.454833984375}, {'sweep': 43, 'loss_before': 789.454833984375, 'loss_after_queries': 788.6469116210938, 'loss_after_encoder': 789.8656616210938}, {'sweep': 44, 'loss_before': 789.8656616210938, 'loss_after_queries': 789.5938110351562, 'loss_after_encoder': 790.7252197265625}, {'sweep': 45, 'loss_before': 790.7252197265625, 'loss_after_queries': 790.4935913085938, 'loss_after_encoder': 791.3173217773438}, {'sweep': 46, 'loss_before': 791.3173217773438, 'loss_after_queries': 791.1087646484375, 'loss_after_encoder': 792.013427734375}, {'sweep': 47, 'loss_before': 792.013427734375, 'loss_after_queries': 791.6285400390625, 'loss_after_encoder': 792.864013671875}, {'sweep': 48, 'loss_before': 792.864013671875, 'loss_after_queries': 792.1043090820312, 'loss_after_encoder': 792.96728515625}, {'sweep': 49, 'loss_before': 792.96728515625, 'loss_after_queries': 792.5689697265625, 'loss_after_encoder': 794.2564697265625}, {'sweep': 50, 'loss_before': 794.2564697265625, 'loss_after_queries': 793.6431884765625, 'loss_after_encoder': 794.80419921875}, {'sweep': 51, 'loss_before': 794.80419921875, 'loss_after_queries': 794.37646484375, 'loss_after_encoder': 795.91650390625}, {'sweep': 52, 'loss_before': 795.91650390625, 'loss_after_queries': 795.250732421875, 'loss_after_encoder': 796.4451904296875}, {'sweep': 53, 'loss_before': 796.4451904296875, 'loss_after_queries': 795.9779663085938, 'loss_after_encoder': 797.158447265625}, {'sweep': 54, 'loss_before': 797.158447265625, 'loss_after_queries': 796.6126708984375, 'loss_after_encoder': 797.8123779296875}, {'sweep': 55, 'loss_before': 797.8123779296875, 'loss_after_queries': 796.8433837890625, 'loss_after_encoder': 798.697509765625}, {'sweep': 56, 'loss_before': 798.697509765625, 'loss_after_queries': 797.8009033203125, 'loss_after_encoder': 799.5064086914062}, {'sweep': 57, 'loss_before': 799.5064086914062, 'loss_after_queries': 798.1907348632812, 'loss_after_encoder': 799.4895629882812}, {'sweep': 58, 'loss_before': 799.4895629882812, 'loss_after_queries': 798.76611328125, 'loss_after_encoder': 800.2001953125}, {'sweep': 59, 'loss_before': 800.2001953125, 'loss_after_queries': 798.7864990234375, 'loss_after_encoder': 800.424072265625}, {'sweep': 60, 'loss_before': 800.424072265625, 'loss_after_queries': 799.5538940429688, 'loss_after_encoder': 800.3963623046875}], 'final_query_maximum_iterations': 50, 'final_query_maximum_relative_residual': 0.0015214396407827735}}}
    fit residual router base=16 rank=16
Page-Fisher sweep 1/60: loss 17614.7 -> 10523.4
Page-Fisher sweep 2/60: loss 10523.4 -> 9080.77
Page-Fisher sweep 3/60: loss 9080.77 -> 8521.16
Page-Fisher sweep 4/60: loss 8521.16 -> 8292.52
Page-Fisher sweep 5/60: loss 8292.52 -> 8187.41
Page-Fisher sweep 6/60: loss 8187.41 -> 8130.41
Page-Fisher sweep 7/60: loss 8130.41 -> 8094.86
Page-Fisher sweep 8/60: loss 8094.86 -> 8070.5
Page-Fisher sweep 9/60: loss 8070.5 -> 8052.79
Page-Fisher sweep 10/60: loss 8052.79 -> 8039.21
Page-Fisher sweep 11/60: loss 8039.21 -> 8028.46
Page-Fisher sweep 12/60: loss 8028.46 -> 8019.6
Page-Fisher sweep 13/60: loss 8019.6 -> 8012.18
Page-Fisher sweep 14/60: loss 8012.18 -> 8005.75
Page-Fisher sweep 15/60: loss 8005.75 -> 8000.26
Page-Fisher sweep 16/60: loss 8000.26 -> 7995.42
Page-Fisher sweep 17/60: loss 7995.42 -> 7991.14
Page-Fisher sweep 18/60: loss 7991.14 -> 7987.36
Page-Fisher sweep 19/60: loss 7987.36 -> 7983.92
Page-Fisher sweep 20/60: loss 7983.92 -> 7980.86
Page-Fisher sweep 21/60: loss 7980.86 -> 7978.06
Page-Fisher sweep 22/60: loss 7978.06 -> 7975.49
Page-Fisher sweep 23/60: loss 7975.49 -> 7973.08
Page-Fisher sweep 24/60: loss 7973.08 -> 7970.81
Page-Fisher sweep 25/60: loss 7970.81 -> 7968.73
Page-Fisher sweep 26/60: loss 7968.73 -> 7966.7
Page-Fisher sweep 27/60: loss 7966.7 -> 7964.81
Page-Fisher sweep 28/60: loss 7964.81 -> 7963
Page-Fisher sweep 29/60: loss 7963 -> 7961.26
Page-Fisher sweep 30/60: loss 7961.26 -> 7959.62
Page-Fisher sweep 31/60: loss 7959.62 -> 7958.05
Page-Fisher sweep 32/60: loss 7958.05 -> 7956.51
Page-Fisher sweep 33/60: loss 7956.51 -> 7955.07
Page-Fisher sweep 34/60: loss 7955.07 -> 7953.64
Page-Fisher sweep 35/60: loss 7953.64 -> 7952.34
Page-Fisher sweep 36/60: loss 7952.34 -> 7951.05
Page-Fisher sweep 37/60: loss 7951.05 -> 7949.81
Page-Fisher sweep 38/60: loss 7949.81 -> 7948.65
Page-Fisher sweep 39/60: loss 7948.65 -> 7947.51
Page-Fisher sweep 40/60: loss 7947.51 -> 7946.47
Page-Fisher sweep 41/60: loss 7946.47 -> 7945.5
Page-Fisher sweep 42/60: loss 7945.5 -> 7944.55
Page-Fisher sweep 43/60: loss 7944.55 -> 7943.68
Page-Fisher sweep 44/60: loss 7943.68 -> 7942.85
Page-Fisher sweep 45/60: loss 7942.85 -> 7942.12
Page-Fisher sweep 46/60: loss 7942.12 -> 7941.4
Page-Fisher sweep 47/60: loss 7941.4 -> 7940.8
Page-Fisher sweep 48/60: loss 7940.8 -> 7940.21
Page-Fisher sweep 49/60: loss 7940.21 -> 7939.67
Page-Fisher sweep 50/60: loss 7939.67 -> 7939.18
Page-Fisher sweep 51/60: loss 7939.18 -> 7938.74
Page-Fisher sweep 52/60: loss 7938.74 -> 7938.32
Page-Fisher sweep 53/60: loss 7938.32 -> 7937.98
Page-Fisher sweep 54/60: loss 7937.98 -> 7937.64
Page-Fisher sweep 55/60: loss 7937.64 -> 7937.35
Page-Fisher sweep 56/60: loss 7937.35 -> 7937.02
Page-Fisher sweep 57/60: loss 7937.02 -> 7936.77
Page-Fisher sweep 58/60: loss 7936.77 -> 7936.5
Page-Fisher sweep 59/60: loss 7936.5 -> 7936.28
Page-Fisher sweep 60/60: loss 7936.28 -> 7936.04
{'stage': 'fit complete', 'layer': 2, 'losses': {'b16_r0': {'base_rank': 16, 'residual_rank': 0, 'fit_page_fisher_nmse': 1.0, 'validation_page_fisher_nmse': 1.0}, 'b16_r16': {'base_rank': 16, 'residual_rank': 16, 'fit_page_fisher_nmse': 0.20229865364655256, 'validation_page_fisher_nmse': 0.26580151609497465, 'sweeps': [{'sweep': 1, 'loss_before': 17614.716796875, 'loss_after_queries': 12905.8251953125, 'loss_after_encoder': 10523.359375}, {'sweep': 2, 'loss_before': 10523.359375, 'loss_after_queries': 9581.689453125, 'loss_after_encoder': 9080.7744140625}, {'sweep': 3, 'loss_before': 9080.7744140625, 'loss_after_queries': 8737.783203125, 'loss_after_encoder': 8521.1611328125}, {'sweep': 4, 'loss_before': 8521.1611328125, 'loss_after_queries': 8382.60546875, 'loss_after_encoder': 8292.5205078125}, {'sweep': 5, 'loss_before': 8292.5205078125, 'loss_after_queries': 8231.05859375, 'loss_after_encoder': 8187.41015625}, {'sweep': 6, 'loss_before': 8187.41015625, 'loss_after_queries': 8155.1748046875, 'loss_after_encoder': 8130.4091796875}, {'sweep': 7, 'loss_before': 8130.4091796875, 'loss_after_queries': 8110.8408203125, 'loss_after_encoder': 8094.8583984375}, {'sweep': 8, 'loss_before': 8094.8583984375, 'loss_after_queries': 8081.666015625, 'loss_after_encoder': 8070.5048828125}, {'sweep': 9, 'loss_before': 8070.5048828125, 'loss_after_queries': 8061.03076171875, 'loss_after_encoder': 8052.78564453125}, {'sweep': 10, 'loss_before': 8052.78564453125, 'loss_after_queries': 8045.6103515625, 'loss_after_encoder': 8039.2119140625}, {'sweep': 11, 'loss_before': 8039.2119140625, 'loss_after_queries': 8033.6015625, 'loss_after_encoder': 8028.46240234375}, {'sweep': 12, 'loss_before': 8028.46240234375, 'loss_after_queries': 8023.86474609375, 'loss_after_encoder': 8019.60205078125}, {'sweep': 13, 'loss_before': 8019.60205078125, 'loss_after_queries': 8015.78857421875, 'loss_after_encoder': 8012.17626953125}, {'sweep': 14, 'loss_before': 8012.17626953125, 'loss_after_queries': 8008.86669921875, 'loss_after_encoder': 8005.75390625}, {'sweep': 15, 'loss_before': 8005.75390625, 'loss_after_queries': 8002.978515625, 'loss_after_encoder': 8000.25927734375}, {'sweep': 16, 'loss_before': 8000.25927734375, 'loss_after_queries': 7997.7919921875, 'loss_after_encoder': 7995.4208984375}, {'sweep': 17, 'loss_before': 7995.4208984375, 'loss_after_queries': 7993.2451171875, 'loss_after_encoder': 7991.14111328125}, {'sweep': 18, 'loss_before': 7991.14111328125, 'loss_after_queries': 7989.2353515625, 'loss_after_encoder': 7987.3583984375}, {'sweep': 19, 'loss_before': 7987.3583984375, 'loss_after_queries': 7985.62939453125, 'loss_after_encoder': 7983.921875}, {'sweep': 20, 'loss_before': 7983.921875, 'loss_after_queries': 7982.40234375, 'loss_after_encoder': 7980.86328125}, {'sweep': 21, 'loss_before': 7980.86328125, 'loss_after_queries': 7979.474609375, 'loss_after_encoder': 7978.06103515625}, {'sweep': 22, 'loss_before': 7978.06103515625, 'loss_after_queries': 7976.794921875, 'loss_after_encoder': 7975.4892578125}, {'sweep': 23, 'loss_before': 7975.4892578125, 'loss_after_queries': 7974.30908203125, 'loss_after_encoder': 7973.0810546875}, {'sweep': 24, 'loss_before': 7973.0810546875, 'loss_after_queries': 7971.95947265625, 'loss_after_encoder': 7970.8134765625}, {'sweep': 25, 'loss_before': 7970.8134765625, 'loss_after_queries': 7969.8125, 'loss_after_encoder': 7968.73046875}, {'sweep': 26, 'loss_before': 7968.73046875, 'loss_after_queries': 7967.728515625, 'loss_after_encoder': 7966.70166015625}, {'sweep': 27, 'loss_before': 7966.70166015625, 'loss_after_queries': 7965.79296875, 'loss_after_encoder': 7964.806640625}, {'sweep': 28, 'loss_before': 7964.806640625, 'loss_after_queries': 7963.92822265625, 'loss_after_encoder': 7963.0}, {'sweep': 29, 'loss_before': 7963.0, 'loss_after_queries': 7962.158203125, 'loss_after_encoder': 7961.255859375}, {'sweep': 30, 'loss_before': 7961.255859375, 'loss_after_queries': 7960.4814453125, 'loss_after_encoder': 7959.6240234375}, {'sweep': 31, 'loss_before': 7959.6240234375, 'loss_after_queries': 7958.880859375, 'loss_after_encoder': 7958.052734375}, {'sweep': 32, 'loss_before': 7958.052734375, 'loss_after_queries': 7957.31298828125, 'loss_after_encoder': 7956.513671875}, {'sweep': 33, 'loss_before': 7956.513671875, 'loss_after_queries': 7955.8330078125, 'loss_after_encoder': 7955.0732421875}, {'sweep': 34, 'loss_before': 7955.0732421875, 'loss_after_queries': 7954.37109375, 'loss_after_encoder': 7953.638671875}, {'sweep': 35, 'loss_before': 7953.638671875, 'loss_after_queries': 7953.0400390625, 'loss_after_encoder': 7952.3427734375}, {'sweep': 36, 'loss_before': 7952.3427734375, 'loss_after_queries': 7951.724609375, 'loss_after_encoder': 7951.0478515625}, {'sweep': 37, 'loss_before': 7951.0478515625, 'loss_after_queries': 7950.462890625, 'loss_after_encoder': 7949.81396484375}, {'sweep': 38, 'loss_before': 7949.81396484375, 'loss_after_queries': 7949.2666015625, 'loss_after_encoder': 7948.6455078125}, {'sweep': 39, 'loss_before': 7948.6455078125, 'loss_after_queries': 7948.087890625, 'loss_after_encoder': 7947.509765625}, {'sweep': 40, 'loss_before': 7947.509765625, 'loss_after_queries': 7947.03125, 'loss_after_encoder': 7946.4716796875}, {'sweep': 41, 'loss_before': 7946.4716796875, 'loss_after_queries': 7946.0244140625, 'loss_after_encoder': 7945.4970703125}, {'sweep': 42, 'loss_before': 7945.4970703125, 'loss_after_queries': 7945.0576171875, 'loss_after_encoder': 7944.54638671875}, {'sweep': 43, 'loss_before': 7944.54638671875, 'loss_after_queries': 7944.14404296875, 'loss_after_encoder': 7943.68017578125}, {'sweep': 44, 'loss_before': 7943.68017578125, 'loss_after_queries': 7943.2919921875, 'loss_after_encoder': 7942.8515625}, {'sweep': 45, 'loss_before': 7942.8515625, 'loss_after_queries': 7942.52734375, 'loss_after_encoder': 7942.1181640625}, {'sweep': 46, 'loss_before': 7942.1181640625, 'loss_after_queries': 7941.77490234375, 'loss_after_encoder': 7941.40234375}, {'sweep': 47, 'loss_before': 7941.40234375, 'loss_after_queries': 7941.158203125, 'loss_after_encoder': 7940.80224609375}, {'sweep': 48, 'loss_before': 7940.80224609375, 'loss_after_queries': 7940.5341796875, 'loss_after_encoder': 7940.21044921875}, {'sweep': 49, 'loss_before': 7940.21044921875, 'loss_after_queries': 7939.9775390625, 'loss_after_encoder': 7939.66845703125}, {'sweep': 50, 'loss_before': 7939.66845703125, 'loss_after_queries': 7939.45703125, 'loss_after_encoder': 7939.17919921875}, {'sweep': 51, 'loss_before': 7939.17919921875, 'loss_after_queries': 7939.0087890625, 'loss_after_encoder': 7938.7431640625}, {'sweep': 52, 'loss_before': 7938.7431640625, 'loss_after_queries': 7938.5576171875, 'loss_after_encoder': 7938.31787109375}, {'sweep': 53, 'loss_before': 7938.31787109375, 'loss_after_queries': 7938.2119140625, 'loss_after_encoder': 7937.9765625}, {'sweep': 54, 'loss_before': 7937.9765625, 'loss_after_queries': 7937.845703125, 'loss_after_encoder': 7937.6396484375}, {'sweep': 55, 'loss_before': 7937.6396484375, 'loss_after_queries': 7937.55517578125, 'loss_after_encoder': 7937.35400390625}, {'sweep': 56, 'loss_before': 7937.35400390625, 'loss_after_queries': 7937.21484375, 'loss_after_encoder': 7937.0244140625}, {'sweep': 57, 'loss_before': 7937.0244140625, 'loss_after_queries': 7936.95166015625, 'loss_after_encoder': 7936.7734375}, {'sweep': 58, 'loss_before': 7936.7734375, 'loss_after_queries': 7936.6669921875, 'loss_after_encoder': 7936.4970703125}, {'sweep': 59, 'loss_before': 7936.4970703125, 'loss_after_queries': 7936.451171875, 'loss_after_encoder': 7936.2841796875}, {'sweep': 60, 'loss_before': 7936.2841796875, 'loss_after_queries': 7936.2021484375, 'loss_after_encoder': 7936.0361328125}], 'final_query_maximum_iterations': 50, 'final_query_maximum_relative_residual': 0.005406825337558985}}}
    fit residual router base=16 rank=16
Page-Fisher sweep 1/60: loss 5477.27 -> 2847.11
Page-Fisher sweep 2/60: loss 2847.11 -> 2316.93
Page-Fisher sweep 3/60: loss 2316.93 -> 2126.63
Page-Fisher sweep 4/60: loss 2126.63 -> 2045.89
Page-Fisher sweep 5/60: loss 2045.89 -> 2009.61
Page-Fisher sweep 6/60: loss 2009.61 -> 1991.15
Page-Fisher sweep 7/60: loss 1991.15 -> 1980.63
Page-Fisher sweep 8/60: loss 1980.63 -> 1974.1
Page-Fisher sweep 9/60: loss 1974.1 -> 1969.73
Page-Fisher sweep 10/60: loss 1969.73 -> 1966.58
Page-Fisher sweep 11/60: loss 1966.58 -> 1964.27
Page-Fisher sweep 12/60: loss 1964.27 -> 1962.45
Page-Fisher sweep 13/60: loss 1962.45 -> 1961.07
Page-Fisher sweep 14/60: loss 1961.07 -> 1960.1
Page-Fisher sweep 15/60: loss 1960.1 -> 1959.21
Page-Fisher sweep 16/60: loss 1959.21 -> 1958.56
Page-Fisher sweep 17/60: loss 1958.56 -> 1958.07
Page-Fisher sweep 18/60: loss 1958.07 -> 1957.58
Page-Fisher sweep 19/60: loss 1957.58 -> 1957.17
Page-Fisher sweep 20/60: loss 1957.17 -> 1956.83
Page-Fisher sweep 21/60: loss 1956.83 -> 1956.57
Page-Fisher sweep 22/60: loss 1956.57 -> 1956.28
Page-Fisher sweep 23/60: loss 1956.28 -> 1956.11
Page-Fisher sweep 24/60: loss 1956.11 -> 1955.94
Page-Fisher sweep 25/60: loss 1955.94 -> 1955.74
Page-Fisher sweep 26/60: loss 1955.74 -> 1955.57
Page-Fisher sweep 27/60: loss 1955.57 -> 1955.43
Page-Fisher sweep 28/60: loss 1955.43 -> 1955.35
Page-Fisher sweep 29/60: loss 1955.35 -> 1955.28
Page-Fisher sweep 30/60: loss 1955.28 -> 1955.16
Page-Fisher sweep 31/60: loss 1955.16 -> 1955.13
Page-Fisher sweep 32/60: loss 1955.13 -> 1955.04
Page-Fisher sweep 33/60: loss 1955.04 -> 1954.96
Page-Fisher sweep 34/60: loss 1954.96 -> 1954.9
Page-Fisher sweep 35/60: loss 1954.9 -> 1954.9
Page-Fisher sweep 36/60: loss 1954.9 -> 1954.85
Page-Fisher sweep 37/60: loss 1954.85 -> 1954.8
Page-Fisher sweep 38/60: loss 1954.8 -> 1954.82
Page-Fisher sweep 39/60: loss 1954.82 -> 1954.77
Page-Fisher sweep 40/60: loss 1954.77 -> 1954.78
Page-Fisher sweep 41/60: loss 1954.78 -> 1954.77
Page-Fisher sweep 42/60: loss 1954.77 -> 1954.75
Page-Fisher sweep 43/60: loss 1954.75 -> 1954.74
Page-Fisher sweep 44/60: loss 1954.74 -> 1954.81
Page-Fisher sweep 45/60: loss 1954.81 -> 1954.76
Page-Fisher sweep 46/60: loss 1954.76 -> 1954.8
Page-Fisher sweep 47/60: loss 1954.8 -> 1954.75
Page-Fisher sweep 48/60: loss 1954.75 -> 1954.8
Page-Fisher sweep 49/60: loss 1954.8 -> 1954.78
Page-Fisher sweep 50/60: loss 1954.78 -> 1954.82
Page-Fisher sweep 51/60: loss 1954.82 -> 1954.84
Page-Fisher sweep 52/60: loss 1954.84 -> 1954.81
Page-Fisher sweep 53/60: loss 1954.81 -> 1954.86
Page-Fisher sweep 54/60: loss 1954.86 -> 1954.89
Page-Fisher sweep 55/60: loss 1954.89 -> 1954.84
Page-Fisher sweep 56/60: loss 1954.84 -> 1954.86
Page-Fisher sweep 57/60: loss 1954.86 -> 1954.9
Page-Fisher sweep 58/60: loss 1954.9 -> 1954.87
Page-Fisher sweep 59/60: loss 1954.87 -> 1954.86
Page-Fisher sweep 60/60: loss 1954.86 -> 1954.84
{'stage': 'fit complete', 'layer': 3, 'losses': {'b16_r0': {'base_rank': 16, 'residual_rank': 0, 'fit_page_fisher_nmse': 1.0, 'validation_page_fisher_nmse': 1.0}, 'b16_r16': {'base_rank': 16, 'residual_rank': 16, 'fit_page_fisher_nmse': 0.1273519081566163, 'validation_page_fisher_nmse': 0.14422088392208868, 'sweeps': [{'sweep': 1, 'loss_before': 5477.26806640625, 'loss_after_queries': 4583.06298828125, 'loss_after_encoder': 2847.114501953125}, {'sweep': 2, 'loss_before': 2847.114501953125, 'loss_after_queries': 2494.901611328125, 'loss_after_encoder': 2316.9306640625}, {'sweep': 3, 'loss_before': 2316.9306640625, 'loss_after_queries': 2200.789306640625, 'loss_after_encoder': 2126.626953125}, {'sweep': 4, 'loss_before': 2126.626953125, 'loss_after_queries': 2078.002197265625, 'loss_after_encoder': 2045.8917236328125}, {'sweep': 5, 'loss_before': 2045.8917236328125, 'loss_after_queries': 2024.5860595703125, 'loss_after_encoder': 2009.6064453125}, {'sweep': 6, 'loss_before': 2009.6064453125, 'loss_after_queries': 1999.11865234375, 'loss_after_encoder': 1991.1513671875}, {'sweep': 7, 'loss_before': 1991.1513671875, 'loss_after_queries': 1985.325439453125, 'loss_after_encoder': 1980.6302490234375}, {'sweep': 8, 'loss_before': 1980.6302490234375, 'loss_after_queries': 1977.1234130859375, 'loss_after_encoder': 1974.095458984375}, {'sweep': 9, 'loss_before': 1974.095458984375, 'loss_after_queries': 1971.8486328125, 'loss_after_encoder': 1969.7315673828125}, {'sweep': 10, 'loss_before': 1969.7315673828125, 'loss_after_queries': 1968.1561279296875, 'loss_after_encoder': 1966.582275390625}, {'sweep': 11, 'loss_before': 1966.582275390625, 'loss_after_queries': 1965.475341796875, 'loss_after_encoder': 1964.2744140625}, {'sweep': 12, 'loss_before': 1964.2744140625, 'loss_after_queries': 1963.394287109375, 'loss_after_encoder': 1962.451904296875}, {'sweep': 13, 'loss_before': 1962.451904296875, 'loss_after_queries': 1961.80712890625, 'loss_after_encoder': 1961.071044921875}, {'sweep': 14, 'loss_before': 1961.071044921875, 'loss_after_queries': 1960.664306640625, 'loss_after_encoder': 1960.0955810546875}, {'sweep': 15, 'loss_before': 1960.0955810546875, 'loss_after_queries': 1959.687255859375, 'loss_after_encoder': 1959.209716796875}, {'sweep': 16, 'loss_before': 1959.209716796875, 'loss_after_queries': 1958.9765625, 'loss_after_encoder': 1958.55859375}, {'sweep': 17, 'loss_before': 1958.55859375, 'loss_after_queries': 1958.418212890625, 'loss_after_encoder': 1958.0693359375}, {'sweep': 18, 'loss_before': 1958.0693359375, 'loss_after_queries': 1957.89111328125, 'loss_after_encoder': 1957.5838623046875}, {'sweep': 19, 'loss_before': 1957.5838623046875, 'loss_after_queries': 1957.45458984375, 'loss_after_encoder': 1957.173095703125}, {'sweep': 20, 'loss_before': 1957.173095703125, 'loss_after_queries': 1957.0875244140625, 'loss_after_encoder': 1956.8348388671875}, {'sweep': 21, 'loss_before': 1956.8348388671875, 'loss_after_queries': 1956.800537109375, 'loss_after_encoder': 1956.5703125}, {'sweep': 22, 'loss_before': 1956.5703125, 'loss_after_queries': 1956.497802734375, 'loss_after_encoder': 1956.282958984375}, {'sweep': 23, 'loss_before': 1956.282958984375, 'loss_after_queries': 1956.310791015625, 'loss_after_encoder': 1956.1124267578125}, {'sweep': 24, 'loss_before': 1956.1124267578125, 'loss_after_queries': 1956.1259765625, 'loss_after_encoder': 1955.94384765625}, {'sweep': 25, 'loss_before': 1955.94384765625, 'loss_after_queries': 1955.9208984375, 'loss_after_encoder': 1955.73876953125}, {'sweep': 26, 'loss_before': 1955.73876953125, 'loss_after_queries': 1955.74560546875, 'loss_after_encoder': 1955.5682373046875}, {'sweep': 27, 'loss_before': 1955.5682373046875, 'loss_after_queries': 1955.597412109375, 'loss_after_encoder': 1955.427734375}, {'sweep': 28, 'loss_before': 1955.427734375, 'loss_after_queries': 1955.5120849609375, 'loss_after_encoder': 1955.35302734375}, {'sweep': 29, 'loss_before': 1955.35302734375, 'loss_after_queries': 1955.4326171875, 'loss_after_encoder': 1955.2847900390625}, {'sweep': 30, 'loss_before': 1955.2847900390625, 'loss_after_queries': 1955.2958984375, 'loss_after_encoder': 1955.16015625}, {'sweep': 31, 'loss_before': 1955.16015625, 'loss_after_queries': 1955.259033203125, 'loss_after_encoder': 1955.129150390625}, {'sweep': 32, 'loss_before': 1955.129150390625, 'loss_after_queries': 1955.1712646484375, 'loss_after_encoder': 1955.04052734375}, {'sweep': 33, 'loss_before': 1955.04052734375, 'loss_after_queries': 1955.089111328125, 'loss_after_encoder': 1954.958984375}, {'sweep': 34, 'loss_before': 1954.958984375, 'loss_after_queries': 1955.0220947265625, 'loss_after_encoder': 1954.90283203125}, {'sweep': 35, 'loss_before': 1954.90283203125, 'loss_after_queries': 1955.01904296875, 'loss_after_encoder': 1954.90087890625}, {'sweep': 36, 'loss_before': 1954.90087890625, 'loss_after_queries': 1954.966796875, 'loss_after_encoder': 1954.8470458984375}, {'sweep': 37, 'loss_before': 1954.8470458984375, 'loss_after_queries': 1954.920166015625, 'loss_after_encoder': 1954.7989501953125}, {'sweep': 38, 'loss_before': 1954.7989501953125, 'loss_after_queries': 1954.948486328125, 'loss_after_encoder': 1954.8211669921875}, {'sweep': 39, 'loss_before': 1954.8211669921875, 'loss_after_queries': 1954.900146484375, 'loss_after_encoder': 1954.773681640625}, {'sweep': 40, 'loss_before': 1954.773681640625, 'loss_after_queries': 1954.901123046875, 'loss_after_encoder': 1954.77978515625}, {'sweep': 41, 'loss_before': 1954.77978515625, 'loss_after_queries': 1954.896728515625, 'loss_after_encoder': 1954.77490234375}, {'sweep': 42, 'loss_before': 1954.77490234375, 'loss_after_queries': 1954.87744140625, 'loss_after_encoder': 1954.751953125}, {'sweep': 43, 'loss_before': 1954.751953125, 'loss_after_queries': 1954.877197265625, 'loss_after_encoder': 1954.740234375}, {'sweep': 44, 'loss_before': 1954.740234375, 'loss_after_queries': 1954.9461669921875, 'loss_after_encoder': 1954.810546875}, {'sweep': 45, 'loss_before': 1954.810546875, 'loss_after_queries': 1954.881103515625, 'loss_after_encoder': 1954.7586669921875}, {'sweep': 46, 'loss_before': 1954.7586669921875, 'loss_after_queries': 1954.917236328125, 'loss_after_encoder': 1954.8006591796875}, {'sweep': 47, 'loss_before': 1954.8006591796875, 'loss_after_queries': 1954.873291015625, 'loss_after_encoder': 1954.7530517578125}, {'sweep': 48, 'loss_before': 1954.7530517578125, 'loss_after_queries': 1954.927490234375, 'loss_after_encoder': 1954.804443359375}, {'sweep': 49, 'loss_before': 1954.804443359375, 'loss_after_queries': 1954.91650390625, 'loss_after_encoder': 1954.780029296875}, {'sweep': 50, 'loss_before': 1954.780029296875, 'loss_after_queries': 1954.947998046875, 'loss_after_encoder': 1954.818359375}, {'sweep': 51, 'loss_before': 1954.818359375, 'loss_after_queries': 1954.9632568359375, 'loss_after_encoder': 1954.8388671875}, {'sweep': 52, 'loss_before': 1954.8388671875, 'loss_after_queries': 1954.943115234375, 'loss_after_encoder': 1954.8096923828125}, {'sweep': 53, 'loss_before': 1954.8096923828125, 'loss_after_queries': 1954.9891357421875, 'loss_after_encoder': 1954.8572998046875}, {'sweep': 54, 'loss_before': 1954.8572998046875, 'loss_after_queries': 1955.031005859375, 'loss_after_encoder': 1954.8927001953125}, {'sweep': 55, 'loss_before': 1954.8927001953125, 'loss_after_queries': 1954.9697265625, 'loss_after_encoder': 1954.844482421875}, {'sweep': 56, 'loss_before': 1954.844482421875, 'loss_after_queries': 1954.987548828125, 'loss_after_encoder': 1954.856201171875}, {'sweep': 57, 'loss_before': 1954.856201171875, 'loss_after_queries': 1955.0406494140625, 'loss_after_encoder': 1954.9044189453125}, {'sweep': 58, 'loss_before': 1954.9044189453125, 'loss_after_queries': 1954.99658203125, 'loss_after_encoder': 1954.873291015625}, {'sweep': 59, 'loss_before': 1954.873291015625, 'loss_after_queries': 1954.9949951171875, 'loss_after_encoder': 1954.8609619140625}, {'sweep': 60, 'loss_before': 1954.8609619140625, 'loss_after_queries': 1954.96337890625, 'loss_after_encoder': 1954.8382568359375}], 'final_query_maximum_iterations': 50, 'final_query_maximum_relative_residual': 0.004270585719496012}}}
    fit residual router base=16 rank=16
Page-Fisher sweep 1/60: loss 6450.76 -> 3328.59
Page-Fisher sweep 2/60: loss 3328.59 -> 2678.52
Page-Fisher sweep 3/60: loss 2678.52 -> 2487.76
Page-Fisher sweep 4/60: loss 2487.76 -> 2417.34
Page-Fisher sweep 5/60: loss 2417.34 -> 2387.15
Page-Fisher sweep 6/60: loss 2387.15 -> 2370.55
Page-Fisher sweep 7/60: loss 2370.55 -> 2359.69
Page-Fisher sweep 8/60: loss 2359.69 -> 2352.44
Page-Fisher sweep 9/60: loss 2352.44 -> 2347.37
Page-Fisher sweep 10/60: loss 2347.37 -> 2343.65
Page-Fisher sweep 11/60: loss 2343.65 -> 2340.77
Page-Fisher sweep 12/60: loss 2340.77 -> 2338.53
Page-Fisher sweep 13/60: loss 2338.53 -> 2336.84
Page-Fisher sweep 14/60: loss 2336.84 -> 2335.49
Page-Fisher sweep 15/60: loss 2335.49 -> 2334.46
Page-Fisher sweep 16/60: loss 2334.46 -> 2333.6
Page-Fisher sweep 17/60: loss 2333.6 -> 2332.9
Page-Fisher sweep 18/60: loss 2332.9 -> 2332.31
Page-Fisher sweep 19/60: loss 2332.31 -> 2331.75
Page-Fisher sweep 20/60: loss 2331.75 -> 2331.31
Page-Fisher sweep 21/60: loss 2331.31 -> 2330.95
Page-Fisher sweep 22/60: loss 2330.95 -> 2330.61
Page-Fisher sweep 23/60: loss 2330.61 -> 2330.34
Page-Fisher sweep 24/60: loss 2330.34 -> 2330.06
Page-Fisher sweep 25/60: loss 2330.06 -> 2329.81
Page-Fisher sweep 26/60: loss 2329.81 -> 2329.57
Page-Fisher sweep 27/60: loss 2329.57 -> 2329.4
Page-Fisher sweep 28/60: loss 2329.4 -> 2329.18
Page-Fisher sweep 29/60: loss 2329.18 -> 2328.98
Page-Fisher sweep 30/60: loss 2328.98 -> 2328.82
Page-Fisher sweep 31/60: loss 2328.82 -> 2328.64
Page-Fisher sweep 32/60: loss 2328.64 -> 2328.47
Page-Fisher sweep 33/60: loss 2328.47 -> 2328.31
Page-Fisher sweep 34/60: loss 2328.31 -> 2328.12
Page-Fisher sweep 35/60: loss 2328.12 -> 2327.98
Page-Fisher sweep 36/60: loss 2327.98 -> 2327.83
Page-Fisher sweep 37/60: loss 2327.83 -> 2327.65
Page-Fisher sweep 38/60: loss 2327.65 -> 2327.47
Page-Fisher sweep 39/60: loss 2327.47 -> 2327.34
Page-Fisher sweep 40/60: loss 2327.34 -> 2327.13
Page-Fisher sweep 41/60: loss 2327.13 -> 2326.98
Page-Fisher sweep 42/60: loss 2326.98 -> 2326.84
Page-Fisher sweep 43/60: loss 2326.84 -> 2326.68
Page-Fisher sweep 44/60: loss 2326.68 -> 2326.54
Page-Fisher sweep 45/60: loss 2326.54 -> 2326.43
Page-Fisher sweep 46/60: loss 2326.43 -> 2326.28
Page-Fisher sweep 47/60: loss 2326.28 -> 2326.18
Page-Fisher sweep 48/60: loss 2326.18 -> 2326.04
Page-Fisher sweep 49/60: loss 2326.04 -> 2325.95
Page-Fisher sweep 50/60: loss 2325.95 -> 2325.89
Page-Fisher sweep 51/60: loss 2325.89 -> 2325.79
Page-Fisher sweep 52/60: loss 2325.79 -> 2325.72
Page-Fisher sweep 53/60: loss 2325.72 -> 2325.65
Page-Fisher sweep 54/60: loss 2325.65 -> 2325.58
Page-Fisher sweep 55/60: loss 2325.58 -> 2325.55
Page-Fisher sweep 56/60: loss 2325.55 -> 2325.5
Page-Fisher sweep 57/60: loss 2325.5 -> 2325.43
Page-Fisher sweep 58/60: loss 2325.43 -> 2325.38
Page-Fisher sweep 59/60: loss 2325.38 -> 2325.38
Page-Fisher sweep 60/60: loss 2325.38 -> 2325.3
{'stage': 'fit complete', 'layer': 4, 'losses': {'b16_r0': {'base_rank': 16, 'residual_rank': 0, 'fit_page_fisher_nmse': 1.0, 'validation_page_fisher_nmse': 1.0}, 'b16_r16': {'base_rank': 16, 'residual_rank': 16, 'fit_page_fisher_nmse': 0.1435187220789031, 'validation_page_fisher_nmse': 0.17653398470325435, 'sweeps': [{'sweep': 1, 'loss_before': 6450.763671875, 'loss_after_queries': 5237.31982421875, 'loss_after_encoder': 3328.594970703125}, {'sweep': 2, 'loss_before': 3328.594970703125, 'loss_after_queries': 2870.6591796875, 'loss_after_encoder': 2678.5205078125}, {'sweep': 3, 'loss_before': 2678.5205078125, 'loss_after_queries': 2559.23095703125, 'loss_after_encoder': 2487.76220703125}, {'sweep': 4, 'loss_before': 2487.76220703125, 'loss_after_queries': 2444.509521484375, 'loss_after_encoder': 2417.34375}, {'sweep': 5, 'loss_before': 2417.34375, 'loss_after_queries': 2399.69189453125, 'loss_after_encoder': 2387.154296875}, {'sweep': 6, 'loss_before': 2387.154296875, 'loss_after_queries': 2377.9873046875, 'loss_after_encoder': 2370.55126953125}, {'sweep': 7, 'loss_before': 2370.55126953125, 'loss_after_queries': 2364.64013671875, 'loss_after_encoder': 2359.68994140625}, {'sweep': 8, 'loss_before': 2359.68994140625, 'loss_after_queries': 2355.78125, 'loss_after_encoder': 2352.4404296875}, {'sweep': 9, 'loss_before': 2352.4404296875, 'loss_after_queries': 2349.77587890625, 'loss_after_encoder': 2347.37255859375}, {'sweep': 10, 'loss_before': 2347.37255859375, 'loss_after_queries': 2345.451416015625, 'loss_after_encoder': 2343.645263671875}, {'sweep': 11, 'loss_before': 2343.645263671875, 'loss_after_queries': 2342.18310546875, 'loss_after_encoder': 2340.7744140625}, {'sweep': 12, 'loss_before': 2340.7744140625, 'loss_after_queries': 2339.63623046875, 'loss_after_encoder': 2338.534423828125}, {'sweep': 13, 'loss_before': 2338.534423828125, 'loss_after_queries': 2337.704833984375, 'loss_after_encoder': 2336.837890625}, {'sweep': 14, 'loss_before': 2336.837890625, 'loss_after_queries': 2336.1845703125, 'loss_after_encoder': 2335.4931640625}, {'sweep': 15, 'loss_before': 2335.4931640625, 'loss_after_queries': 2335.02685546875, 'loss_after_encoder': 2334.46484375}, {'sweep': 16, 'loss_before': 2334.46484375, 'loss_after_queries': 2334.077392578125, 'loss_after_encoder': 2333.6015625}, {'sweep': 17, 'loss_before': 2333.6015625, 'loss_after_queries': 2333.303466796875, 'loss_after_encoder': 2332.89794921875}, {'sweep': 18, 'loss_before': 2332.89794921875, 'loss_after_queries': 2332.662109375, 'loss_after_encoder': 2332.306640625}, {'sweep': 19, 'loss_before': 2332.306640625, 'loss_after_queries': 2332.072021484375, 'loss_after_encoder': 2331.754150390625}, {'sweep': 20, 'loss_before': 2331.754150390625, 'loss_after_queries': 2331.59375, 'loss_after_encoder': 2331.314208984375}, {'sweep': 21, 'loss_before': 2331.314208984375, 'loss_after_queries': 2331.211669921875, 'loss_after_encoder': 2330.951416015625}, {'sweep': 22, 'loss_before': 2330.951416015625, 'loss_after_queries': 2330.83984375, 'loss_after_encoder': 2330.60986328125}, {'sweep': 23, 'loss_before': 2330.60986328125, 'loss_after_queries': 2330.557373046875, 'loss_after_encoder': 2330.34423828125}, {'sweep': 24, 'loss_before': 2330.34423828125, 'loss_after_queries': 2330.2548828125, 'loss_after_encoder': 2330.055419921875}, {'sweep': 25, 'loss_before': 2330.055419921875, 'loss_after_queries': 2329.993896484375, 'loss_after_encoder': 2329.8115234375}, {'sweep': 26, 'loss_before': 2329.8115234375, 'loss_after_queries': 2329.749267578125, 'loss_after_encoder': 2329.56982421875}, {'sweep': 27, 'loss_before': 2329.56982421875, 'loss_after_queries': 2329.578125, 'loss_after_encoder': 2329.40185546875}, {'sweep': 28, 'loss_before': 2329.40185546875, 'loss_after_queries': 2329.349365234375, 'loss_after_encoder': 2329.17529296875}, {'sweep': 29, 'loss_before': 2329.17529296875, 'loss_after_queries': 2329.144287109375, 'loss_after_encoder': 2328.981201171875}, {'sweep': 30, 'loss_before': 2328.981201171875, 'loss_after_queries': 2328.9873046875, 'loss_after_encoder': 2328.8212890625}, {'sweep': 31, 'loss_before': 2328.8212890625, 'loss_after_queries': 2328.7958984375, 'loss_after_encoder': 2328.6357421875}, {'sweep': 32, 'loss_before': 2328.6357421875, 'loss_after_queries': 2328.636962890625, 'loss_after_encoder': 2328.47216796875}, {'sweep': 33, 'loss_before': 2328.47216796875, 'loss_after_queries': 2328.471435546875, 'loss_after_encoder': 2328.31103515625}, {'sweep': 34, 'loss_before': 2328.31103515625, 'loss_after_queries': 2328.28271484375, 'loss_after_encoder': 2328.1171875}, {'sweep': 35, 'loss_before': 2328.1171875, 'loss_after_queries': 2328.139892578125, 'loss_after_encoder': 2327.9794921875}, {'sweep': 36, 'loss_before': 2327.9794921875, 'loss_after_queries': 2327.984375, 'loss_after_encoder': 2327.825927734375}, {'sweep': 37, 'loss_before': 2327.825927734375, 'loss_after_queries': 2327.811279296875, 'loss_after_encoder': 2327.650390625}, {'sweep': 38, 'loss_before': 2327.650390625, 'loss_after_queries': 2327.62939453125, 'loss_after_encoder': 2327.4736328125}, {'sweep': 39, 'loss_before': 2327.4736328125, 'loss_after_queries': 2327.50341796875, 'loss_after_encoder': 2327.343017578125}, {'sweep': 40, 'loss_before': 2327.343017578125, 'loss_after_queries': 2327.28759765625, 'loss_after_encoder': 2327.12548828125}, {'sweep': 41, 'loss_before': 2327.12548828125, 'loss_after_queries': 2327.135498046875, 'loss_after_encoder': 2326.98193359375}, {'sweep': 42, 'loss_before': 2326.98193359375, 'loss_after_queries': 2326.990966796875, 'loss_after_encoder': 2326.842041015625}, {'sweep': 43, 'loss_before': 2326.842041015625, 'loss_after_queries': 2326.831787109375, 'loss_after_encoder': 2326.676025390625}, {'sweep': 44, 'loss_before': 2326.676025390625, 'loss_after_queries': 2326.685791015625, 'loss_after_encoder': 2326.54052734375}, {'sweep': 45, 'loss_before': 2326.54052734375, 'loss_after_queries': 2326.5751953125, 'loss_after_encoder': 2326.431884765625}, {'sweep': 46, 'loss_before': 2326.431884765625, 'loss_after_queries': 2326.41943359375, 'loss_after_encoder': 2326.28369140625}, {'sweep': 47, 'loss_before': 2326.28369140625, 'loss_after_queries': 2326.3056640625, 'loss_after_encoder': 2326.176513671875}, {'sweep': 48, 'loss_before': 2326.176513671875, 'loss_after_queries': 2326.165771484375, 'loss_after_encoder': 2326.0390625}, {'sweep': 49, 'loss_before': 2326.0390625, 'loss_after_queries': 2326.07373046875, 'loss_after_encoder': 2325.9453125}, {'sweep': 50, 'loss_before': 2325.9453125, 'loss_after_queries': 2326.00341796875, 'loss_after_encoder': 2325.88671875}, {'sweep': 51, 'loss_before': 2325.88671875, 'loss_after_queries': 2325.913818359375, 'loss_after_encoder': 2325.792724609375}, {'sweep': 52, 'loss_before': 2325.792724609375, 'loss_after_queries': 2325.82763671875, 'loss_after_encoder': 2325.719970703125}, {'sweep': 53, 'loss_before': 2325.719970703125, 'loss_after_queries': 2325.74853515625, 'loss_after_encoder': 2325.647216796875}, {'sweep': 54, 'loss_before': 2325.647216796875, 'loss_after_queries': 2325.6845703125, 'loss_after_encoder': 2325.58056640625}, {'sweep': 55, 'loss_before': 2325.58056640625, 'loss_after_queries': 2325.65185546875, 'loss_after_encoder': 2325.550048828125}, {'sweep': 56, 'loss_before': 2325.550048828125, 'loss_after_queries': 2325.603271484375, 'loss_after_encoder': 2325.4990234375}, {'sweep': 57, 'loss_before': 2325.4990234375, 'loss_after_queries': 2325.5322265625, 'loss_after_encoder': 2325.43310546875}, {'sweep': 58, 'loss_before': 2325.43310546875, 'loss_after_queries': 2325.477294921875, 'loss_after_encoder': 2325.377685546875}, {'sweep': 59, 'loss_before': 2325.377685546875, 'loss_after_queries': 2325.472412109375, 'loss_after_encoder': 2325.37744140625}, {'sweep': 60, 'loss_before': 2325.37744140625, 'loss_after_queries': 2325.399658203125, 'loss_after_encoder': 2325.297119140625}], 'final_query_maximum_iterations': 50, 'final_query_maximum_relative_residual': 0.004716812167316675}}}
    fit residual router base=16 rank=16
Page-Fisher sweep 1/60: loss 13868.9 -> 8815.59
Page-Fisher sweep 2/60: loss 8815.59 -> 6658.82
Page-Fisher sweep 3/60: loss 6658.82 -> 6091.42
Page-Fisher sweep 4/60: loss 6091.42 -> 5910.7
Page-Fisher sweep 5/60: loss 5910.7 -> 5838.11
Page-Fisher sweep 6/60: loss 5838.11 -> 5802.44
Page-Fisher sweep 7/60: loss 5802.44 -> 5780.62
Page-Fisher sweep 8/60: loss 5780.62 -> 5765.5
Page-Fisher sweep 9/60: loss 5765.5 -> 5754.59
Page-Fisher sweep 10/60: loss 5754.59 -> 5746.4
Page-Fisher sweep 11/60: loss 5746.4 -> 5739.94
Page-Fisher sweep 12/60: loss 5739.94 -> 5734.73
Page-Fisher sweep 13/60: loss 5734.73 -> 5730.36
Page-Fisher sweep 14/60: loss 5730.36 -> 5726.6
Page-Fisher sweep 15/60: loss 5726.6 -> 5723.33
Page-Fisher sweep 16/60: loss 5723.33 -> 5720.43
Page-Fisher sweep 17/60: loss 5720.43 -> 5717.86
Page-Fisher sweep 18/60: loss 5717.86 -> 5715.48
Page-Fisher sweep 19/60: loss 5715.48 -> 5713.29
Page-Fisher sweep 20/60: loss 5713.29 -> 5711.27
Page-Fisher sweep 21/60: loss 5711.27 -> 5709.32
Page-Fisher sweep 22/60: loss 5709.32 -> 5707.49
Page-Fisher sweep 23/60: loss 5707.49 -> 5705.8
Page-Fisher sweep 24/60: loss 5705.8 -> 5704.26
Page-Fisher sweep 25/60: loss 5704.26 -> 5702.72
Page-Fisher sweep 26/60: loss 5702.72 -> 5701.22
Page-Fisher sweep 27/60: loss 5701.22 -> 5699.88
Page-Fisher sweep 28/60: loss 5699.88 -> 5698.53
Page-Fisher sweep 29/60: loss 5698.53 -> 5697.3
Page-Fisher sweep 30/60: loss 5697.3 -> 5696.15
Page-Fisher sweep 31/60: loss 5696.15 -> 5695.04
Page-Fisher sweep 32/60: loss 5695.04 -> 5693.98
Page-Fisher sweep 33/60: loss 5693.98 -> 5692.94
Page-Fisher sweep 34/60: loss 5692.94 -> 5692.06
Page-Fisher sweep 35/60: loss 5692.06 -> 5691.23
Page-Fisher sweep 36/60: loss 5691.23 -> 5690.46
Page-Fisher sweep 37/60: loss 5690.46 -> 5689.75
Page-Fisher sweep 38/60: loss 5689.75 -> 5689.06
Page-Fisher sweep 39/60: loss 5689.06 -> 5688.48
Page-Fisher sweep 40/60: loss 5688.48 -> 5687.99
Page-Fisher sweep 41/60: loss 5687.99 -> 5687.48
Page-Fisher sweep 42/60: loss 5687.48 -> 5687.11
Page-Fisher sweep 43/60: loss 5687.11 -> 5686.7
Page-Fisher sweep 44/60: loss 5686.7 -> 5686.38
Page-Fisher sweep 45/60: loss 5686.38 -> 5686.1
Page-Fisher sweep 46/60: loss 5686.1 -> 5685.86
Page-Fisher sweep 47/60: loss 5685.86 -> 5685.64
Page-Fisher sweep 48/60: loss 5685.64 -> 5685.46
Page-Fisher sweep 49/60: loss 5685.46 -> 5685.3
Page-Fisher sweep 50/60: loss 5685.3 -> 5685.13
Page-Fisher sweep 51/60: loss 5685.13 -> 5685.05
Page-Fisher sweep 52/60: loss 5685.05 -> 5684.93
Page-Fisher sweep 53/60: loss 5684.93 -> 5684.82
Page-Fisher sweep 54/60: loss 5684.82 -> 5684.74
Page-Fisher sweep 55/60: loss 5684.74 -> 5684.62
Page-Fisher sweep 56/60: loss 5684.62 -> 5684.57
Page-Fisher sweep 57/60: loss 5684.57 -> 5684.49
Page-Fisher sweep 58/60: loss 5684.49 -> 5684.43
Page-Fisher sweep 59/60: loss 5684.43 -> 5684.38
Page-Fisher sweep 60/60: loss 5684.38 -> 5684.3
{'stage': 'fit complete', 'layer': 5, 'losses': {'b16_r0': {'base_rank': 16, 'residual_rank': 0, 'fit_page_fisher_nmse': 1.0, 'validation_page_fisher_nmse': 1.0}, 'b16_r16': {'base_rank': 16, 'residual_rank': 16, 'fit_page_fisher_nmse': 0.1280046005874768, 'validation_page_fisher_nmse': 0.17256465339220345, 'sweeps': [{'sweep': 1, 'loss_before': 13868.8701171875, 'loss_after_queries': 11552.623046875, 'loss_after_encoder': 8815.5888671875}, {'sweep': 2, 'loss_before': 8815.5888671875, 'loss_after_queries': 7454.103515625, 'loss_after_encoder': 6658.81640625}, {'sweep': 3, 'loss_before': 6658.81640625, 'loss_after_queries': 6284.609375, 'loss_after_encoder': 6091.4228515625}, {'sweep': 4, 'loss_before': 6091.4228515625, 'loss_after_queries': 5979.49755859375, 'loss_after_encoder': 5910.70166015625}, {'sweep': 5, 'loss_before': 5910.70166015625, 'loss_after_queries': 5867.2958984375, 'loss_after_encoder': 5838.11474609375}, {'sweep': 6, 'loss_before': 5838.11474609375, 'loss_after_queries': 5817.8837890625, 'loss_after_encoder': 5802.435546875}, {'sweep': 7, 'loss_before': 5802.435546875, 'loss_after_queries': 5790.54541015625, 'loss_after_encoder': 5780.6201171875}, {'sweep': 8, 'loss_before': 5780.6201171875, 'loss_after_queries': 5772.5078125, 'loss_after_encoder': 5765.4990234375}, {'sweep': 9, 'loss_before': 5765.4990234375, 'loss_after_queries': 5759.7431640625, 'loss_after_encoder': 5754.5947265625}, {'sweep': 10, 'loss_before': 5754.5947265625, 'loss_after_queries': 5750.33056640625, 'loss_after_encoder': 5746.4033203125}, {'sweep': 11, 'loss_before': 5746.4033203125, 'loss_after_queries': 5743.04443359375, 'loss_after_encoder': 5739.935546875}, {'sweep': 12, 'loss_before': 5739.935546875, 'loss_after_queries': 5737.291015625, 'loss_after_encoder': 5734.72705078125}, {'sweep': 13, 'loss_before': 5734.72705078125, 'loss_after_queries': 5732.54248046875, 'loss_after_encoder': 5730.35595703125}, {'sweep': 14, 'loss_before': 5730.35595703125, 'loss_after_queries': 5728.482421875, 'loss_after_encoder': 5726.59619140625}, {'sweep': 15, 'loss_before': 5726.59619140625, 'loss_after_queries': 5724.998046875, 'loss_after_encoder': 5723.33251953125}, {'sweep': 16, 'loss_before': 5723.33251953125, 'loss_after_queries': 5721.91845703125, 'loss_after_encoder': 5720.4296875}, {'sweep': 17, 'loss_before': 5720.4296875, 'loss_after_queries': 5719.2197265625, 'loss_after_encoder': 5717.8623046875}, {'sweep': 18, 'loss_before': 5717.8623046875, 'loss_after_queries': 5716.70458984375, 'loss_after_encoder': 5715.47509765625}, {'sweep': 19, 'loss_before': 5715.47509765625, 'loss_after_queries': 5714.443359375, 'loss_after_encoder': 5713.2880859375}, {'sweep': 20, 'loss_before': 5713.2880859375, 'loss_after_queries': 5712.3486328125, 'loss_after_encoder': 5711.27392578125}, {'sweep': 21, 'loss_before': 5711.27392578125, 'loss_after_queries': 5710.34716796875, 'loss_after_encoder': 5709.318359375}, {'sweep': 22, 'loss_before': 5709.318359375, 'loss_after_queries': 5708.46435546875, 'loss_after_encoder': 5707.49267578125}, {'sweep': 23, 'loss_before': 5707.49267578125, 'loss_after_queries': 5706.72216796875, 'loss_after_encoder': 5705.79736328125}, {'sweep': 24, 'loss_before': 5705.79736328125, 'loss_after_queries': 5705.1337890625, 'loss_after_encoder': 5704.25830078125}, {'sweep': 25, 'loss_before': 5704.25830078125, 'loss_after_queries': 5703.5537109375, 'loss_after_encoder': 5702.716796875}, {'sweep': 26, 'loss_before': 5702.716796875, 'loss_after_queries': 5702.02001953125, 'loss_after_encoder': 5701.22412109375}, {'sweep': 27, 'loss_before': 5701.22412109375, 'loss_after_queries': 5700.65283203125, 'loss_after_encoder': 5699.88134765625}, {'sweep': 28, 'loss_before': 5699.88134765625, 'loss_after_queries': 5699.26513671875, 'loss_after_encoder': 5698.53076171875}, {'sweep': 29, 'loss_before': 5698.53076171875, 'loss_after_queries': 5697.99609375, 'loss_after_encoder': 5697.296875}, {'sweep': 30, 'loss_before': 5697.296875, 'loss_after_queries': 5696.8095703125, 'loss_after_encoder': 5696.1484375}, {'sweep': 31, 'loss_before': 5696.1484375, 'loss_after_queries': 5695.67041015625, 'loss_after_encoder': 5695.03515625}, {'sweep': 32, 'loss_before': 5695.03515625, 'loss_after_queries': 5694.58251953125, 'loss_after_encoder': 5693.97705078125}, {'sweep': 33, 'loss_before': 5693.97705078125, 'loss_after_queries': 5693.5224609375, 'loss_after_encoder': 5692.939453125}, {'sweep': 34, 'loss_before': 5692.939453125, 'loss_after_queries': 5692.59765625, 'loss_after_encoder': 5692.0556640625}, {'sweep': 35, 'loss_before': 5692.0556640625, 'loss_after_queries': 5691.73486328125, 'loss_after_encoder': 5691.2294921875}, {'sweep': 36, 'loss_before': 5691.2294921875, 'loss_after_queries': 5690.931640625, 'loss_after_encoder': 5690.4619140625}, {'sweep': 37, 'loss_before': 5690.4619140625, 'loss_after_queries': 5690.1826171875, 'loss_after_encoder': 5689.74853515625}, {'sweep': 38, 'loss_before': 5689.74853515625, 'loss_after_queries': 5689.48486328125, 'loss_after_encoder': 5689.0615234375}, {'sweep': 39, 'loss_before': 5689.0615234375, 'loss_after_queries': 5688.8583984375, 'loss_after_encoder': 5688.4833984375}, {'sweep': 40, 'loss_before': 5688.4833984375, 'loss_after_queries': 5688.341796875, 'loss_after_encoder': 5687.99267578125}, {'sweep': 41, 'loss_before': 5687.99267578125, 'loss_after_queries': 5687.8056640625, 'loss_after_encoder': 5687.484375}, {'sweep': 42, 'loss_before': 5687.484375, 'loss_after_queries': 5687.40380859375, 'loss_after_encoder': 5687.11474609375}, {'sweep': 43, 'loss_before': 5687.11474609375, 'loss_after_queries': 5686.9755859375, 'loss_after_encoder': 5686.701171875}, {'sweep': 44, 'loss_before': 5686.701171875, 'loss_after_queries': 5686.630859375, 'loss_after_encoder': 5686.38427734375}, {'sweep': 45, 'loss_before': 5686.38427734375, 'loss_after_queries': 5686.32421875, 'loss_after_encoder': 5686.1044921875}, {'sweep': 46, 'loss_before': 5686.1044921875, 'loss_after_queries': 5686.0703125, 'loss_after_encoder': 5685.85888671875}, {'sweep': 47, 'loss_before': 5685.85888671875, 'loss_after_queries': 5685.84814453125, 'loss_after_encoder': 5685.64453125}, {'sweep': 48, 'loss_before': 5685.64453125, 'loss_after_queries': 5685.64013671875, 'loss_after_encoder': 5685.45703125}, {'sweep': 49, 'loss_before': 5685.45703125, 'loss_after_queries': 5685.47119140625, 'loss_after_encoder': 5685.30029296875}, {'sweep': 50, 'loss_before': 5685.30029296875, 'loss_after_queries': 5685.294921875, 'loss_after_encoder': 5685.126953125}, {'sweep': 51, 'loss_before': 5685.126953125, 'loss_after_queries': 5685.2060546875, 'loss_after_encoder': 5685.052734375}, {'sweep': 52, 'loss_before': 5685.052734375, 'loss_after_queries': 5685.0791015625, 'loss_after_encoder': 5684.92578125}, {'sweep': 53, 'loss_before': 5684.92578125, 'loss_after_queries': 5684.96435546875, 'loss_after_encoder': 5684.82373046875}, {'sweep': 54, 'loss_before': 5684.82373046875, 'loss_after_queries': 5684.87744140625, 'loss_after_encoder': 5684.74072265625}, {'sweep': 55, 'loss_before': 5684.74072265625, 'loss_after_queries': 5684.7587890625, 'loss_after_encoder': 5684.62255859375}, {'sweep': 56, 'loss_before': 5684.62255859375, 'loss_after_queries': 5684.7001953125, 'loss_after_encoder': 5684.57275390625}, {'sweep': 57, 'loss_before': 5684.57275390625, 'loss_after_queries': 5684.61669921875, 'loss_after_encoder': 5684.48974609375}, {'sweep': 58, 'loss_before': 5684.48974609375, 'loss_after_queries': 5684.55908203125, 'loss_after_encoder': 5684.42822265625}, {'sweep': 59, 'loss_before': 5684.42822265625, 'loss_after_queries': 5684.50439453125, 'loss_after_encoder': 5684.3837890625}, {'sweep': 60, 'loss_before': 5684.3837890625, 'loss_after_queries': 5684.4296875, 'loss_after_encoder': 5684.296875}], 'final_query_maximum_iterations': 50, 'final_query_maximum_relative_residual': 0.006984195206314325}}}
    fit residual router base=16 rank=16
Page-Fisher sweep 1/60: loss 8816.08 -> 5289.86
Page-Fisher sweep 2/60: loss 5289.86 -> 4605.21
Page-Fisher sweep 3/60: loss 4605.21 -> 4406.19
Page-Fisher sweep 4/60: loss 4406.19 -> 4317.23
Page-Fisher sweep 5/60: loss 4317.23 -> 4270.56
Page-Fisher sweep 6/60: loss 4270.56 -> 4242.98
Page-Fisher sweep 7/60: loss 4242.98 -> 4226.16
Page-Fisher sweep 8/60: loss 4226.16 -> 4214.75
Page-Fisher sweep 9/60: loss 4214.75 -> 4206.86
Page-Fisher sweep 10/60: loss 4206.86 -> 4201.04
Page-Fisher sweep 11/60: loss 4201.04 -> 4196.75
Page-Fisher sweep 12/60: loss 4196.75 -> 4192.78
Page-Fisher sweep 13/60: loss 4192.78 -> 4189.82
Page-Fisher sweep 14/60: loss 4189.82 -> 4187.08
Page-Fisher sweep 15/60: loss 4187.08 -> 4185.17
Page-Fisher sweep 16/60: loss 4185.17 -> 4183.23
Page-Fisher sweep 17/60: loss 4183.23 -> 4181.69
Page-Fisher sweep 18/60: loss 4181.69 -> 4180.53
Page-Fisher sweep 19/60: loss 4180.53 -> 4179.3
Page-Fisher sweep 20/60: loss 4179.3 -> 4178.39
Page-Fisher sweep 21/60: loss 4178.39 -> 4177.89
Page-Fisher sweep 22/60: loss 4177.89 -> 4177.2
Page-Fisher sweep 23/60: loss 4177.2 -> 4177.17
Page-Fisher sweep 24/60: loss 4177.17 -> 4176.33
Page-Fisher sweep 25/60: loss 4176.33 -> 4176.34
Page-Fisher sweep 26/60: loss 4176.34 -> 4175.35
Page-Fisher sweep 27/60: loss 4175.35 -> 4174.86
Page-Fisher sweep 28/60: loss 4174.86 -> 4174.41
Page-Fisher sweep 29/60: loss 4174.41 -> 4174.19
Page-Fisher sweep 30/60: loss 4174.19 -> 4173.62
Page-Fisher sweep 31/60: loss 4173.62 -> 4174.02
Page-Fisher sweep 32/60: loss 4174.02 -> 4173.48
Page-Fisher sweep 33/60: loss 4173.48 -> 4173.85
Page-Fisher sweep 34/60: loss 4173.85 -> 4174.03
Page-Fisher sweep 35/60: loss 4174.03 -> 4173.93
Page-Fisher sweep 36/60: loss 4173.93 -> 4174.4
Page-Fisher sweep 37/60: loss 4174.4 -> 4174.49
Page-Fisher sweep 38/60: loss 4174.49 -> 4174.81
Page-Fisher sweep 39/60: loss 4174.81 -> 4174.64
Page-Fisher sweep 40/60: loss 4174.64 -> 4174.29
Page-Fisher sweep 41/60: loss 4174.29 -> 4174.53
Page-Fisher sweep 42/60: loss 4174.53 -> 4174.57
Page-Fisher sweep 43/60: loss 4174.57 -> 4175.32
Page-Fisher sweep 44/60: loss 4175.32 -> 4175.44
Page-Fisher sweep 45/60: loss 4175.44 -> 4175.9
Page-Fisher sweep 46/60: loss 4175.9 -> 4175.74
Page-Fisher sweep 47/60: loss 4175.74 -> 4176.13
Page-Fisher sweep 48/60: loss 4176.13 -> 4176.32
Page-Fisher sweep 49/60: loss 4176.32 -> 4176.54
Page-Fisher sweep 50/60: loss 4176.54 -> 4177.04
Page-Fisher sweep 51/60: loss 4177.04 -> 4177.1
Page-Fisher sweep 52/60: loss 4177.1 -> 4177.57
Page-Fisher sweep 53/60: loss 4177.57 -> 4177.92
Page-Fisher sweep 54/60: loss 4177.92 -> 4178.35
Page-Fisher sweep 55/60: loss 4178.35 -> 4178.61
Page-Fisher sweep 56/60: loss 4178.61 -> 4178.84
Page-Fisher sweep 57/60: loss 4178.84 -> 4179.44
Page-Fisher sweep 58/60: loss 4179.44 -> 4179.93
Page-Fisher sweep 59/60: loss 4179.93 -> 4180.39
Page-Fisher sweep 60/60: loss 4180.39 -> 4180.77
{'stage': 'fit complete', 'layer': 6, 'losses': {'b16_r0': {'base_rank': 16, 'residual_rank': 0, 'fit_page_fisher_nmse': 1.0, 'validation_page_fisher_nmse': 1.0}, 'b16_r16': {'base_rank': 16, 'residual_rank': 16, 'fit_page_fisher_nmse': 0.06647702152579031, 'validation_page_fisher_nmse': 0.0765746913495082, 'sweeps': [{'sweep': 1, 'loss_before': 8816.08203125, 'loss_after_queries': 7395.462890625, 'loss_after_encoder': 5289.859375}, {'sweep': 2, 'loss_before': 5289.859375, 'loss_after_queries': 4802.62109375, 'loss_after_encoder': 4605.20654296875}, {'sweep': 3, 'loss_before': 4605.20654296875, 'loss_after_queries': 4483.533203125, 'loss_after_encoder': 4406.1904296875}, {'sweep': 4, 'loss_before': 4406.1904296875, 'loss_after_queries': 4354.2841796875, 'loss_after_encoder': 4317.23095703125}, {'sweep': 5, 'loss_before': 4317.23095703125, 'loss_after_queries': 4291.01318359375, 'loss_after_encoder': 4270.5556640625}, {'sweep': 6, 'loss_before': 4270.5556640625, 'loss_after_queries': 4255.4990234375, 'loss_after_encoder': 4242.97998046875}, {'sweep': 7, 'loss_before': 4242.97998046875, 'loss_after_queries': 4234.1865234375, 'loss_after_encoder': 4226.1552734375}, {'sweep': 8, 'loss_before': 4226.1552734375, 'loss_after_queries': 4220.45458984375, 'loss_after_encoder': 4214.7509765625}, {'sweep': 9, 'loss_before': 4214.7509765625, 'loss_after_queries': 4211.087890625, 'loss_after_encoder': 4206.8623046875}, {'sweep': 10, 'loss_before': 4206.8623046875, 'loss_after_queries': 4204.4462890625, 'loss_after_encoder': 4201.041015625}, {'sweep': 11, 'loss_before': 4201.041015625, 'loss_after_queries': 4199.552734375, 'loss_after_encoder': 4196.75048828125}, {'sweep': 12, 'loss_before': 4196.75048828125, 'loss_after_queries': 4195.2587890625, 'loss_after_encoder': 4192.78125}, {'sweep': 13, 'loss_before': 4192.78125, 'loss_after_queries': 4192.02001953125, 'loss_after_encoder': 4189.8203125}, {'sweep': 14, 'loss_before': 4189.8203125, 'loss_after_queries': 4189.1064453125, 'loss_after_encoder': 4187.08154296875}, {'sweep': 15, 'loss_before': 4187.08154296875, 'loss_after_queries': 4187.046875, 'loss_after_encoder': 4185.16748046875}, {'sweep': 16, 'loss_before': 4185.16748046875, 'loss_after_queries': 4184.9833984375, 'loss_after_encoder': 4183.23486328125}, {'sweep': 17, 'loss_before': 4183.23486328125, 'loss_after_queries': 4183.33349609375, 'loss_after_encoder': 4181.68798828125}, {'sweep': 18, 'loss_before': 4181.68798828125, 'loss_after_queries': 4181.99072265625, 'loss_after_encoder': 4180.52783203125}, {'sweep': 19, 'loss_before': 4180.52783203125, 'loss_after_queries': 4180.68701171875, 'loss_after_encoder': 4179.2978515625}, {'sweep': 20, 'loss_before': 4179.2978515625, 'loss_after_queries': 4179.755859375, 'loss_after_encoder': 4178.38671875}, {'sweep': 21, 'loss_before': 4178.38671875, 'loss_after_queries': 4179.1669921875, 'loss_after_encoder': 4177.89404296875}, {'sweep': 22, 'loss_before': 4177.89404296875, 'loss_after_queries': 4178.4443359375, 'loss_after_encoder': 4177.2041015625}, {'sweep': 23, 'loss_before': 4177.2041015625, 'loss_after_queries': 4178.30419921875, 'loss_after_encoder': 4177.1669921875}, {'sweep': 24, 'loss_before': 4177.1669921875, 'loss_after_queries': 4177.3701171875, 'loss_after_encoder': 4176.333984375}, {'sweep': 25, 'loss_before': 4176.333984375, 'loss_after_queries': 4177.416015625, 'loss_after_encoder': 4176.3388671875}, {'sweep': 26, 'loss_before': 4176.3388671875, 'loss_after_queries': 4176.462890625, 'loss_after_encoder': 4175.34521484375}, {'sweep': 27, 'loss_before': 4175.34521484375, 'loss_after_queries': 4175.9775390625, 'loss_after_encoder': 4174.86328125}, {'sweep': 28, 'loss_before': 4174.86328125, 'loss_after_queries': 4175.556640625, 'loss_after_encoder': 4174.40625}, {'sweep': 29, 'loss_before': 4174.40625, 'loss_after_queries': 4175.4091796875, 'loss_after_encoder': 4174.18896484375}, {'sweep': 30, 'loss_before': 4174.18896484375, 'loss_after_queries': 4174.78662109375, 'loss_after_encoder': 4173.615234375}, {'sweep': 31, 'loss_before': 4173.615234375, 'loss_after_queries': 4175.20849609375, 'loss_after_encoder': 4174.0244140625}, {'sweep': 32, 'loss_before': 4174.0244140625, 'loss_after_queries': 4174.54052734375, 'loss_after_encoder': 4173.478515625}, {'sweep': 33, 'loss_before': 4173.478515625, 'loss_after_queries': 4174.822265625, 'loss_after_encoder': 4173.84716796875}, {'sweep': 34, 'loss_before': 4173.84716796875, 'loss_after_queries': 4174.9453125, 'loss_after_encoder': 4174.0263671875}, {'sweep': 35, 'loss_before': 4174.0263671875, 'loss_after_queries': 4174.720703125, 'loss_after_encoder': 4173.92626953125}, {'sweep': 36, 'loss_before': 4173.92626953125, 'loss_after_queries': 4175.26953125, 'loss_after_encoder': 4174.3984375}, {'sweep': 37, 'loss_before': 4174.3984375, 'loss_after_queries': 4175.23388671875, 'loss_after_encoder': 4174.4853515625}, {'sweep': 38, 'loss_before': 4174.4853515625, 'loss_after_queries': 4175.53173828125, 'loss_after_encoder': 4174.8056640625}, {'sweep': 39, 'loss_before': 4174.8056640625, 'loss_after_queries': 4175.43115234375, 'loss_after_encoder': 4174.640625}, {'sweep': 40, 'loss_before': 4174.640625, 'loss_after_queries': 4175.025390625, 'loss_after_encoder': 4174.291015625}, {'sweep': 41, 'loss_before': 4174.291015625, 'loss_after_queries': 4175.21875, 'loss_after_encoder': 4174.52734375}, {'sweep': 42, 'loss_before': 4174.52734375, 'loss_after_queries': 4175.31640625, 'loss_after_encoder': 4174.56640625}, {'sweep': 43, 'loss_before': 4174.56640625, 'loss_after_queries': 4176.0498046875, 'loss_after_encoder': 4175.3193359375}, {'sweep': 44, 'loss_before': 4175.3193359375, 'loss_after_queries': 4176.1220703125, 'loss_after_encoder': 4175.43896484375}, {'sweep': 45, 'loss_before': 4175.43896484375, 'loss_after_queries': 4176.7314453125, 'loss_after_encoder': 4175.89697265625}, {'sweep': 46, 'loss_before': 4175.89697265625, 'loss_after_queries': 4176.45068359375, 'loss_after_encoder': 4175.7353515625}, {'sweep': 47, 'loss_before': 4175.7353515625, 'loss_after_queries': 4177.0263671875, 'loss_after_encoder': 4176.12841796875}, {'sweep': 48, 'loss_before': 4176.12841796875, 'loss_after_queries': 4177.171875, 'loss_after_encoder': 4176.3193359375}, {'sweep': 49, 'loss_before': 4176.3193359375, 'loss_after_queries': 4177.44677734375, 'loss_after_encoder': 4176.53759765625}, {'sweep': 50, 'loss_before': 4176.53759765625, 'loss_after_queries': 4177.9130859375, 'loss_after_encoder': 4177.03857421875}, {'sweep': 51, 'loss_before': 4177.03857421875, 'loss_after_queries': 4177.9755859375, 'loss_after_encoder': 4177.09716796875}, {'sweep': 52, 'loss_before': 4177.09716796875, 'loss_after_queries': 4178.56884765625, 'loss_after_encoder': 4177.57421875}, {'sweep': 53, 'loss_before': 4177.57421875, 'loss_after_queries': 4178.95654296875, 'loss_after_encoder': 4177.92041015625}, {'sweep': 54, 'loss_before': 4177.92041015625, 'loss_after_queries': 4179.28515625, 'loss_after_encoder': 4178.353515625}, {'sweep': 55, 'loss_before': 4178.353515625, 'loss_after_queries': 4179.5498046875, 'loss_after_encoder': 4178.607421875}, {'sweep': 56, 'loss_before': 4178.607421875, 'loss_after_queries': 4179.728515625, 'loss_after_encoder': 4178.83984375}, {'sweep': 57, 'loss_before': 4178.83984375, 'loss_after_queries': 4180.3642578125, 'loss_after_encoder': 4179.443359375}, {'sweep': 58, 'loss_before': 4179.443359375, 'loss_after_queries': 4180.6640625, 'loss_after_encoder': 4179.9287109375}, {'sweep': 59, 'loss_before': 4179.9287109375, 'loss_after_queries': 4181.2119140625, 'loss_after_encoder': 4180.390625}, {'sweep': 60, 'loss_before': 4180.390625, 'loss_after_queries': 4181.55712890625, 'loss_after_encoder': 4180.7685546875}], 'final_query_maximum_iterations': 50, 'final_query_maximum_relative_residual': 0.003068892052397132}}}
    fit residual router base=16 rank=16
Page-Fisher sweep 1/60: loss 11698.6 -> 7149.92
Page-Fisher sweep 2/60: loss 7149.92 -> 6265.9
Page-Fisher sweep 3/60: loss 6265.9 -> 5984.53
Page-Fisher sweep 4/60: loss 5984.53 -> 5866.29
Page-Fisher sweep 5/60: loss 5866.29 -> 5801.25
Page-Fisher sweep 6/60: loss 5801.25 -> 5764.9
Page-Fisher sweep 7/60: loss 5764.9 -> 5744.87
Page-Fisher sweep 8/60: loss 5744.87 -> 5732.03
Page-Fisher sweep 9/60: loss 5732.03 -> 5719.15
Page-Fisher sweep 10/60: loss 5719.15 -> 5706.7
Page-Fisher sweep 11/60: loss 5706.7 -> 5697.71
Page-Fisher sweep 12/60: loss 5697.71 -> 5685.92
Page-Fisher sweep 13/60: loss 5685.92 -> 5678.35
Page-Fisher sweep 14/60: loss 5678.35 -> 5671.36
Page-Fisher sweep 15/60: loss 5671.36 -> 5668.02
Page-Fisher sweep 16/60: loss 5668.02 -> 5665.08
Page-Fisher sweep 17/60: loss 5665.08 -> 5664.47
Page-Fisher sweep 18/60: loss 5664.47 -> 5660.89
Page-Fisher sweep 19/60: loss 5660.89 -> 5657.45
Page-Fisher sweep 20/60: loss 5657.45 -> 5654.72
Page-Fisher sweep 21/60: loss 5654.72 -> 5652.29
Page-Fisher sweep 22/60: loss 5652.29 -> 5649.28
Page-Fisher sweep 23/60: loss 5649.28 -> 5649.81
Page-Fisher sweep 24/60: loss 5649.81 -> 5649.65
Page-Fisher sweep 25/60: loss 5649.65 -> 5648.87
Page-Fisher sweep 26/60: loss 5648.87 -> 5647.89
Page-Fisher sweep 27/60: loss 5647.89 -> 5647.29
Page-Fisher sweep 28/60: loss 5647.29 -> 5648.68
Page-Fisher sweep 29/60: loss 5648.68 -> 5650.53
Page-Fisher sweep 30/60: loss 5650.53 -> 5647.21
Page-Fisher sweep 31/60: loss 5647.21 -> 5649.44
Page-Fisher sweep 32/60: loss 5649.44 -> 5649.81
Page-Fisher sweep 33/60: loss 5649.81 -> 5647.93
Page-Fisher sweep 34/60: loss 5647.93 -> 5648.3
Page-Fisher sweep 35/60: loss 5648.3 -> 5648.23
Page-Fisher sweep 36/60: loss 5648.23 -> 5649.44
Page-Fisher sweep 37/60: loss 5649.44 -> 5648.74
Page-Fisher sweep 38/60: loss 5648.74 -> 5648.7
Page-Fisher sweep 39/60: loss 5648.7 -> 5645.2
Page-Fisher sweep 40/60: loss 5645.2 -> 5646.67
Page-Fisher sweep 41/60: loss 5646.67 -> 5646.24
Page-Fisher sweep 42/60: loss 5646.24 -> 5645.65
Page-Fisher sweep 43/60: loss 5645.65 -> 5644.7
Page-Fisher sweep 44/60: loss 5644.7 -> 5644.03
Page-Fisher sweep 45/60: loss 5644.03 -> 5642.95
Page-Fisher sweep 46/60: loss 5642.95 -> 5644.19
Page-Fisher sweep 47/60: loss 5644.19 -> 5645.96
Page-Fisher sweep 48/60: loss 5645.96 -> 5645.66
Page-Fisher sweep 49/60: loss 5645.66 -> 5644.31
Page-Fisher sweep 50/60: loss 5644.31 -> 5643.51
Page-Fisher sweep 51/60: loss 5643.51 -> 5644.13
Page-Fisher sweep 52/60: loss 5644.13 -> 5642.47
Page-Fisher sweep 53/60: loss 5642.47 -> 5642.92
Page-Fisher sweep 54/60: loss 5642.92 -> 5644.14
Page-Fisher sweep 55/60: loss 5644.14 -> 5643.91
Page-Fisher sweep 56/60: loss 5643.91 -> 5643.75
Page-Fisher sweep 57/60: loss 5643.75 -> 5642.88
Page-Fisher sweep 58/60: loss 5642.88 -> 5642.19
Page-Fisher sweep 59/60: loss 5642.19 -> 5643.22
Page-Fisher sweep 60/60: loss 5643.22 -> 5641.79
{'stage': 'fit complete', 'layer': 7, 'losses': {'b16_r0': {'base_rank': 16, 'residual_rank': 0, 'fit_page_fisher_nmse': 1.0, 'validation_page_fisher_nmse': 1.0}, 'b16_r16': {'base_rank': 16, 'residual_rank': 16, 'fit_page_fisher_nmse': 0.01460026259444719, 'validation_page_fisher_nmse': 0.01862479632910145, 'sweeps': [{'sweep': 1, 'loss_before': 11698.578125, 'loss_after_queries': 9319.8037109375, 'loss_after_encoder': 7149.9248046875}, {'sweep': 2, 'loss_before': 7149.9248046875, 'loss_after_queries': 6534.08203125, 'loss_after_encoder': 6265.8955078125}, {'sweep': 3, 'loss_before': 6265.8955078125, 'loss_after_queries': 6083.47265625, 'loss_after_encoder': 5984.53125}, {'sweep': 4, 'loss_before': 5984.53125, 'loss_after_queries': 5907.2841796875, 'loss_after_encoder': 5866.29248046875}, {'sweep': 5, 'loss_before': 5866.29248046875, 'loss_after_queries': 5826.103515625, 'loss_after_encoder': 5801.25}, {'sweep': 6, 'loss_before': 5801.25, 'loss_after_queries': 5780.38525390625, 'loss_after_encoder': 5764.8955078125}, {'sweep': 7, 'loss_before': 5764.8955078125, 'loss_after_queries': 5754.22216796875, 'loss_after_encoder': 5744.8720703125}, {'sweep': 8, 'loss_before': 5744.8720703125, 'loss_after_queries': 5735.79248046875, 'loss_after_encoder': 5732.02685546875}, {'sweep': 9, 'loss_before': 5732.02685546875, 'loss_after_queries': 5723.09912109375, 'loss_after_encoder': 5719.1513671875}, {'sweep': 10, 'loss_before': 5719.1513671875, 'loss_after_queries': 5711.67822265625, 'loss_after_encoder': 5706.70166015625}, {'sweep': 11, 'loss_before': 5706.70166015625, 'loss_after_queries': 5702.962890625, 'loss_after_encoder': 5697.708984375}, {'sweep': 12, 'loss_before': 5697.708984375, 'loss_after_queries': 5694.0908203125, 'loss_after_encoder': 5685.91650390625}, {'sweep': 13, 'loss_before': 5685.91650390625, 'loss_after_queries': 5683.83935546875, 'loss_after_encoder': 5678.3544921875}, {'sweep': 14, 'loss_before': 5678.3544921875, 'loss_after_queries': 5676.6923828125, 'loss_after_encoder': 5671.3564453125}, {'sweep': 15, 'loss_before': 5671.3564453125, 'loss_after_queries': 5670.34619140625, 'loss_after_encoder': 5668.017578125}, {'sweep': 16, 'loss_before': 5668.017578125, 'loss_after_queries': 5666.12255859375, 'loss_after_encoder': 5665.0849609375}, {'sweep': 17, 'loss_before': 5665.0849609375, 'loss_after_queries': 5666.203125, 'loss_after_encoder': 5664.4697265625}, {'sweep': 18, 'loss_before': 5664.4697265625, 'loss_after_queries': 5664.25927734375, 'loss_after_encoder': 5660.89306640625}, {'sweep': 19, 'loss_before': 5660.89306640625, 'loss_after_queries': 5660.1064453125, 'loss_after_encoder': 5657.453125}, {'sweep': 20, 'loss_before': 5657.453125, 'loss_after_queries': 5658.15185546875, 'loss_after_encoder': 5654.7197265625}, {'sweep': 21, 'loss_before': 5654.7197265625, 'loss_after_queries': 5654.1796875, 'loss_after_encoder': 5652.2880859375}, {'sweep': 22, 'loss_before': 5652.2880859375, 'loss_after_queries': 5652.83203125, 'loss_after_encoder': 5649.275390625}, {'sweep': 23, 'loss_before': 5649.275390625, 'loss_after_queries': 5650.466796875, 'loss_after_encoder': 5649.80810546875}, {'sweep': 24, 'loss_before': 5649.80810546875, 'loss_after_queries': 5650.78515625, 'loss_after_encoder': 5649.6494140625}, {'sweep': 25, 'loss_before': 5649.6494140625, 'loss_after_queries': 5650.615234375, 'loss_after_encoder': 5648.865234375}, {'sweep': 26, 'loss_before': 5648.865234375, 'loss_after_queries': 5648.45458984375, 'loss_after_encoder': 5647.890625}, {'sweep': 27, 'loss_before': 5647.890625, 'loss_after_queries': 5649.1083984375, 'loss_after_encoder': 5647.28662109375}, {'sweep': 28, 'loss_before': 5647.28662109375, 'loss_after_queries': 5647.26171875, 'loss_after_encoder': 5648.68359375}, {'sweep': 29, 'loss_before': 5648.68359375, 'loss_after_queries': 5649.37890625, 'loss_after_encoder': 5650.533203125}, {'sweep': 30, 'loss_before': 5650.533203125, 'loss_after_queries': 5648.287109375, 'loss_after_encoder': 5647.2119140625}, {'sweep': 31, 'loss_before': 5647.2119140625, 'loss_after_queries': 5648.41455078125, 'loss_after_encoder': 5649.435546875}, {'sweep': 32, 'loss_before': 5649.435546875, 'loss_after_queries': 5648.4951171875, 'loss_after_encoder': 5649.81396484375}, {'sweep': 33, 'loss_before': 5649.81396484375, 'loss_after_queries': 5648.90673828125, 'loss_after_encoder': 5647.92724609375}, {'sweep': 34, 'loss_before': 5647.92724609375, 'loss_after_queries': 5648.9287109375, 'loss_after_encoder': 5648.3046875}, {'sweep': 35, 'loss_before': 5648.3046875, 'loss_after_queries': 5646.3564453125, 'loss_after_encoder': 5648.23388671875}, {'sweep': 36, 'loss_before': 5648.23388671875, 'loss_after_queries': 5647.123046875, 'loss_after_encoder': 5649.44384765625}, {'sweep': 37, 'loss_before': 5649.44384765625, 'loss_after_queries': 5650.234375, 'loss_after_encoder': 5648.73828125}, {'sweep': 38, 'loss_before': 5648.73828125, 'loss_after_queries': 5647.56591796875, 'loss_after_encoder': 5648.703125}, {'sweep': 39, 'loss_before': 5648.703125, 'loss_after_queries': 5648.73681640625, 'loss_after_encoder': 5645.19580078125}, {'sweep': 40, 'loss_before': 5645.19580078125, 'loss_after_queries': 5643.92333984375, 'loss_after_encoder': 5646.6650390625}, {'sweep': 41, 'loss_before': 5646.6650390625, 'loss_after_queries': 5646.6865234375, 'loss_after_encoder': 5646.23828125}, {'sweep': 42, 'loss_before': 5646.23828125, 'loss_after_queries': 5646.7421875, 'loss_after_encoder': 5645.65380859375}, {'sweep': 43, 'loss_before': 5645.65380859375, 'loss_after_queries': 5644.4462890625, 'loss_after_encoder': 5644.70068359375}, {'sweep': 44, 'loss_before': 5644.70068359375, 'loss_after_queries': 5644.3701171875, 'loss_after_encoder': 5644.0322265625}, {'sweep': 45, 'loss_before': 5644.0322265625, 'loss_after_queries': 5643.37158203125, 'loss_after_encoder': 5642.94921875}, {'sweep': 46, 'loss_before': 5642.94921875, 'loss_after_queries': 5645.64306640625, 'loss_after_encoder': 5644.1904296875}, {'sweep': 47, 'loss_before': 5644.1904296875, 'loss_after_queries': 5644.89990234375, 'loss_after_encoder': 5645.962890625}, {'sweep': 48, 'loss_before': 5645.962890625, 'loss_after_queries': 5646.724609375, 'loss_after_encoder': 5645.65771484375}, {'sweep': 49, 'loss_before': 5645.65771484375, 'loss_after_queries': 5645.2783203125, 'loss_after_encoder': 5644.3115234375}, {'sweep': 50, 'loss_before': 5644.3115234375, 'loss_after_queries': 5644.126953125, 'loss_after_encoder': 5643.51123046875}, {'sweep': 51, 'loss_before': 5643.51123046875, 'loss_after_queries': 5645.46875, 'loss_after_encoder': 5644.12890625}, {'sweep': 52, 'loss_before': 5644.12890625, 'loss_after_queries': 5643.41064453125, 'loss_after_encoder': 5642.466796875}, {'sweep': 53, 'loss_before': 5642.466796875, 'loss_after_queries': 5642.9638671875, 'loss_after_encoder': 5642.9228515625}, {'sweep': 54, 'loss_before': 5642.9228515625, 'loss_after_queries': 5644.970703125, 'loss_after_encoder': 5644.13671875}, {'sweep': 55, 'loss_before': 5644.13671875, 'loss_after_queries': 5644.4521484375, 'loss_after_encoder': 5643.91357421875}, {'sweep': 56, 'loss_before': 5643.91357421875, 'loss_after_queries': 5645.36279296875, 'loss_after_encoder': 5643.7509765625}, {'sweep': 57, 'loss_before': 5643.7509765625, 'loss_after_queries': 5645.0810546875, 'loss_after_encoder': 5642.884765625}, {'sweep': 58, 'loss_before': 5642.884765625, 'loss_after_queries': 5643.51123046875, 'loss_after_encoder': 5642.18896484375}, {'sweep': 59, 'loss_before': 5642.18896484375, 'loss_after_queries': 5643.62353515625, 'loss_after_encoder': 5643.22314453125}, {'sweep': 60, 'loss_before': 5643.22314453125, 'loss_after_queries': 5644.22314453125, 'loss_after_encoder': 5641.7939453125}], 'final_query_maximum_iterations': 50, 'final_query_maximum_relative_residual': 0.0031194232869893312}}}
FIT COMPLETE
