/workspace/conda/envs/basis/bin/python -u -m evaluation.fit_k_routing_streaming base --identity /workspace/runs/l31-v96/identity.json --windows /workspace/runs/l31-cal128/calibration/windows.safetensors --moments-root /workspace/runs/l31-dense128/router --output /workspace/runs/l31-v96/router --sequence-length 131072 --fit-count 32 --diagnostic-count 16 --sweeps 60 --pcg-iterations 50 --layers 8,9,10,11,12,13,14,15
/workspace/conda/envs/basis/bin/python -u -m evaluation.fit_k_routing_streaming fisher --identity /workspace/runs/l31-v96/identity.json --windows /workspace/runs/l31-cal128/calibration/windows.safetensors --moments-root /workspace/runs/l31-dense128/router --output /workspace/runs/l31-v96/router --sequence-length 131072 --fit-count 32 --diagnostic-count 16 --sweeps 60 --pcg-iterations 50 --layers 8,9,10,11,12,13,14,15
Loading weights:   0%|          | 0/291 [00:00<?, ?it/s]Loading weights: 100%|██████████| 291/291 [00:00<00:00, 13144.47it/s]
  residual features/Fisher window=1/1 Q=64
  residual features/Fisher window=1/1 Q=64
  residual features/Fisher window=1/1 Q=64
  residual features/Fisher window=1/1 Q=64
  residual features/Fisher window=1/1 Q=64
  residual features/Fisher window=1/1 Q=64
  residual features/Fisher window=1/1 Q=64
  residual features/Fisher window=1/1 Q=64
{'stage': 'fisher', 'window': 0, 'layers': [8, 9, 10, 11, 12, 13, 14, 15]}
  residual features/Fisher window=1/1 Q=64
  residual features/Fisher window=1/1 Q=64
  residual features/Fisher window=1/1 Q=64
  residual features/Fisher window=1/1 Q=64
  residual features/Fisher window=1/1 Q=64
  residual features/Fisher window=1/1 Q=64
  residual features/Fisher window=1/1 Q=64
  residual features/Fisher window=1/1 Q=64
{'stage': 'fisher', 'window': 1, 'layers': [8, 9, 10, 11, 12, 13, 14, 15]}
  residual features/Fisher window=1/1 Q=64
  residual features/Fisher window=1/1 Q=64
  residual features/Fisher window=1/1 Q=64
  residual features/Fisher window=1/1 Q=64
  residual features/Fisher window=1/1 Q=64
  residual features/Fisher window=1/1 Q=64
  residual features/Fisher window=1/1 Q=64
  residual features/Fisher window=1/1 Q=64
{'stage': 'fisher', 'window': 2, 'layers': [8, 9, 10, 11, 12, 13, 14, 15]}
  residual features/Fisher window=1/1 Q=64
  residual features/Fisher window=1/1 Q=64
  residual features/Fisher window=1/1 Q=64
  residual features/Fisher window=1/1 Q=64
  residual features/Fisher window=1/1 Q=64
  residual features/Fisher window=1/1 Q=64
  residual features/Fisher window=1/1 Q=64
  residual features/Fisher window=1/1 Q=64
{'stage': 'fisher', 'window': 3, 'layers': [8, 9, 10, 11, 12, 13, 14, 15]}
  residual features/Fisher window=1/1 Q=64
  residual features/Fisher window=1/1 Q=64
  residual features/Fisher window=1/1 Q=64
  residual features/Fisher window=1/1 Q=64
  residual features/Fisher window=1/1 Q=64
  residual features/Fisher window=1/1 Q=64
  residual features/Fisher window=1/1 Q=64
  residual features/Fisher window=1/1 Q=64
{'stage': 'fisher', 'window': 4, 'layers': [8, 9, 10, 11, 12, 13, 14, 15]}
  residual features/Fisher window=1/1 Q=64
  residual features/Fisher window=1/1 Q=64
  residual features/Fisher window=1/1 Q=64
  residual features/Fisher window=1/1 Q=64
  residual features/Fisher window=1/1 Q=64
  residual features/Fisher window=1/1 Q=64
  residual features/Fisher window=1/1 Q=64
  residual features/Fisher window=1/1 Q=64
{'stage': 'fisher', 'window': 5, 'layers': [8, 9, 10, 11, 12, 13, 14, 15]}
  residual features/Fisher window=1/1 Q=64
  residual features/Fisher window=1/1 Q=64
  residual features/Fisher window=1/1 Q=64
  residual features/Fisher window=1/1 Q=64
  residual features/Fisher window=1/1 Q=64
  residual features/Fisher window=1/1 Q=64
  residual features/Fisher window=1/1 Q=64
  residual features/Fisher window=1/1 Q=64
{'stage': 'fisher', 'window': 6, 'layers': [8, 9, 10, 11, 12, 13, 14, 15]}
  residual features/Fisher window=1/1 Q=64
  residual features/Fisher window=1/1 Q=64
  residual features/Fisher window=1/1 Q=64
  residual features/Fisher window=1/1 Q=64
  residual features/Fisher window=1/1 Q=64
  residual features/Fisher window=1/1 Q=64
  residual features/Fisher window=1/1 Q=64
  residual features/Fisher window=1/1 Q=64
{'stage': 'fisher', 'window': 7, 'layers': [8, 9, 10, 11, 12, 13, 14, 15]}
  residual features/Fisher window=1/1 Q=64
  residual features/Fisher window=1/1 Q=64
  residual features/Fisher window=1/1 Q=64
  residual features/Fisher window=1/1 Q=64
  residual features/Fisher window=1/1 Q=64
  residual features/Fisher window=1/1 Q=64
  residual features/Fisher window=1/1 Q=64
  residual features/Fisher window=1/1 Q=64
{'stage': 'fisher', 'window': 8, 'layers': [8, 9, 10, 11, 12, 13, 14, 15]}
  residual features/Fisher window=1/1 Q=64
  residual features/Fisher window=1/1 Q=64
  residual features/Fisher window=1/1 Q=64
  residual features/Fisher window=1/1 Q=64
  residual features/Fisher window=1/1 Q=64
  residual features/Fisher window=1/1 Q=64
  residual features/Fisher window=1/1 Q=64
  residual features/Fisher window=1/1 Q=64
{'stage': 'fisher', 'window': 9, 'layers': [8, 9, 10, 11, 12, 13, 14, 15]}
  residual features/Fisher window=1/1 Q=64
  residual features/Fisher window=1/1 Q=64
  residual features/Fisher window=1/1 Q=64
  residual features/Fisher window=1/1 Q=64
  residual features/Fisher window=1/1 Q=64
  residual features/Fisher window=1/1 Q=64
  residual features/Fisher window=1/1 Q=64
  residual features/Fisher window=1/1 Q=64
{'stage': 'fisher', 'window': 10, 'layers': [8, 9, 10, 11, 12, 13, 14, 15]}
  residual features/Fisher window=1/1 Q=64
  residual features/Fisher window=1/1 Q=64
  residual features/Fisher window=1/1 Q=64
  residual features/Fisher window=1/1 Q=64
  residual features/Fisher window=1/1 Q=64
  residual features/Fisher window=1/1 Q=64
  residual features/Fisher window=1/1 Q=64
  residual features/Fisher window=1/1 Q=64
{'stage': 'fisher', 'window': 11, 'layers': [8, 9, 10, 11, 12, 13, 14, 15]}
  residual features/Fisher window=1/1 Q=64
  residual features/Fisher window=1/1 Q=64
  residual features/Fisher window=1/1 Q=64
  residual features/Fisher window=1/1 Q=64
  residual features/Fisher window=1/1 Q=64
  residual features/Fisher window=1/1 Q=64
  residual features/Fisher window=1/1 Q=64
  residual features/Fisher window=1/1 Q=64
{'stage': 'fisher', 'window': 12, 'layers': [8, 9, 10, 11, 12, 13, 14, 15]}
  residual features/Fisher window=1/1 Q=64
  residual features/Fisher window=1/1 Q=64
  residual features/Fisher window=1/1 Q=64
  residual features/Fisher window=1/1 Q=64
  residual features/Fisher window=1/1 Q=64
  residual features/Fisher window=1/1 Q=64
  residual features/Fisher window=1/1 Q=64
  residual features/Fisher window=1/1 Q=64
{'stage': 'fisher', 'window': 13, 'layers': [8, 9, 10, 11, 12, 13, 14, 15]}
  residual features/Fisher window=1/1 Q=64
  residual features/Fisher window=1/1 Q=64
  residual features/Fisher window=1/1 Q=64
  residual features/Fisher window=1/1 Q=64
  residual features/Fisher window=1/1 Q=64
  residual features/Fisher window=1/1 Q=64
  residual features/Fisher window=1/1 Q=64
  residual features/Fisher window=1/1 Q=64
{'stage': 'fisher', 'window': 14, 'layers': [8, 9, 10, 11, 12, 13, 14, 15]}
  residual features/Fisher window=1/1 Q=64
  residual features/Fisher window=1/1 Q=64
  residual features/Fisher window=1/1 Q=64
  residual features/Fisher window=1/1 Q=64
  residual features/Fisher window=1/1 Q=64
  residual features/Fisher window=1/1 Q=64
  residual features/Fisher window=1/1 Q=64
  residual features/Fisher window=1/1 Q=64
{'stage': 'fisher', 'window': 15, 'layers': [8, 9, 10, 11, 12, 13, 14, 15]}
  residual features/Fisher window=1/1 Q=64
  residual features/Fisher window=1/1 Q=64
  residual features/Fisher window=1/1 Q=64
  residual features/Fisher window=1/1 Q=64
  residual features/Fisher window=1/1 Q=64
  residual features/Fisher window=1/1 Q=64
  residual features/Fisher window=1/1 Q=64
  residual features/Fisher window=1/1 Q=64
{'stage': 'fisher', 'window': 16, 'layers': [8, 9, 10, 11, 12, 13, 14, 15]}
  residual features/Fisher window=1/1 Q=64
  residual features/Fisher window=1/1 Q=64
  residual features/Fisher window=1/1 Q=64
  residual features/Fisher window=1/1 Q=64
  residual features/Fisher window=1/1 Q=64
  residual features/Fisher window=1/1 Q=64
  residual features/Fisher window=1/1 Q=64
  residual features/Fisher window=1/1 Q=64
{'stage': 'fisher', 'window': 17, 'layers': [8, 9, 10, 11, 12, 13, 14, 15]}
  residual features/Fisher window=1/1 Q=64
  residual features/Fisher window=1/1 Q=64
  residual features/Fisher window=1/1 Q=64
  residual features/Fisher window=1/1 Q=64
  residual features/Fisher window=1/1 Q=64
  residual features/Fisher window=1/1 Q=64
  residual features/Fisher window=1/1 Q=64
  residual features/Fisher window=1/1 Q=64
{'stage': 'fisher', 'window': 18, 'layers': [8, 9, 10, 11, 12, 13, 14, 15]}
  residual features/Fisher window=1/1 Q=64
  residual features/Fisher window=1/1 Q=64
  residual features/Fisher window=1/1 Q=64
  residual features/Fisher window=1/1 Q=64
  residual features/Fisher window=1/1 Q=64
  residual features/Fisher window=1/1 Q=64
  residual features/Fisher window=1/1 Q=64
  residual features/Fisher window=1/1 Q=64
{'stage': 'fisher', 'window': 19, 'layers': [8, 9, 10, 11, 12, 13, 14, 15]}
  residual features/Fisher window=1/1 Q=64
  residual features/Fisher window=1/1 Q=64
  residual features/Fisher window=1/1 Q=64
  residual features/Fisher window=1/1 Q=64
  residual features/Fisher window=1/1 Q=64
  residual features/Fisher window=1/1 Q=64
  residual features/Fisher window=1/1 Q=64
  residual features/Fisher window=1/1 Q=64
{'stage': 'fisher', 'window': 20, 'layers': [8, 9, 10, 11, 12, 13, 14, 15]}
  residual features/Fisher window=1/1 Q=64
  residual features/Fisher window=1/1 Q=64
  residual features/Fisher window=1/1 Q=64
  residual features/Fisher window=1/1 Q=64
  residual features/Fisher window=1/1 Q=64
  residual features/Fisher window=1/1 Q=64
  residual features/Fisher window=1/1 Q=64
  residual features/Fisher window=1/1 Q=64
{'stage': 'fisher', 'window': 21, 'layers': [8, 9, 10, 11, 12, 13, 14, 15]}
  residual features/Fisher window=1/1 Q=64
  residual features/Fisher window=1/1 Q=64
  residual features/Fisher window=1/1 Q=64
  residual features/Fisher window=1/1 Q=64
  residual features/Fisher window=1/1 Q=64
  residual features/Fisher window=1/1 Q=64
  residual features/Fisher window=1/1 Q=64
  residual features/Fisher window=1/1 Q=64
{'stage': 'fisher', 'window': 22, 'layers': [8, 9, 10, 11, 12, 13, 14, 15]}
  residual features/Fisher window=1/1 Q=64
  residual features/Fisher window=1/1 Q=64
  residual features/Fisher window=1/1 Q=64
  residual features/Fisher window=1/1 Q=64
  residual features/Fisher window=1/1 Q=64
  residual features/Fisher window=1/1 Q=64
  residual features/Fisher window=1/1 Q=64
  residual features/Fisher window=1/1 Q=64
{'stage': 'fisher', 'window': 23, 'layers': [8, 9, 10, 11, 12, 13, 14, 15]}
  residual features/Fisher window=1/1 Q=64
  residual features/Fisher window=1/1 Q=64
  residual features/Fisher window=1/1 Q=64
  residual features/Fisher window=1/1 Q=64
  residual features/Fisher window=1/1 Q=64
  residual features/Fisher window=1/1 Q=64
  residual features/Fisher window=1/1 Q=64
  residual features/Fisher window=1/1 Q=64
{'stage': 'fisher', 'window': 24, 'layers': [8, 9, 10, 11, 12, 13, 14, 15]}
  residual features/Fisher window=1/1 Q=64
  residual features/Fisher window=1/1 Q=64
  residual features/Fisher window=1/1 Q=64
  residual features/Fisher window=1/1 Q=64
  residual features/Fisher window=1/1 Q=64
  residual features/Fisher window=1/1 Q=64
  residual features/Fisher window=1/1 Q=64
  residual features/Fisher window=1/1 Q=64
{'stage': 'fisher', 'window': 25, 'layers': [8, 9, 10, 11, 12, 13, 14, 15]}
  residual features/Fisher window=1/1 Q=64
  residual features/Fisher window=1/1 Q=64
  residual features/Fisher window=1/1 Q=64
  residual features/Fisher window=1/1 Q=64
  residual features/Fisher window=1/1 Q=64
  residual features/Fisher window=1/1 Q=64
  residual features/Fisher window=1/1 Q=64
  residual features/Fisher window=1/1 Q=64
{'stage': 'fisher', 'window': 26, 'layers': [8, 9, 10, 11, 12, 13, 14, 15]}
  residual features/Fisher window=1/1 Q=64
  residual features/Fisher window=1/1 Q=64
  residual features/Fisher window=1/1 Q=64
  residual features/Fisher window=1/1 Q=64
  residual features/Fisher window=1/1 Q=64
  residual features/Fisher window=1/1 Q=64
  residual features/Fisher window=1/1 Q=64
  residual features/Fisher window=1/1 Q=64
{'stage': 'fisher', 'window': 27, 'layers': [8, 9, 10, 11, 12, 13, 14, 15]}
  residual features/Fisher window=1/1 Q=64
  residual features/Fisher window=1/1 Q=64
  residual features/Fisher window=1/1 Q=64
  residual features/Fisher window=1/1 Q=64
  residual features/Fisher window=1/1 Q=64
  residual features/Fisher window=1/1 Q=64
  residual features/Fisher window=1/1 Q=64
  residual features/Fisher window=1/1 Q=64
{'stage': 'fisher', 'window': 28, 'layers': [8, 9, 10, 11, 12, 13, 14, 15]}
  residual features/Fisher window=1/1 Q=64
  residual features/Fisher window=1/1 Q=64
  residual features/Fisher window=1/1 Q=64
  residual features/Fisher window=1/1 Q=64
  residual features/Fisher window=1/1 Q=64
  residual features/Fisher window=1/1 Q=64
  residual features/Fisher window=1/1 Q=64
  residual features/Fisher window=1/1 Q=64
{'stage': 'fisher', 'window': 29, 'layers': [8, 9, 10, 11, 12, 13, 14, 15]}
  residual features/Fisher window=1/1 Q=64
  residual features/Fisher window=1/1 Q=64
  residual features/Fisher window=1/1 Q=64
  residual features/Fisher window=1/1 Q=64
  residual features/Fisher window=1/1 Q=64
  residual features/Fisher window=1/1 Q=64
  residual features/Fisher window=1/1 Q=64
  residual features/Fisher window=1/1 Q=64
{'stage': 'fisher', 'window': 30, 'layers': [8, 9, 10, 11, 12, 13, 14, 15]}
  residual features/Fisher window=1/1 Q=64
  residual features/Fisher window=1/1 Q=64
  residual features/Fisher window=1/1 Q=64
  residual features/Fisher window=1/1 Q=64
  residual features/Fisher window=1/1 Q=64
  residual features/Fisher window=1/1 Q=64
  residual features/Fisher window=1/1 Q=64
  residual features/Fisher window=1/1 Q=64
{'stage': 'fisher', 'window': 31, 'layers': [8, 9, 10, 11, 12, 13, 14, 15]}
  residual features/Fisher window=1/1 Q=32
  residual features/Fisher window=1/1 Q=32
  residual features/Fisher window=1/1 Q=32
  residual features/Fisher window=1/1 Q=32
  residual features/Fisher window=1/1 Q=32
  residual features/Fisher window=1/1 Q=32
  residual features/Fisher window=1/1 Q=32
  residual features/Fisher window=1/1 Q=32
{'stage': 'fisher', 'window': 32, 'layers': [8, 9, 10, 11, 12, 13, 14, 15]}
  residual features/Fisher window=1/1 Q=32
  residual features/Fisher window=1/1 Q=32
  residual features/Fisher window=1/1 Q=32
  residual features/Fisher window=1/1 Q=32
  residual features/Fisher window=1/1 Q=32
  residual features/Fisher window=1/1 Q=32
  residual features/Fisher window=1/1 Q=32
  residual features/Fisher window=1/1 Q=32
{'stage': 'fisher', 'window': 33, 'layers': [8, 9, 10, 11, 12, 13, 14, 15]}
  residual features/Fisher window=1/1 Q=32
  residual features/Fisher window=1/1 Q=32
  residual features/Fisher window=1/1 Q=32
  residual features/Fisher window=1/1 Q=32
  residual features/Fisher window=1/1 Q=32
  residual features/Fisher window=1/1 Q=32
  residual features/Fisher window=1/1 Q=32
  residual features/Fisher window=1/1 Q=32
{'stage': 'fisher', 'window': 34, 'layers': [8, 9, 10, 11, 12, 13, 14, 15]}
  residual features/Fisher window=1/1 Q=32
  residual features/Fisher window=1/1 Q=32
  residual features/Fisher window=1/1 Q=32
  residual features/Fisher window=1/1 Q=32
  residual features/Fisher window=1/1 Q=32
  residual features/Fisher window=1/1 Q=32
  residual features/Fisher window=1/1 Q=32
  residual features/Fisher window=1/1 Q=32
{'stage': 'fisher', 'window': 35, 'layers': [8, 9, 10, 11, 12, 13, 14, 15]}
  residual features/Fisher window=1/1 Q=32
  residual features/Fisher window=1/1 Q=32
  residual features/Fisher window=1/1 Q=32
  residual features/Fisher window=1/1 Q=32
  residual features/Fisher window=1/1 Q=32
  residual features/Fisher window=1/1 Q=32
  residual features/Fisher window=1/1 Q=32
  residual features/Fisher window=1/1 Q=32
{'stage': 'fisher', 'window': 36, 'layers': [8, 9, 10, 11, 12, 13, 14, 15]}
  residual features/Fisher window=1/1 Q=32
  residual features/Fisher window=1/1 Q=32
  residual features/Fisher window=1/1 Q=32
  residual features/Fisher window=1/1 Q=32
  residual features/Fisher window=1/1 Q=32
  residual features/Fisher window=1/1 Q=32
  residual features/Fisher window=1/1 Q=32
  residual features/Fisher window=1/1 Q=32
{'stage': 'fisher', 'window': 37, 'layers': [8, 9, 10, 11, 12, 13, 14, 15]}
  residual features/Fisher window=1/1 Q=32
  residual features/Fisher window=1/1 Q=32
  residual features/Fisher window=1/1 Q=32
  residual features/Fisher window=1/1 Q=32
  residual features/Fisher window=1/1 Q=32
  residual features/Fisher window=1/1 Q=32
  residual features/Fisher window=1/1 Q=32
  residual features/Fisher window=1/1 Q=32
{'stage': 'fisher', 'window': 38, 'layers': [8, 9, 10, 11, 12, 13, 14, 15]}
  residual features/Fisher window=1/1 Q=32
  residual features/Fisher window=1/1 Q=32
  residual features/Fisher window=1/1 Q=32
  residual features/Fisher window=1/1 Q=32
  residual features/Fisher window=1/1 Q=32
  residual features/Fisher window=1/1 Q=32
  residual features/Fisher window=1/1 Q=32
  residual features/Fisher window=1/1 Q=32
{'stage': 'fisher', 'window': 39, 'layers': [8, 9, 10, 11, 12, 13, 14, 15]}
  residual features/Fisher window=1/1 Q=32
  residual features/Fisher window=1/1 Q=32
  residual features/Fisher window=1/1 Q=32
  residual features/Fisher window=1/1 Q=32
  residual features/Fisher window=1/1 Q=32
  residual features/Fisher window=1/1 Q=32
  residual features/Fisher window=1/1 Q=32
  residual features/Fisher window=1/1 Q=32
{'stage': 'fisher', 'window': 40, 'layers': [8, 9, 10, 11, 12, 13, 14, 15]}
  residual features/Fisher window=1/1 Q=32
  residual features/Fisher window=1/1 Q=32
  residual features/Fisher window=1/1 Q=32
  residual features/Fisher window=1/1 Q=32
  residual features/Fisher window=1/1 Q=32
  residual features/Fisher window=1/1 Q=32
  residual features/Fisher window=1/1 Q=32
  residual features/Fisher window=1/1 Q=32
{'stage': 'fisher', 'window': 41, 'layers': [8, 9, 10, 11, 12, 13, 14, 15]}
  residual features/Fisher window=1/1 Q=32
  residual features/Fisher window=1/1 Q=32
  residual features/Fisher window=1/1 Q=32
  residual features/Fisher window=1/1 Q=32
  residual features/Fisher window=1/1 Q=32
  residual features/Fisher window=1/1 Q=32
  residual features/Fisher window=1/1 Q=32
  residual features/Fisher window=1/1 Q=32
{'stage': 'fisher', 'window': 42, 'layers': [8, 9, 10, 11, 12, 13, 14, 15]}
  residual features/Fisher window=1/1 Q=32
  residual features/Fisher window=1/1 Q=32
  residual features/Fisher window=1/1 Q=32
  residual features/Fisher window=1/1 Q=32
  residual features/Fisher window=1/1 Q=32
  residual features/Fisher window=1/1 Q=32
  residual features/Fisher window=1/1 Q=32
  residual features/Fisher window=1/1 Q=32
{'stage': 'fisher', 'window': 43, 'layers': [8, 9, 10, 11, 12, 13, 14, 15]}
  residual features/Fisher window=1/1 Q=32
  residual features/Fisher window=1/1 Q=32
  residual features/Fisher window=1/1 Q=32
  residual features/Fisher window=1/1 Q=32
  residual features/Fisher window=1/1 Q=32
  residual features/Fisher window=1/1 Q=32
  residual features/Fisher window=1/1 Q=32
  residual features/Fisher window=1/1 Q=32
{'stage': 'fisher', 'window': 44, 'layers': [8, 9, 10, 11, 12, 13, 14, 15]}
  residual features/Fisher window=1/1 Q=32
  residual features/Fisher window=1/1 Q=32
  residual features/Fisher window=1/1 Q=32
  residual features/Fisher window=1/1 Q=32
  residual features/Fisher window=1/1 Q=32
  residual features/Fisher window=1/1 Q=32
  residual features/Fisher window=1/1 Q=32
  residual features/Fisher window=1/1 Q=32
{'stage': 'fisher', 'window': 45, 'layers': [8, 9, 10, 11, 12, 13, 14, 15]}
  residual features/Fisher window=1/1 Q=32
  residual features/Fisher window=1/1 Q=32
  residual features/Fisher window=1/1 Q=32
  residual features/Fisher window=1/1 Q=32
  residual features/Fisher window=1/1 Q=32
  residual features/Fisher window=1/1 Q=32
  residual features/Fisher window=1/1 Q=32
  residual features/Fisher window=1/1 Q=32
{'stage': 'fisher', 'window': 46, 'layers': [8, 9, 10, 11, 12, 13, 14, 15]}
  residual features/Fisher window=1/1 Q=32
  residual features/Fisher window=1/1 Q=32
  residual features/Fisher window=1/1 Q=32
  residual features/Fisher window=1/1 Q=32
  residual features/Fisher window=1/1 Q=32
  residual features/Fisher window=1/1 Q=32
  residual features/Fisher window=1/1 Q=32
  residual features/Fisher window=1/1 Q=32
{'stage': 'fisher', 'window': 47, 'layers': [8, 9, 10, 11, 12, 13, 14, 15]}
/workspace/conda/envs/basis/bin/python -u -m evaluation.fit_k_routing_streaming fit --identity /workspace/runs/l31-v96/identity.json --windows /workspace/runs/l31-cal128/calibration/windows.safetensors --moments-root /workspace/runs/l31-dense128/router --output /workspace/runs/l31-v96/router --sequence-length 131072 --fit-count 32 --diagnostic-count 16 --sweeps 60 --pcg-iterations 50 --layers 8,9,10,11,12,13,14,15
    fit residual router base=16 rank=16
Page-Fisher sweep 1/60: loss 13438 -> 8095.82
Page-Fisher sweep 2/60: loss 8095.82 -> 7216.21
Page-Fisher sweep 3/60: loss 7216.21 -> 6943.62
Page-Fisher sweep 4/60: loss 6943.62 -> 6824.14
Page-Fisher sweep 5/60: loss 6824.14 -> 6759.32
Page-Fisher sweep 6/60: loss 6759.32 -> 6719.81
Page-Fisher sweep 7/60: loss 6719.81 -> 6695.07
Page-Fisher sweep 8/60: loss 6695.07 -> 6678.52
Page-Fisher sweep 9/60: loss 6678.52 -> 6667.64
Page-Fisher sweep 10/60: loss 6667.64 -> 6660.05
Page-Fisher sweep 11/60: loss 6660.05 -> 6655.06
Page-Fisher sweep 12/60: loss 6655.06 -> 6652.17
Page-Fisher sweep 13/60: loss 6652.17 -> 6648.66
Page-Fisher sweep 14/60: loss 6648.66 -> 6646.3
Page-Fisher sweep 15/60: loss 6646.3 -> 6644.92
Page-Fisher sweep 16/60: loss 6644.92 -> 6642.34
Page-Fisher sweep 17/60: loss 6642.34 -> 6639.87
Page-Fisher sweep 18/60: loss 6639.87 -> 6638.01
Page-Fisher sweep 19/60: loss 6638.01 -> 6636.64
Page-Fisher sweep 20/60: loss 6636.64 -> 6636.41
Page-Fisher sweep 21/60: loss 6636.41 -> 6635.73
Page-Fisher sweep 22/60: loss 6635.73 -> 6635.63
Page-Fisher sweep 23/60: loss 6635.63 -> 6634.45
Page-Fisher sweep 24/60: loss 6634.45 -> 6634.83
Page-Fisher sweep 25/60: loss 6634.83 -> 6633.33
Page-Fisher sweep 26/60: loss 6633.33 -> 6633.04
Page-Fisher sweep 27/60: loss 6633.04 -> 6631.76
Page-Fisher sweep 28/60: loss 6631.76 -> 6631.61
Page-Fisher sweep 29/60: loss 6631.61 -> 6630.62
Page-Fisher sweep 30/60: loss 6630.62 -> 6629.38
Page-Fisher sweep 31/60: loss 6629.38 -> 6627.25
Page-Fisher sweep 32/60: loss 6627.25 -> 6626.79
Page-Fisher sweep 33/60: loss 6626.79 -> 6626.32
Page-Fisher sweep 34/60: loss 6626.32 -> 6625.33
Page-Fisher sweep 35/60: loss 6625.33 -> 6624.68
Page-Fisher sweep 36/60: loss 6624.68 -> 6624.23
Page-Fisher sweep 37/60: loss 6624.23 -> 6623.79
Page-Fisher sweep 38/60: loss 6623.79 -> 6622.62
Page-Fisher sweep 39/60: loss 6622.62 -> 6621.97
Page-Fisher sweep 40/60: loss 6621.97 -> 6621.3
Page-Fisher sweep 41/60: loss 6621.3 -> 6620.72
Page-Fisher sweep 42/60: loss 6620.72 -> 6619.83
Page-Fisher sweep 43/60: loss 6619.83 -> 6619.7
Page-Fisher sweep 44/60: loss 6619.7 -> 6619.51
Page-Fisher sweep 45/60: loss 6619.51 -> 6618.27
Page-Fisher sweep 46/60: loss 6618.27 -> 6618.48
Page-Fisher sweep 47/60: loss 6618.48 -> 6618.22
Page-Fisher sweep 48/60: loss 6618.22 -> 6617.7
Page-Fisher sweep 49/60: loss 6617.7 -> 6616.96
Page-Fisher sweep 50/60: loss 6616.96 -> 6616.84
Page-Fisher sweep 51/60: loss 6616.84 -> 6617.43
Page-Fisher sweep 52/60: loss 6617.43 -> 6616.85
Page-Fisher sweep 53/60: loss 6616.85 -> 6616.58
Page-Fisher sweep 54/60: loss 6616.58 -> 6616.08
Page-Fisher sweep 55/60: loss 6616.08 -> 6616.26
Page-Fisher sweep 56/60: loss 6616.26 -> 6616.23
Page-Fisher sweep 57/60: loss 6616.23 -> 6615.49
Page-Fisher sweep 58/60: loss 6615.49 -> 6615.63
Page-Fisher sweep 59/60: loss 6615.63 -> 6616.42
Page-Fisher sweep 60/60: loss 6616.42 -> 6615.68
{'stage': 'fit complete', 'layer': 8, 'losses': {'b16_r0': {'base_rank': 16, 'residual_rank': 0, 'fit_page_fisher_nmse': 1.0, 'validation_page_fisher_nmse': 1.0}, 'b16_r16': {'base_rank': 16, 'residual_rank': 16, 'fit_page_fisher_nmse': 0.03817616913841438, 'validation_page_fisher_nmse': 0.0484139735690094, 'sweeps': [{'sweep': 1, 'loss_before': 13438.005859375, 'loss_after_queries': 10683.15625, 'loss_after_encoder': 8095.8203125}, {'sweep': 2, 'loss_before': 8095.8203125, 'loss_after_queries': 7488.44140625, 'loss_after_encoder': 7216.20947265625}, {'sweep': 3, 'loss_before': 7216.20947265625, 'loss_after_queries': 7048.84375, 'loss_after_encoder': 6943.6240234375}, {'sweep': 4, 'loss_before': 6943.6240234375, 'loss_after_queries': 6874.02001953125, 'loss_after_encoder': 6824.14013671875}, {'sweep': 5, 'loss_before': 6824.14013671875, 'loss_after_queries': 6788.12744140625, 'loss_after_encoder': 6759.3203125}, {'sweep': 6, 'loss_before': 6759.3203125, 'loss_after_queries': 6737.9462890625, 'loss_after_encoder': 6719.8056640625}, {'sweep': 7, 'loss_before': 6719.8056640625, 'loss_after_queries': 6707.6279296875, 'loss_after_encoder': 6695.06787109375}, {'sweep': 8, 'loss_before': 6695.06787109375, 'loss_after_queries': 6686.83837890625, 'loss_after_encoder': 6678.52197265625}, {'sweep': 9, 'loss_before': 6678.52197265625, 'loss_after_queries': 6673.83740234375, 'loss_after_encoder': 6667.6416015625}, {'sweep': 10, 'loss_before': 6667.6416015625, 'loss_after_queries': 6664.51611328125, 'loss_after_encoder': 6660.0546875}, {'sweep': 11, 'loss_before': 6660.0546875, 'loss_after_queries': 6658.2841796875, 'loss_after_encoder': 6655.05908203125}, {'sweep': 12, 'loss_before': 6655.05908203125, 'loss_after_queries': 6654.990234375, 'loss_after_encoder': 6652.1748046875}, {'sweep': 13, 'loss_before': 6652.1748046875, 'loss_after_queries': 6650.935546875, 'loss_after_encoder': 6648.65625}, {'sweep': 14, 'loss_before': 6648.65625, 'loss_after_queries': 6649.53125, 'loss_after_encoder': 6646.3046875}, {'sweep': 15, 'loss_before': 6646.3046875, 'loss_after_queries': 6646.935546875, 'loss_after_encoder': 6644.916015625}, {'sweep': 16, 'loss_before': 6644.916015625, 'loss_after_queries': 6645.390625, 'loss_after_encoder': 6642.34033203125}, {'sweep': 17, 'loss_before': 6642.34033203125, 'loss_after_queries': 6642.87890625, 'loss_after_encoder': 6639.86767578125}, {'sweep': 18, 'loss_before': 6639.86767578125, 'loss_after_queries': 6640.7021484375, 'loss_after_encoder': 6638.005859375}, {'sweep': 19, 'loss_before': 6638.005859375, 'loss_after_queries': 6639.2919921875, 'loss_after_encoder': 6636.64208984375}, {'sweep': 20, 'loss_before': 6636.64208984375, 'loss_after_queries': 6638.0654296875, 'loss_after_encoder': 6636.40869140625}, {'sweep': 21, 'loss_before': 6636.40869140625, 'loss_after_queries': 6637.23583984375, 'loss_after_encoder': 6635.72509765625}, {'sweep': 22, 'loss_before': 6635.72509765625, 'loss_after_queries': 6637.19482421875, 'loss_after_encoder': 6635.62646484375}, {'sweep': 23, 'loss_before': 6635.62646484375, 'loss_after_queries': 6636.70068359375, 'loss_after_encoder': 6634.45263671875}, {'sweep': 24, 'loss_before': 6634.45263671875, 'loss_after_queries': 6635.7978515625, 'loss_after_encoder': 6634.833984375}, {'sweep': 25, 'loss_before': 6634.833984375, 'loss_after_queries': 6634.44970703125, 'loss_after_encoder': 6633.330078125}, {'sweep': 26, 'loss_before': 6633.330078125, 'loss_after_queries': 6634.0048828125, 'loss_after_encoder': 6633.041015625}, {'sweep': 27, 'loss_before': 6633.041015625, 'loss_after_queries': 6632.80859375, 'loss_after_encoder': 6631.7578125}, {'sweep': 28, 'loss_before': 6631.7578125, 'loss_after_queries': 6632.33056640625, 'loss_after_encoder': 6631.6064453125}, {'sweep': 29, 'loss_before': 6631.6064453125, 'loss_after_queries': 6631.76611328125, 'loss_after_encoder': 6630.6171875}, {'sweep': 30, 'loss_before': 6630.6171875, 'loss_after_queries': 6630.73046875, 'loss_after_encoder': 6629.37890625}, {'sweep': 31, 'loss_before': 6629.37890625, 'loss_after_queries': 6628.55859375, 'loss_after_encoder': 6627.248046875}, {'sweep': 32, 'loss_before': 6627.248046875, 'loss_after_queries': 6627.49951171875, 'loss_after_encoder': 6626.7919921875}, {'sweep': 33, 'loss_before': 6626.7919921875, 'loss_after_queries': 6627.375, 'loss_after_encoder': 6626.31982421875}, {'sweep': 34, 'loss_before': 6626.31982421875, 'loss_after_queries': 6625.98974609375, 'loss_after_encoder': 6625.3330078125}, {'sweep': 35, 'loss_before': 6625.3330078125, 'loss_after_queries': 6625.71826171875, 'loss_after_encoder': 6624.67626953125}, {'sweep': 36, 'loss_before': 6624.67626953125, 'loss_after_queries': 6624.99267578125, 'loss_after_encoder': 6624.2333984375}, {'sweep': 37, 'loss_before': 6624.2333984375, 'loss_after_queries': 6624.376953125, 'loss_after_encoder': 6623.7919921875}, {'sweep': 38, 'loss_before': 6623.7919921875, 'loss_after_queries': 6623.666015625, 'loss_after_encoder': 6622.62060546875}, {'sweep': 39, 'loss_before': 6622.62060546875, 'loss_after_queries': 6623.287109375, 'loss_after_encoder': 6621.9697265625}, {'sweep': 40, 'loss_before': 6621.9697265625, 'loss_after_queries': 6621.9453125, 'loss_after_encoder': 6621.3017578125}, {'sweep': 41, 'loss_before': 6621.3017578125, 'loss_after_queries': 6621.90576171875, 'loss_after_encoder': 6620.71630859375}, {'sweep': 42, 'loss_before': 6620.71630859375, 'loss_after_queries': 6620.896484375, 'loss_after_encoder': 6619.826171875}, {'sweep': 43, 'loss_before': 6619.826171875, 'loss_after_queries': 6620.2373046875, 'loss_after_encoder': 6619.70166015625}, {'sweep': 44, 'loss_before': 6619.70166015625, 'loss_after_queries': 6620.36279296875, 'loss_after_encoder': 6619.509765625}, {'sweep': 45, 'loss_before': 6619.509765625, 'loss_after_queries': 6619.12353515625, 'loss_after_encoder': 6618.2666015625}, {'sweep': 46, 'loss_before': 6618.2666015625, 'loss_after_queries': 6619.44384765625, 'loss_after_encoder': 6618.47705078125}, {'sweep': 47, 'loss_before': 6618.47705078125, 'loss_after_queries': 6619.01806640625, 'loss_after_encoder': 6618.2177734375}, {'sweep': 48, 'loss_before': 6618.2177734375, 'loss_after_queries': 6618.33837890625, 'loss_after_encoder': 6617.70068359375}, {'sweep': 49, 'loss_before': 6617.70068359375, 'loss_after_queries': 6617.4921875, 'loss_after_encoder': 6616.9609375}, {'sweep': 50, 'loss_before': 6616.9609375, 'loss_after_queries': 6617.6416015625, 'loss_after_encoder': 6616.8369140625}, {'sweep': 51, 'loss_before': 6616.8369140625, 'loss_after_queries': 6618.2548828125, 'loss_after_encoder': 6617.4326171875}, {'sweep': 52, 'loss_before': 6617.4326171875, 'loss_after_queries': 6617.51416015625, 'loss_after_encoder': 6616.8466796875}, {'sweep': 53, 'loss_before': 6616.8466796875, 'loss_after_queries': 6617.14501953125, 'loss_after_encoder': 6616.5791015625}, {'sweep': 54, 'loss_before': 6616.5791015625, 'loss_after_queries': 6617.01806640625, 'loss_after_encoder': 6616.08251953125}, {'sweep': 55, 'loss_before': 6616.08251953125, 'loss_after_queries': 6616.63330078125, 'loss_after_encoder': 6616.2607421875}, {'sweep': 56, 'loss_before': 6616.2607421875, 'loss_after_queries': 6617.11865234375, 'loss_after_encoder': 6616.23291015625}, {'sweep': 57, 'loss_before': 6616.23291015625, 'loss_after_queries': 6616.22509765625, 'loss_after_encoder': 6615.49169921875}, {'sweep': 58, 'loss_before': 6615.49169921875, 'loss_after_queries': 6616.443359375, 'loss_after_encoder': 6615.6298828125}, {'sweep': 59, 'loss_before': 6615.6298828125, 'loss_after_queries': 6616.95703125, 'loss_after_encoder': 6616.41552734375}, {'sweep': 60, 'loss_before': 6616.41552734375, 'loss_after_queries': 6616.26171875, 'loss_after_encoder': 6615.67724609375}], 'final_query_maximum_iterations': 50, 'final_query_maximum_relative_residual': 0.0022421684116125107}}}
    fit residual router base=16 rank=16
Page-Fisher sweep 1/60: loss 13866.2 -> 8399.98
Page-Fisher sweep 2/60: loss 8399.98 -> 7415.28
Page-Fisher sweep 3/60: loss 7415.28 -> 7156.97
Page-Fisher sweep 4/60: loss 7156.97 -> 7028.91
Page-Fisher sweep 5/60: loss 7028.91 -> 6955.97
Page-Fisher sweep 6/60: loss 6955.97 -> 6913.65
Page-Fisher sweep 7/60: loss 6913.65 -> 6888.44
Page-Fisher sweep 8/60: loss 6888.44 -> 6871.51
Page-Fisher sweep 9/60: loss 6871.51 -> 6858.03
Page-Fisher sweep 10/60: loss 6858.03 -> 6849.35
Page-Fisher sweep 11/60: loss 6849.35 -> 6842.22
Page-Fisher sweep 12/60: loss 6842.22 -> 6835.09
Page-Fisher sweep 13/60: loss 6835.09 -> 6829.79
Page-Fisher sweep 14/60: loss 6829.79 -> 6824.55
Page-Fisher sweep 15/60: loss 6824.55 -> 6822.01
Page-Fisher sweep 16/60: loss 6822.01 -> 6819.98
Page-Fisher sweep 17/60: loss 6819.98 -> 6817.01
Page-Fisher sweep 18/60: loss 6817.01 -> 6814.36
Page-Fisher sweep 19/60: loss 6814.36 -> 6813.18
Page-Fisher sweep 20/60: loss 6813.18 -> 6813.55
Page-Fisher sweep 21/60: loss 6813.55 -> 6811.99
Page-Fisher sweep 22/60: loss 6811.99 -> 6810.33
Page-Fisher sweep 23/60: loss 6810.33 -> 6808.25
Page-Fisher sweep 24/60: loss 6808.25 -> 6808.79
Page-Fisher sweep 25/60: loss 6808.79 -> 6807.25
Page-Fisher sweep 26/60: loss 6807.25 -> 6809.06
Page-Fisher sweep 27/60: loss 6809.06 -> 6806.18
Page-Fisher sweep 28/60: loss 6806.18 -> 6807.71
Page-Fisher sweep 29/60: loss 6807.71 -> 6807.79
Page-Fisher sweep 30/60: loss 6807.79 -> 6807.56
Page-Fisher sweep 31/60: loss 6807.56 -> 6804.47
Page-Fisher sweep 32/60: loss 6804.47 -> 6804.17
Page-Fisher sweep 33/60: loss 6804.17 -> 6806.44
Page-Fisher sweep 34/60: loss 6806.44 -> 6807
Page-Fisher sweep 35/60: loss 6807 -> 6805.05
Page-Fisher sweep 36/60: loss 6805.05 -> 6806.41
Page-Fisher sweep 37/60: loss 6806.41 -> 6804.7
Page-Fisher sweep 38/60: loss 6804.7 -> 6805.21
Page-Fisher sweep 39/60: loss 6805.21 -> 6804.96
Page-Fisher sweep 40/60: loss 6804.96 -> 6805.85
Page-Fisher sweep 41/60: loss 6805.85 -> 6806.67
Page-Fisher sweep 42/60: loss 6806.67 -> 6806.15
Page-Fisher sweep 43/60: loss 6806.15 -> 6806.39
Page-Fisher sweep 44/60: loss 6806.39 -> 6806.23
Page-Fisher sweep 45/60: loss 6806.23 -> 6806.57
Page-Fisher sweep 46/60: loss 6806.57 -> 6807.33
Page-Fisher sweep 47/60: loss 6807.33 -> 6805.87
Page-Fisher sweep 48/60: loss 6805.87 -> 6806.94
Page-Fisher sweep 49/60: loss 6806.94 -> 6807.75
Page-Fisher sweep 50/60: loss 6807.75 -> 6807.93
Page-Fisher sweep 51/60: loss 6807.93 -> 6807.47
Page-Fisher sweep 52/60: loss 6807.47 -> 6807.46
Page-Fisher sweep 53/60: loss 6807.46 -> 6806.66
Page-Fisher sweep 54/60: loss 6806.66 -> 6807.76
Page-Fisher sweep 55/60: loss 6807.76 -> 6808.63
Page-Fisher sweep 56/60: loss 6808.63 -> 6810.21
Page-Fisher sweep 57/60: loss 6810.21 -> 6812.47
Page-Fisher sweep 58/60: loss 6812.47 -> 6811.58
Page-Fisher sweep 59/60: loss 6811.58 -> 6813.28
Page-Fisher sweep 60/60: loss 6813.28 -> 6814.63
{'stage': 'fit complete', 'layer': 9, 'losses': {'b16_r0': {'base_rank': 16, 'residual_rank': 0, 'fit_page_fisher_nmse': 1.0, 'validation_page_fisher_nmse': 1.0}, 'b16_r16': {'base_rank': 16, 'residual_rank': 16, 'fit_page_fisher_nmse': 0.029212134487737233, 'validation_page_fisher_nmse': 0.03417305022084404, 'sweeps': [{'sweep': 1, 'loss_before': 13866.1923828125, 'loss_after_queries': 11571.0634765625, 'loss_after_encoder': 8399.984375}, {'sweep': 2, 'loss_before': 8399.984375, 'loss_after_queries': 7678.9072265625, 'loss_after_encoder': 7415.279296875}, {'sweep': 3, 'loss_before': 7415.279296875, 'loss_after_queries': 7255.34228515625, 'loss_after_encoder': 7156.9658203125}, {'sweep': 4, 'loss_before': 7156.9658203125, 'loss_after_queries': 7079.3212890625, 'loss_after_encoder': 7028.9091796875}, {'sweep': 5, 'loss_before': 7028.9091796875, 'loss_after_queries': 6985.7177734375, 'loss_after_encoder': 6955.97021484375}, {'sweep': 6, 'loss_before': 6955.97021484375, 'loss_after_queries': 6931.9013671875, 'loss_after_encoder': 6913.6455078125}, {'sweep': 7, 'loss_before': 6913.6455078125, 'loss_after_queries': 6899.0224609375, 'loss_after_encoder': 6888.4365234375}, {'sweep': 8, 'loss_before': 6888.4365234375, 'loss_after_queries': 6879.8857421875, 'loss_after_encoder': 6871.50634765625}, {'sweep': 9, 'loss_before': 6871.50634765625, 'loss_after_queries': 6864.349609375, 'loss_after_encoder': 6858.03125}, {'sweep': 10, 'loss_before': 6858.03125, 'loss_after_queries': 6854.7470703125, 'loss_after_encoder': 6849.353515625}, {'sweep': 11, 'loss_before': 6849.353515625, 'loss_after_queries': 6846.6982421875, 'loss_after_encoder': 6842.22216796875}, {'sweep': 12, 'loss_before': 6842.22216796875, 'loss_after_queries': 6838.48779296875, 'loss_after_encoder': 6835.087890625}, {'sweep': 13, 'loss_before': 6835.087890625, 'loss_after_queries': 6833.4833984375, 'loss_after_encoder': 6829.79296875}, {'sweep': 14, 'loss_before': 6829.79296875, 'loss_after_queries': 6826.8642578125, 'loss_after_encoder': 6824.55078125}, {'sweep': 15, 'loss_before': 6824.55078125, 'loss_after_queries': 6823.7060546875, 'loss_after_encoder': 6822.013671875}, {'sweep': 16, 'loss_before': 6822.013671875, 'loss_after_queries': 6821.396484375, 'loss_after_encoder': 6819.9775390625}, {'sweep': 17, 'loss_before': 6819.9775390625, 'loss_after_queries': 6818.67724609375, 'loss_after_encoder': 6817.0068359375}, {'sweep': 18, 'loss_before': 6817.0068359375, 'loss_after_queries': 6817.11474609375, 'loss_after_encoder': 6814.359375}, {'sweep': 19, 'loss_before': 6814.359375, 'loss_after_queries': 6814.572265625, 'loss_after_encoder': 6813.1787109375}, {'sweep': 20, 'loss_before': 6813.1787109375, 'loss_after_queries': 6813.6708984375, 'loss_after_encoder': 6813.5478515625}, {'sweep': 21, 'loss_before': 6813.5478515625, 'loss_after_queries': 6813.1123046875, 'loss_after_encoder': 6811.98876953125}, {'sweep': 22, 'loss_before': 6811.98876953125, 'loss_after_queries': 6812.1640625, 'loss_after_encoder': 6810.3291015625}, {'sweep': 23, 'loss_before': 6810.3291015625, 'loss_after_queries': 6809.5107421875, 'loss_after_encoder': 6808.2470703125}, {'sweep': 24, 'loss_before': 6808.2470703125, 'loss_after_queries': 6809.8212890625, 'loss_after_encoder': 6808.78662109375}, {'sweep': 25, 'loss_before': 6808.78662109375, 'loss_after_queries': 6808.67724609375, 'loss_after_encoder': 6807.24951171875}, {'sweep': 26, 'loss_before': 6807.24951171875, 'loss_after_queries': 6809.1337890625, 'loss_after_encoder': 6809.06298828125}, {'sweep': 27, 'loss_before': 6809.06298828125, 'loss_after_queries': 6808.60595703125, 'loss_after_encoder': 6806.181640625}, {'sweep': 28, 'loss_before': 6806.181640625, 'loss_after_queries': 6808.35107421875, 'loss_after_encoder': 6807.7060546875}, {'sweep': 29, 'loss_before': 6807.7060546875, 'loss_after_queries': 6809.41162109375, 'loss_after_encoder': 6807.7939453125}, {'sweep': 30, 'loss_before': 6807.7939453125, 'loss_after_queries': 6809.400390625, 'loss_after_encoder': 6807.5576171875}, {'sweep': 31, 'loss_before': 6807.5576171875, 'loss_after_queries': 6806.01611328125, 'loss_after_encoder': 6804.4677734375}, {'sweep': 32, 'loss_before': 6804.4677734375, 'loss_after_queries': 6806.369140625, 'loss_after_encoder': 6804.1650390625}, {'sweep': 33, 'loss_before': 6804.1650390625, 'loss_after_queries': 6806.60791015625, 'loss_after_encoder': 6806.4375}, {'sweep': 34, 'loss_before': 6806.4375, 'loss_after_queries': 6806.65478515625, 'loss_after_encoder': 6807.0009765625}, {'sweep': 35, 'loss_before': 6807.0009765625, 'loss_after_queries': 6808.77490234375, 'loss_after_encoder': 6805.05224609375}, {'sweep': 36, 'loss_before': 6805.05224609375, 'loss_after_queries': 6805.0283203125, 'loss_after_encoder': 6806.40966796875}, {'sweep': 37, 'loss_before': 6806.40966796875, 'loss_after_queries': 6808.1796875, 'loss_after_encoder': 6804.69921875}, {'sweep': 38, 'loss_before': 6804.69921875, 'loss_after_queries': 6806.201171875, 'loss_after_encoder': 6805.21142578125}, {'sweep': 39, 'loss_before': 6805.21142578125, 'loss_after_queries': 6805.83349609375, 'loss_after_encoder': 6804.9638671875}, {'sweep': 40, 'loss_before': 6804.9638671875, 'loss_after_queries': 6805.4638671875, 'loss_after_encoder': 6805.85107421875}, {'sweep': 41, 'loss_before': 6805.85107421875, 'loss_after_queries': 6807.759765625, 'loss_after_encoder': 6806.6650390625}, {'sweep': 42, 'loss_before': 6806.6650390625, 'loss_after_queries': 6807.76513671875, 'loss_after_encoder': 6806.14697265625}, {'sweep': 43, 'loss_before': 6806.14697265625, 'loss_after_queries': 6807.0263671875, 'loss_after_encoder': 6806.3916015625}, {'sweep': 44, 'loss_before': 6806.3916015625, 'loss_after_queries': 6807.1796875, 'loss_after_encoder': 6806.2294921875}, {'sweep': 45, 'loss_before': 6806.2294921875, 'loss_after_queries': 6807.8818359375, 'loss_after_encoder': 6806.56640625}, {'sweep': 46, 'loss_before': 6806.56640625, 'loss_after_queries': 6808.46435546875, 'loss_after_encoder': 6807.3330078125}, {'sweep': 47, 'loss_before': 6807.3330078125, 'loss_after_queries': 6807.17138671875, 'loss_after_encoder': 6805.8740234375}, {'sweep': 48, 'loss_before': 6805.8740234375, 'loss_after_queries': 6806.91455078125, 'loss_after_encoder': 6806.9404296875}, {'sweep': 49, 'loss_before': 6806.9404296875, 'loss_after_queries': 6806.587890625, 'loss_after_encoder': 6807.751953125}, {'sweep': 50, 'loss_before': 6807.751953125, 'loss_after_queries': 6808.4287109375, 'loss_after_encoder': 6807.9296875}, {'sweep': 51, 'loss_before': 6807.9296875, 'loss_after_queries': 6807.8388671875, 'loss_after_encoder': 6807.46533203125}, {'sweep': 52, 'loss_before': 6807.46533203125, 'loss_after_queries': 6807.4404296875, 'loss_after_encoder': 6807.4638671875}, {'sweep': 53, 'loss_before': 6807.4638671875, 'loss_after_queries': 6806.60546875, 'loss_after_encoder': 6806.6611328125}, {'sweep': 54, 'loss_before': 6806.6611328125, 'loss_after_queries': 6807.6787109375, 'loss_after_encoder': 6807.7607421875}, {'sweep': 55, 'loss_before': 6807.7607421875, 'loss_after_queries': 6808.17578125, 'loss_after_encoder': 6808.6318359375}, {'sweep': 56, 'loss_before': 6808.6318359375, 'loss_after_queries': 6808.2841796875, 'loss_after_encoder': 6810.2109375}, {'sweep': 57, 'loss_before': 6810.2109375, 'loss_after_queries': 6811.59814453125, 'loss_after_encoder': 6812.47265625}, {'sweep': 58, 'loss_before': 6812.47265625, 'loss_after_queries': 6811.6845703125, 'loss_after_encoder': 6811.57666015625}, {'sweep': 59, 'loss_before': 6811.57666015625, 'loss_after_queries': 6811.787109375, 'loss_after_encoder': 6813.28125}, {'sweep': 60, 'loss_before': 6813.28125, 'loss_after_queries': 6813.7265625, 'loss_after_encoder': 6814.630859375}], 'final_query_maximum_iterations': 50, 'final_query_maximum_relative_residual': 0.002184688812121749}}}
    fit residual router base=16 rank=16
Page-Fisher sweep 1/60: loss 17872.8 -> 11049.1
Page-Fisher sweep 2/60: loss 11049.1 -> 10041
Page-Fisher sweep 3/60: loss 10041 -> 9793.17
Page-Fisher sweep 4/60: loss 9793.17 -> 9673.42
Page-Fisher sweep 5/60: loss 9673.42 -> 9601.74
Page-Fisher sweep 6/60: loss 9601.74 -> 9554.95
Page-Fisher sweep 7/60: loss 9554.95 -> 9521.76
Page-Fisher sweep 8/60: loss 9521.76 -> 9498.06
Page-Fisher sweep 9/60: loss 9498.06 -> 9478.88
Page-Fisher sweep 10/60: loss 9478.88 -> 9465.99
Page-Fisher sweep 11/60: loss 9465.99 -> 9456.37
Page-Fisher sweep 12/60: loss 9456.37 -> 9450.86
Page-Fisher sweep 13/60: loss 9450.86 -> 9445.16
Page-Fisher sweep 14/60: loss 9445.16 -> 9440.09
Page-Fisher sweep 15/60: loss 9440.09 -> 9437.57
Page-Fisher sweep 16/60: loss 9437.57 -> 9434.74
Page-Fisher sweep 17/60: loss 9434.74 -> 9431.64
Page-Fisher sweep 18/60: loss 9431.64 -> 9429.34
Page-Fisher sweep 19/60: loss 9429.34 -> 9428.07
Page-Fisher sweep 20/60: loss 9428.07 -> 9425.82
Page-Fisher sweep 21/60: loss 9425.82 -> 9424.68
Page-Fisher sweep 22/60: loss 9424.68 -> 9422.96
Page-Fisher sweep 23/60: loss 9422.96 -> 9422.68
Page-Fisher sweep 24/60: loss 9422.68 -> 9421.61
Page-Fisher sweep 25/60: loss 9421.61 -> 9421.75
Page-Fisher sweep 26/60: loss 9421.75 -> 9421.03
Page-Fisher sweep 27/60: loss 9421.03 -> 9420.05
Page-Fisher sweep 28/60: loss 9420.05 -> 9420.92
Page-Fisher sweep 29/60: loss 9420.92 -> 9421.67
Page-Fisher sweep 30/60: loss 9421.67 -> 9419.9
Page-Fisher sweep 31/60: loss 9419.9 -> 9419.83
Page-Fisher sweep 32/60: loss 9419.83 -> 9419.81
Page-Fisher sweep 33/60: loss 9419.81 -> 9420.32
Page-Fisher sweep 34/60: loss 9420.32 -> 9419.49
Page-Fisher sweep 35/60: loss 9419.49 -> 9418.52
Page-Fisher sweep 36/60: loss 9418.52 -> 9418.08
Page-Fisher sweep 37/60: loss 9418.08 -> 9416.5
Page-Fisher sweep 38/60: loss 9416.5 -> 9416.29
Page-Fisher sweep 39/60: loss 9416.29 -> 9416.59
Page-Fisher sweep 40/60: loss 9416.59 -> 9416.09
Page-Fisher sweep 41/60: loss 9416.09 -> 9417.15
Page-Fisher sweep 42/60: loss 9417.15 -> 9418.6
Page-Fisher sweep 43/60: loss 9418.6 -> 9419.49
Page-Fisher sweep 44/60: loss 9419.49 -> 9421.04
Page-Fisher sweep 45/60: loss 9421.04 -> 9422.47
Page-Fisher sweep 46/60: loss 9422.47 -> 9424.8
Page-Fisher sweep 47/60: loss 9424.8 -> 9426.33
Page-Fisher sweep 48/60: loss 9426.33 -> 9427.81
Page-Fisher sweep 49/60: loss 9427.81 -> 9428.63
Page-Fisher sweep 50/60: loss 9428.63 -> 9427.97
Page-Fisher sweep 51/60: loss 9427.97 -> 9430.06
Page-Fisher sweep 52/60: loss 9430.06 -> 9428.36
Page-Fisher sweep 53/60: loss 9428.36 -> 9427.55
Page-Fisher sweep 54/60: loss 9427.55 -> 9427.24
Page-Fisher sweep 55/60: loss 9427.24 -> 9427.46
Page-Fisher sweep 56/60: loss 9427.46 -> 9426.78
Page-Fisher sweep 57/60: loss 9426.78 -> 9426.53
Page-Fisher sweep 58/60: loss 9426.53 -> 9425.45
Page-Fisher sweep 59/60: loss 9425.45 -> 9425.89
Page-Fisher sweep 60/60: loss 9425.89 -> 9425.26
{'stage': 'fit complete', 'layer': 10, 'losses': {'b16_r0': {'base_rank': 16, 'residual_rank': 0, 'fit_page_fisher_nmse': 1.0, 'validation_page_fisher_nmse': 1.0}, 'b16_r16': {'base_rank': 16, 'residual_rank': 16, 'fit_page_fisher_nmse': 0.04578762217863586, 'validation_page_fisher_nmse': 0.05303176371649574, 'sweeps': [{'sweep': 1, 'loss_before': 17872.76171875, 'loss_after_queries': 14507.0703125, 'loss_after_encoder': 11049.14453125}, {'sweep': 2, 'loss_before': 11049.14453125, 'loss_after_queries': 10293.9912109375, 'loss_after_encoder': 10041.0458984375}, {'sweep': 3, 'loss_before': 10041.0458984375, 'loss_after_queries': 9887.484375, 'loss_after_encoder': 9793.1650390625}, {'sweep': 4, 'loss_before': 9793.1650390625, 'loss_after_queries': 9722.0341796875, 'loss_after_encoder': 9673.419921875}, {'sweep': 5, 'loss_before': 9673.419921875, 'loss_after_queries': 9631.5263671875, 'loss_after_encoder': 9601.7431640625}, {'sweep': 6, 'loss_before': 9601.7431640625, 'loss_after_queries': 9574.98828125, 'loss_after_encoder': 9554.947265625}, {'sweep': 7, 'loss_before': 9554.947265625, 'loss_after_queries': 9536.126953125, 'loss_after_encoder': 9521.7607421875}, {'sweep': 8, 'loss_before': 9521.7607421875, 'loss_after_queries': 9509.216796875, 'loss_after_encoder': 9498.05859375}, {'sweep': 9, 'loss_before': 9498.05859375, 'loss_after_queries': 9487.13671875, 'loss_after_encoder': 9478.875}, {'sweep': 10, 'loss_before': 9478.875, 'loss_after_queries': 9473.1484375, 'loss_after_encoder': 9465.9892578125}, {'sweep': 11, 'loss_before': 9465.9892578125, 'loss_after_queries': 9462.423828125, 'loss_after_encoder': 9456.3681640625}, {'sweep': 12, 'loss_before': 9456.3681640625, 'loss_after_queries': 9456.3212890625, 'loss_after_encoder': 9450.857421875}, {'sweep': 13, 'loss_before': 9450.857421875, 'loss_after_queries': 9450.5419921875, 'loss_after_encoder': 9445.16015625}, {'sweep': 14, 'loss_before': 9445.16015625, 'loss_after_queries': 9444.46875, 'loss_after_encoder': 9440.09375}, {'sweep': 15, 'loss_before': 9440.09375, 'loss_after_queries': 9442.16796875, 'loss_after_encoder': 9437.572265625}, {'sweep': 16, 'loss_before': 9437.572265625, 'loss_after_queries': 9439.0771484375, 'loss_after_encoder': 9434.744140625}, {'sweep': 17, 'loss_before': 9434.744140625, 'loss_after_queries': 9436.0498046875, 'loss_after_encoder': 9431.6416015625}, {'sweep': 18, 'loss_before': 9431.6416015625, 'loss_after_queries': 9433.154296875, 'loss_after_encoder': 9429.3408203125}, {'sweep': 19, 'loss_before': 9429.3408203125, 'loss_after_queries': 9432.134765625, 'loss_after_encoder': 9428.072265625}, {'sweep': 20, 'loss_before': 9428.072265625, 'loss_after_queries': 9429.53515625, 'loss_after_encoder': 9425.822265625}, {'sweep': 21, 'loss_before': 9425.822265625, 'loss_after_queries': 9427.908203125, 'loss_after_encoder': 9424.6796875}, {'sweep': 22, 'loss_before': 9424.6796875, 'loss_after_queries': 9426.306640625, 'loss_after_encoder': 9422.958984375}, {'sweep': 23, 'loss_before': 9422.958984375, 'loss_after_queries': 9425.99609375, 'loss_after_encoder': 9422.681640625}, {'sweep': 24, 'loss_before': 9422.681640625, 'loss_after_queries': 9425.0458984375, 'loss_after_encoder': 9421.609375}, {'sweep': 25, 'loss_before': 9421.609375, 'loss_after_queries': 9425.236328125, 'loss_after_encoder': 9421.748046875}, {'sweep': 26, 'loss_before': 9421.748046875, 'loss_after_queries': 9424.50390625, 'loss_after_encoder': 9421.033203125}, {'sweep': 27, 'loss_before': 9421.033203125, 'loss_after_queries': 9423.3994140625, 'loss_after_encoder': 9420.046875}, {'sweep': 28, 'loss_before': 9420.046875, 'loss_after_queries': 9423.697265625, 'loss_after_encoder': 9420.916015625}, {'sweep': 29, 'loss_before': 9420.916015625, 'loss_after_queries': 9424.7578125, 'loss_after_encoder': 9421.6650390625}, {'sweep': 30, 'loss_before': 9421.6650390625, 'loss_after_queries': 9422.8388671875, 'loss_after_encoder': 9419.904296875}, {'sweep': 31, 'loss_before': 9419.904296875, 'loss_after_queries': 9422.556640625, 'loss_after_encoder': 9419.828125}, {'sweep': 32, 'loss_before': 9419.828125, 'loss_after_queries': 9422.62109375, 'loss_after_encoder': 9419.814453125}, {'sweep': 33, 'loss_before': 9419.814453125, 'loss_after_queries': 9423.0029296875, 'loss_after_encoder': 9420.3212890625}, {'sweep': 34, 'loss_before': 9420.3212890625, 'loss_after_queries': 9422.0068359375, 'loss_after_encoder': 9419.4912109375}, {'sweep': 35, 'loss_before': 9419.4912109375, 'loss_after_queries': 9420.943359375, 'loss_after_encoder': 9418.521484375}, {'sweep': 36, 'loss_before': 9418.521484375, 'loss_after_queries': 9420.5146484375, 'loss_after_encoder': 9418.08203125}, {'sweep': 37, 'loss_before': 9418.08203125, 'loss_after_queries': 9419.109375, 'loss_after_encoder': 9416.498046875}, {'sweep': 38, 'loss_before': 9416.498046875, 'loss_after_queries': 9418.72265625, 'loss_after_encoder': 9416.28515625}, {'sweep': 39, 'loss_before': 9416.28515625, 'loss_after_queries': 9417.984375, 'loss_after_encoder': 9416.587890625}, {'sweep': 40, 'loss_before': 9416.587890625, 'loss_after_queries': 9417.830078125, 'loss_after_encoder': 9416.08984375}, {'sweep': 41, 'loss_before': 9416.08984375, 'loss_after_queries': 9418.392578125, 'loss_after_encoder': 9417.1533203125}, {'sweep': 42, 'loss_before': 9417.1533203125, 'loss_after_queries': 9419.67578125, 'loss_after_encoder': 9418.6005859375}, {'sweep': 43, 'loss_before': 9418.6005859375, 'loss_after_queries': 9420.73828125, 'loss_after_encoder': 9419.4921875}, {'sweep': 44, 'loss_before': 9419.4921875, 'loss_after_queries': 9420.9677734375, 'loss_after_encoder': 9421.0390625}, {'sweep': 45, 'loss_before': 9421.0390625, 'loss_after_queries': 9423.298828125, 'loss_after_encoder': 9422.46875}, {'sweep': 46, 'loss_before': 9422.46875, 'loss_after_queries': 9423.58984375, 'loss_after_encoder': 9424.798828125}, {'sweep': 47, 'loss_before': 9424.798828125, 'loss_after_queries': 9425.5673828125, 'loss_after_encoder': 9426.333984375}, {'sweep': 48, 'loss_before': 9426.333984375, 'loss_after_queries': 9427.185546875, 'loss_after_encoder': 9427.806640625}, {'sweep': 49, 'loss_before': 9427.806640625, 'loss_after_queries': 9427.8427734375, 'loss_after_encoder': 9428.634765625}, {'sweep': 50, 'loss_before': 9428.634765625, 'loss_after_queries': 9427.251953125, 'loss_after_encoder': 9427.966796875}, {'sweep': 51, 'loss_before': 9427.966796875, 'loss_after_queries': 9427.1630859375, 'loss_after_encoder': 9430.0556640625}, {'sweep': 52, 'loss_before': 9430.0556640625, 'loss_after_queries': 9428.01953125, 'loss_after_encoder': 9428.361328125}, {'sweep': 53, 'loss_before': 9428.361328125, 'loss_after_queries': 9427.2763671875, 'loss_after_encoder': 9427.5537109375}, {'sweep': 54, 'loss_before': 9427.5537109375, 'loss_after_queries': 9425.212890625, 'loss_after_encoder': 9427.2421875}, {'sweep': 55, 'loss_before': 9427.2421875, 'loss_after_queries': 9426.6123046875, 'loss_after_encoder': 9427.45703125}, {'sweep': 56, 'loss_before': 9427.45703125, 'loss_after_queries': 9425.349609375, 'loss_after_encoder': 9426.775390625}, {'sweep': 57, 'loss_before': 9426.775390625, 'loss_after_queries': 9425.6142578125, 'loss_after_encoder': 9426.53125}, {'sweep': 58, 'loss_before': 9426.53125, 'loss_after_queries': 9425.60546875, 'loss_after_encoder': 9425.44921875}, {'sweep': 59, 'loss_before': 9425.44921875, 'loss_after_queries': 9425.3681640625, 'loss_after_encoder': 9425.8935546875}, {'sweep': 60, 'loss_before': 9425.8935546875, 'loss_after_queries': 9424.521484375, 'loss_after_encoder': 9425.2578125}], 'final_query_maximum_iterations': 50, 'final_query_maximum_relative_residual': 0.0024151902180165052}}}
    fit residual router base=16 rank=16
Page-Fisher sweep 1/60: loss 11952.9 -> 7396
Page-Fisher sweep 2/60: loss 7396 -> 6815.25
Page-Fisher sweep 3/60: loss 6815.25 -> 6667.27
Page-Fisher sweep 4/60: loss 6667.27 -> 6590.24
Page-Fisher sweep 5/60: loss 6590.24 -> 6545.41
Page-Fisher sweep 6/60: loss 6545.41 -> 6512.76
Page-Fisher sweep 7/60: loss 6512.76 -> 6487.88
Page-Fisher sweep 8/60: loss 6487.88 -> 6469.61
Page-Fisher sweep 9/60: loss 6469.61 -> 6457.48
Page-Fisher sweep 10/60: loss 6457.48 -> 6446.39
Page-Fisher sweep 11/60: loss 6446.39 -> 6438.79
Page-Fisher sweep 12/60: loss 6438.79 -> 6429.84
Page-Fisher sweep 13/60: loss 6429.84 -> 6423.46
Page-Fisher sweep 14/60: loss 6423.46 -> 6418.65
Page-Fisher sweep 15/60: loss 6418.65 -> 6414.87
Page-Fisher sweep 16/60: loss 6414.87 -> 6413.73
Page-Fisher sweep 17/60: loss 6413.73 -> 6411.67
Page-Fisher sweep 18/60: loss 6411.67 -> 6410.23
Page-Fisher sweep 19/60: loss 6410.23 -> 6409.3
Page-Fisher sweep 20/60: loss 6409.3 -> 6407
Page-Fisher sweep 21/60: loss 6407 -> 6407.27
Page-Fisher sweep 22/60: loss 6407.27 -> 6404.2
Page-Fisher sweep 23/60: loss 6404.2 -> 6402.64
Page-Fisher sweep 24/60: loss 6402.64 -> 6401.86
Page-Fisher sweep 25/60: loss 6401.86 -> 6399.63
Page-Fisher sweep 26/60: loss 6399.63 -> 6398.36
Page-Fisher sweep 27/60: loss 6398.36 -> 6397.3
Page-Fisher sweep 28/60: loss 6397.3 -> 6396.33
Page-Fisher sweep 29/60: loss 6396.33 -> 6395.25
Page-Fisher sweep 30/60: loss 6395.25 -> 6394.45
Page-Fisher sweep 31/60: loss 6394.45 -> 6392.87
Page-Fisher sweep 32/60: loss 6392.87 -> 6393.21
Page-Fisher sweep 33/60: loss 6393.21 -> 6392.65
Page-Fisher sweep 34/60: loss 6392.65 -> 6391.76
Page-Fisher sweep 35/60: loss 6391.76 -> 6390.53
Page-Fisher sweep 36/60: loss 6390.53 -> 6390.16
Page-Fisher sweep 37/60: loss 6390.16 -> 6390.96
Page-Fisher sweep 38/60: loss 6390.96 -> 6389.92
Page-Fisher sweep 39/60: loss 6389.92 -> 6389.66
Page-Fisher sweep 40/60: loss 6389.66 -> 6388.47
Page-Fisher sweep 41/60: loss 6388.47 -> 6387.47
Page-Fisher sweep 42/60: loss 6387.47 -> 6385.79
Page-Fisher sweep 43/60: loss 6385.79 -> 6386.04
Page-Fisher sweep 44/60: loss 6386.04 -> 6385.07
Page-Fisher sweep 45/60: loss 6385.07 -> 6385.07
Page-Fisher sweep 46/60: loss 6385.07 -> 6383.41
Page-Fisher sweep 47/60: loss 6383.41 -> 6383.78
Page-Fisher sweep 48/60: loss 6383.78 -> 6384.01
Page-Fisher sweep 49/60: loss 6384.01 -> 6383.51
Page-Fisher sweep 50/60: loss 6383.51 -> 6381.63
Page-Fisher sweep 51/60: loss 6381.63 -> 6381.77
Page-Fisher sweep 52/60: loss 6381.77 -> 6381.34
Page-Fisher sweep 53/60: loss 6381.34 -> 6380.96
Page-Fisher sweep 54/60: loss 6380.96 -> 6381.4
Page-Fisher sweep 55/60: loss 6381.4 -> 6380.73
Page-Fisher sweep 56/60: loss 6380.73 -> 6380.78
Page-Fisher sweep 57/60: loss 6380.78 -> 6380.73
Page-Fisher sweep 58/60: loss 6380.73 -> 6381.11
Page-Fisher sweep 59/60: loss 6381.11 -> 6380.27
Page-Fisher sweep 60/60: loss 6380.27 -> 6381.27
{'stage': 'fit complete', 'layer': 11, 'losses': {'b16_r0': {'base_rank': 16, 'residual_rank': 0, 'fit_page_fisher_nmse': 1.0, 'validation_page_fisher_nmse': 1.0}, 'b16_r16': {'base_rank': 16, 'residual_rank': 16, 'fit_page_fisher_nmse': 0.01846177042583283, 'validation_page_fisher_nmse': 0.021237779698433226, 'sweeps': [{'sweep': 1, 'loss_before': 11952.9443359375, 'loss_after_queries': 9912.3896484375, 'loss_after_encoder': 7396.0029296875}, {'sweep': 2, 'loss_before': 7396.0029296875, 'loss_after_queries': 6956.1875, 'loss_after_encoder': 6815.24951171875}, {'sweep': 3, 'loss_before': 6815.24951171875, 'loss_after_queries': 6718.70166015625, 'loss_after_encoder': 6667.2705078125}, {'sweep': 4, 'loss_before': 6667.2705078125, 'loss_after_queries': 6621.8994140625, 'loss_after_encoder': 6590.2431640625}, {'sweep': 5, 'loss_before': 6590.2431640625, 'loss_after_queries': 6574.1337890625, 'loss_after_encoder': 6545.40771484375}, {'sweep': 6, 'loss_before': 6545.40771484375, 'loss_after_queries': 6540.275390625, 'loss_after_encoder': 6512.7646484375}, {'sweep': 7, 'loss_before': 6512.7646484375, 'loss_after_queries': 6510.22216796875, 'loss_after_encoder': 6487.8837890625}, {'sweep': 8, 'loss_before': 6487.8837890625, 'loss_after_queries': 6489.99951171875, 'loss_after_encoder': 6469.607421875}, {'sweep': 9, 'loss_before': 6469.607421875, 'loss_after_queries': 6474.69580078125, 'loss_after_encoder': 6457.4814453125}, {'sweep': 10, 'loss_before': 6457.4814453125, 'loss_after_queries': 6460.5048828125, 'loss_after_encoder': 6446.38916015625}, {'sweep': 11, 'loss_before': 6446.38916015625, 'loss_after_queries': 6449.4697265625, 'loss_after_encoder': 6438.787109375}, {'sweep': 12, 'loss_before': 6438.787109375, 'loss_after_queries': 6438.6953125, 'loss_after_encoder': 6429.84375}, {'sweep': 13, 'loss_before': 6429.84375, 'loss_after_queries': 6429.880859375, 'loss_after_encoder': 6423.45556640625}, {'sweep': 14, 'loss_before': 6423.45556640625, 'loss_after_queries': 6421.56591796875, 'loss_after_encoder': 6418.6474609375}, {'sweep': 15, 'loss_before': 6418.6474609375, 'loss_after_queries': 6417.56201171875, 'loss_after_encoder': 6414.86767578125}, {'sweep': 16, 'loss_before': 6414.86767578125, 'loss_after_queries': 6413.90771484375, 'loss_after_encoder': 6413.734375}, {'sweep': 17, 'loss_before': 6413.734375, 'loss_after_queries': 6412.2294921875, 'loss_after_encoder': 6411.6708984375}, {'sweep': 18, 'loss_before': 6411.6708984375, 'loss_after_queries': 6410.806640625, 'loss_after_encoder': 6410.2294921875}, {'sweep': 19, 'loss_before': 6410.2294921875, 'loss_after_queries': 6409.96630859375, 'loss_after_encoder': 6409.29833984375}, {'sweep': 20, 'loss_before': 6409.29833984375, 'loss_after_queries': 6408.15673828125, 'loss_after_encoder': 6406.99609375}, {'sweep': 21, 'loss_before': 6406.99609375, 'loss_after_queries': 6407.5234375, 'loss_after_encoder': 6407.2724609375}, {'sweep': 22, 'loss_before': 6407.2724609375, 'loss_after_queries': 6406.28076171875, 'loss_after_encoder': 6404.20263671875}, {'sweep': 23, 'loss_before': 6404.20263671875, 'loss_after_queries': 6404.34521484375, 'loss_after_encoder': 6402.63818359375}, {'sweep': 24, 'loss_before': 6402.63818359375, 'loss_after_queries': 6402.49853515625, 'loss_after_encoder': 6401.861328125}, {'sweep': 25, 'loss_before': 6401.861328125, 'loss_after_queries': 6401.34765625, 'loss_after_encoder': 6399.62646484375}, {'sweep': 26, 'loss_before': 6399.62646484375, 'loss_after_queries': 6399.490234375, 'loss_after_encoder': 6398.359375}, {'sweep': 27, 'loss_before': 6398.359375, 'loss_after_queries': 6398.1748046875, 'loss_after_encoder': 6397.3046875}, {'sweep': 28, 'loss_before': 6397.3046875, 'loss_after_queries': 6396.8271484375, 'loss_after_encoder': 6396.32666015625}, {'sweep': 29, 'loss_before': 6396.32666015625, 'loss_after_queries': 6396.779296875, 'loss_after_encoder': 6395.25341796875}, {'sweep': 30, 'loss_before': 6395.25341796875, 'loss_after_queries': 6395.18212890625, 'loss_after_encoder': 6394.4541015625}, {'sweep': 31, 'loss_before': 6394.4541015625, 'loss_after_queries': 6394.57470703125, 'loss_after_encoder': 6392.87451171875}, {'sweep': 32, 'loss_before': 6392.87451171875, 'loss_after_queries': 6394.21484375, 'loss_after_encoder': 6393.20703125}, {'sweep': 33, 'loss_before': 6393.20703125, 'loss_after_queries': 6394.0673828125, 'loss_after_encoder': 6392.6533203125}, {'sweep': 34, 'loss_before': 6392.6533203125, 'loss_after_queries': 6393.85302734375, 'loss_after_encoder': 6391.76171875}, {'sweep': 35, 'loss_before': 6391.76171875, 'loss_after_queries': 6391.95458984375, 'loss_after_encoder': 6390.5302734375}, {'sweep': 36, 'loss_before': 6390.5302734375, 'loss_after_queries': 6392.50634765625, 'loss_after_encoder': 6390.15771484375}, {'sweep': 37, 'loss_before': 6390.15771484375, 'loss_after_queries': 6393.38720703125, 'loss_after_encoder': 6390.9560546875}, {'sweep': 38, 'loss_before': 6390.9560546875, 'loss_after_queries': 6392.78662109375, 'loss_after_encoder': 6389.9169921875}, {'sweep': 39, 'loss_before': 6389.9169921875, 'loss_after_queries': 6391.46142578125, 'loss_after_encoder': 6389.6611328125}, {'sweep': 40, 'loss_before': 6389.6611328125, 'loss_after_queries': 6390.27978515625, 'loss_after_encoder': 6388.46923828125}, {'sweep': 41, 'loss_before': 6388.46923828125, 'loss_after_queries': 6389.3955078125, 'loss_after_encoder': 6387.474609375}, {'sweep': 42, 'loss_before': 6387.474609375, 'loss_after_queries': 6387.81396484375, 'loss_after_encoder': 6385.79443359375}, {'sweep': 43, 'loss_before': 6385.79443359375, 'loss_after_queries': 6386.43359375, 'loss_after_encoder': 6386.0361328125}, {'sweep': 44, 'loss_before': 6386.0361328125, 'loss_after_queries': 6385.77099609375, 'loss_after_encoder': 6385.0693359375}, {'sweep': 45, 'loss_before': 6385.0693359375, 'loss_after_queries': 6385.6298828125, 'loss_after_encoder': 6385.07470703125}, {'sweep': 46, 'loss_before': 6385.07470703125, 'loss_after_queries': 6384.41015625, 'loss_after_encoder': 6383.40625}, {'sweep': 47, 'loss_before': 6383.40625, 'loss_after_queries': 6384.05810546875, 'loss_after_encoder': 6383.775390625}, {'sweep': 48, 'loss_before': 6383.775390625, 'loss_after_queries': 6384.22607421875, 'loss_after_encoder': 6384.0087890625}, {'sweep': 49, 'loss_before': 6384.0087890625, 'loss_after_queries': 6383.8837890625, 'loss_after_encoder': 6383.5146484375}, {'sweep': 50, 'loss_before': 6383.5146484375, 'loss_after_queries': 6382.2880859375, 'loss_after_encoder': 6381.6328125}, {'sweep': 51, 'loss_before': 6381.6328125, 'loss_after_queries': 6382.01171875, 'loss_after_encoder': 6381.76806640625}, {'sweep': 52, 'loss_before': 6381.76806640625, 'loss_after_queries': 6381.98779296875, 'loss_after_encoder': 6381.34033203125}, {'sweep': 53, 'loss_before': 6381.34033203125, 'loss_after_queries': 6381.22412109375, 'loss_after_encoder': 6380.962890625}, {'sweep': 54, 'loss_before': 6380.962890625, 'loss_after_queries': 6381.8017578125, 'loss_after_encoder': 6381.4033203125}, {'sweep': 55, 'loss_before': 6381.4033203125, 'loss_after_queries': 6380.98828125, 'loss_after_encoder': 6380.72802734375}, {'sweep': 56, 'loss_before': 6380.72802734375, 'loss_after_queries': 6381.00048828125, 'loss_after_encoder': 6380.78125}, {'sweep': 57, 'loss_before': 6380.78125, 'loss_after_queries': 6381.23193359375, 'loss_after_encoder': 6380.73193359375}, {'sweep': 58, 'loss_before': 6380.73193359375, 'loss_after_queries': 6381.5693359375, 'loss_after_encoder': 6381.11083984375}, {'sweep': 59, 'loss_before': 6381.11083984375, 'loss_after_queries': 6381.1396484375, 'loss_after_encoder': 6380.26953125}, {'sweep': 60, 'loss_before': 6380.26953125, 'loss_after_queries': 6381.44091796875, 'loss_after_encoder': 6381.26513671875}], 'final_query_maximum_iterations': 50, 'final_query_maximum_relative_residual': 0.001967683667317033}}}
    fit residual router base=16 rank=16
Page-Fisher sweep 1/60: loss 10055.9 -> 6125.06
Page-Fisher sweep 2/60: loss 6125.06 -> 5540.41
Page-Fisher sweep 3/60: loss 5540.41 -> 5376.25
Page-Fisher sweep 4/60: loss 5376.25 -> 5298.52
Page-Fisher sweep 5/60: loss 5298.52 -> 5257.19
Page-Fisher sweep 6/60: loss 5257.19 -> 5231.02
Page-Fisher sweep 7/60: loss 5231.02 -> 5216.86
Page-Fisher sweep 8/60: loss 5216.86 -> 5207.83
Page-Fisher sweep 9/60: loss 5207.83 -> 5204.81
Page-Fisher sweep 10/60: loss 5204.81 -> 5207.86
Page-Fisher sweep 11/60: loss 5207.86 -> 5211.8
Page-Fisher sweep 12/60: loss 5211.8 -> 5207.99
Page-Fisher sweep 13/60: loss 5207.99 -> 5206.6
Page-Fisher sweep 14/60: loss 5206.6 -> 5206.75
Page-Fisher sweep 15/60: loss 5206.75 -> 5205.54
Page-Fisher sweep 16/60: loss 5205.54 -> 5197.91
Page-Fisher sweep 17/60: loss 5197.91 -> 5190.88
Page-Fisher sweep 18/60: loss 5190.88 -> 5186.46
Page-Fisher sweep 19/60: loss 5186.46 -> 5176.15
Page-Fisher sweep 20/60: loss 5176.15 -> 5174.09
Page-Fisher sweep 21/60: loss 5174.09 -> 5169.44
Page-Fisher sweep 22/60: loss 5169.44 -> 5167.43
Page-Fisher sweep 23/60: loss 5167.43 -> 5163.35
Page-Fisher sweep 24/60: loss 5163.35 -> 5158.85
Page-Fisher sweep 25/60: loss 5158.85 -> 5151.99
Page-Fisher sweep 26/60: loss 5151.99 -> 5146.41
Page-Fisher sweep 27/60: loss 5146.41 -> 5139.97
Page-Fisher sweep 28/60: loss 5139.97 -> 5131.97
Page-Fisher sweep 29/60: loss 5131.97 -> 5130.67
Page-Fisher sweep 30/60: loss 5130.67 -> 5122.84
Page-Fisher sweep 31/60: loss 5122.84 -> 5118.78
Page-Fisher sweep 32/60: loss 5118.78 -> 5114.71
Page-Fisher sweep 33/60: loss 5114.71 -> 5109.22
Page-Fisher sweep 34/60: loss 5109.22 -> 5102.04
Page-Fisher sweep 35/60: loss 5102.04 -> 5099.44
Page-Fisher sweep 36/60: loss 5099.44 -> 5095.66
Page-Fisher sweep 37/60: loss 5095.66 -> 5090.32
Page-Fisher sweep 38/60: loss 5090.32 -> 5089.81
Page-Fisher sweep 39/60: loss 5089.81 -> 5087.22
Page-Fisher sweep 40/60: loss 5087.22 -> 5084.46
Page-Fisher sweep 41/60: loss 5084.46 -> 5083.85
Page-Fisher sweep 42/60: loss 5083.85 -> 5079.37
Page-Fisher sweep 43/60: loss 5079.37 -> 5079.34
Page-Fisher sweep 44/60: loss 5079.34 -> 5077.86
Page-Fisher sweep 45/60: loss 5077.86 -> 5080.11
Page-Fisher sweep 46/60: loss 5080.11 -> 5076.91
Page-Fisher sweep 47/60: loss 5076.91 -> 5078.64
Page-Fisher sweep 48/60: loss 5078.64 -> 5077.21
Page-Fisher sweep 49/60: loss 5077.21 -> 5073.08
Page-Fisher sweep 50/60: loss 5073.08 -> 5072.69
Page-Fisher sweep 51/60: loss 5072.69 -> 5071.3
Page-Fisher sweep 52/60: loss 5071.3 -> 5072.77
Page-Fisher sweep 53/60: loss 5072.77 -> 5069.93
Page-Fisher sweep 54/60: loss 5069.93 -> 5065.84
Page-Fisher sweep 55/60: loss 5065.84 -> 5063.64
Page-Fisher sweep 56/60: loss 5063.64 -> 5062.41
Page-Fisher sweep 57/60: loss 5062.41 -> 5061.66
Page-Fisher sweep 58/60: loss 5061.66 -> 5058.64
Page-Fisher sweep 59/60: loss 5058.64 -> 5059.41
Page-Fisher sweep 60/60: loss 5059.41 -> 5057.45
{'stage': 'fit complete', 'layer': 12, 'losses': {'b16_r0': {'base_rank': 16, 'residual_rank': 0, 'fit_page_fisher_nmse': 1.0, 'validation_page_fisher_nmse': 1.0}, 'b16_r16': {'base_rank': 16, 'residual_rank': 16, 'fit_page_fisher_nmse': 0.007674322311206812, 'validation_page_fisher_nmse': 0.010541290299115266, 'sweeps': [{'sweep': 1, 'loss_before': 10055.94921875, 'loss_after_queries': 8038.1484375, 'loss_after_encoder': 6125.064453125}, {'sweep': 2, 'loss_before': 6125.064453125, 'loss_after_queries': 5636.65234375, 'loss_after_encoder': 5540.40966796875}, {'sweep': 3, 'loss_before': 5540.40966796875, 'loss_after_queries': 5404.55029296875, 'loss_after_encoder': 5376.2470703125}, {'sweep': 4, 'loss_before': 5376.2470703125, 'loss_after_queries': 5315.31982421875, 'loss_after_encoder': 5298.521484375}, {'sweep': 5, 'loss_before': 5298.521484375, 'loss_after_queries': 5274.361328125, 'loss_after_encoder': 5257.18896484375}, {'sweep': 6, 'loss_before': 5257.18896484375, 'loss_after_queries': 5246.1591796875, 'loss_after_encoder': 5231.0224609375}, {'sweep': 7, 'loss_before': 5231.0224609375, 'loss_after_queries': 5235.7041015625, 'loss_after_encoder': 5216.8603515625}, {'sweep': 8, 'loss_before': 5216.8603515625, 'loss_after_queries': 5231.001953125, 'loss_after_encoder': 5207.83349609375}, {'sweep': 9, 'loss_before': 5207.83349609375, 'loss_after_queries': 5225.8896484375, 'loss_after_encoder': 5204.8095703125}, {'sweep': 10, 'loss_before': 5204.8095703125, 'loss_after_queries': 5235.69921875, 'loss_after_encoder': 5207.8623046875}, {'sweep': 11, 'loss_before': 5207.8623046875, 'loss_after_queries': 5229.2646484375, 'loss_after_encoder': 5211.80419921875}, {'sweep': 12, 'loss_before': 5211.80419921875, 'loss_after_queries': 5226.451171875, 'loss_after_encoder': 5207.986328125}, {'sweep': 13, 'loss_before': 5207.986328125, 'loss_after_queries': 5225.685546875, 'loss_after_encoder': 5206.60498046875}, {'sweep': 14, 'loss_before': 5206.60498046875, 'loss_after_queries': 5219.203125, 'loss_after_encoder': 5206.74609375}, {'sweep': 15, 'loss_before': 5206.74609375, 'loss_after_queries': 5221.09326171875, 'loss_after_encoder': 5205.544921875}, {'sweep': 16, 'loss_before': 5205.544921875, 'loss_after_queries': 5216.0869140625, 'loss_after_encoder': 5197.91162109375}, {'sweep': 17, 'loss_before': 5197.91162109375, 'loss_after_queries': 5209.421875, 'loss_after_encoder': 5190.87939453125}, {'sweep': 18, 'loss_before': 5190.87939453125, 'loss_after_queries': 5199.328125, 'loss_after_encoder': 5186.45849609375}, {'sweep': 19, 'loss_before': 5186.45849609375, 'loss_after_queries': 5191.66650390625, 'loss_after_encoder': 5176.1455078125}, {'sweep': 20, 'loss_before': 5176.1455078125, 'loss_after_queries': 5184.37109375, 'loss_after_encoder': 5174.09375}, {'sweep': 21, 'loss_before': 5174.09375, 'loss_after_queries': 5180.41796875, 'loss_after_encoder': 5169.44482421875}, {'sweep': 22, 'loss_before': 5169.44482421875, 'loss_after_queries': 5175.0576171875, 'loss_after_encoder': 5167.43310546875}, {'sweep': 23, 'loss_before': 5167.43310546875, 'loss_after_queries': 5172.62548828125, 'loss_after_encoder': 5163.35205078125}, {'sweep': 24, 'loss_before': 5163.35205078125, 'loss_after_queries': 5170.1591796875, 'loss_after_encoder': 5158.853515625}, {'sweep': 25, 'loss_before': 5158.853515625, 'loss_after_queries': 5158.4560546875, 'loss_after_encoder': 5151.99267578125}, {'sweep': 26, 'loss_before': 5151.99267578125, 'loss_after_queries': 5153.7998046875, 'loss_after_encoder': 5146.4052734375}, {'sweep': 27, 'loss_before': 5146.4052734375, 'loss_after_queries': 5146.8076171875, 'loss_after_encoder': 5139.966796875}, {'sweep': 28, 'loss_before': 5139.966796875, 'loss_after_queries': 5137.810546875, 'loss_after_encoder': 5131.9697265625}, {'sweep': 29, 'loss_before': 5131.9697265625, 'loss_after_queries': 5133.787109375, 'loss_after_encoder': 5130.6708984375}, {'sweep': 30, 'loss_before': 5130.6708984375, 'loss_after_queries': 5128.123046875, 'loss_after_encoder': 5122.83544921875}, {'sweep': 31, 'loss_before': 5122.83544921875, 'loss_after_queries': 5120.47802734375, 'loss_after_encoder': 5118.78369140625}, {'sweep': 32, 'loss_before': 5118.78369140625, 'loss_after_queries': 5116.9990234375, 'loss_after_encoder': 5114.71484375}, {'sweep': 33, 'loss_before': 5114.71484375, 'loss_after_queries': 5114.103515625, 'loss_after_encoder': 5109.22021484375}, {'sweep': 34, 'loss_before': 5109.22021484375, 'loss_after_queries': 5104.89404296875, 'loss_after_encoder': 5102.0380859375}, {'sweep': 35, 'loss_before': 5102.0380859375, 'loss_after_queries': 5101.6279296875, 'loss_after_encoder': 5099.4404296875}, {'sweep': 36, 'loss_before': 5099.4404296875, 'loss_after_queries': 5098.70458984375, 'loss_after_encoder': 5095.66259765625}, {'sweep': 37, 'loss_before': 5095.66259765625, 'loss_after_queries': 5094.28125, 'loss_after_encoder': 5090.3173828125}, {'sweep': 38, 'loss_before': 5090.3173828125, 'loss_after_queries': 5091.462890625, 'loss_after_encoder': 5089.8125}, {'sweep': 39, 'loss_before': 5089.8125, 'loss_after_queries': 5089.236328125, 'loss_after_encoder': 5087.22265625}, {'sweep': 40, 'loss_before': 5087.22265625, 'loss_after_queries': 5086.41943359375, 'loss_after_encoder': 5084.46337890625}, {'sweep': 41, 'loss_before': 5084.46337890625, 'loss_after_queries': 5085.6279296875, 'loss_after_encoder': 5083.85107421875}, {'sweep': 42, 'loss_before': 5083.85107421875, 'loss_after_queries': 5084.396484375, 'loss_after_encoder': 5079.37255859375}, {'sweep': 43, 'loss_before': 5079.37255859375, 'loss_after_queries': 5080.40087890625, 'loss_after_encoder': 5079.3408203125}, {'sweep': 44, 'loss_before': 5079.3408203125, 'loss_after_queries': 5079.509765625, 'loss_after_encoder': 5077.85693359375}, {'sweep': 45, 'loss_before': 5077.85693359375, 'loss_after_queries': 5082.3525390625, 'loss_after_encoder': 5080.11181640625}, {'sweep': 46, 'loss_before': 5080.11181640625, 'loss_after_queries': 5079.4560546875, 'loss_after_encoder': 5076.9072265625}, {'sweep': 47, 'loss_before': 5076.9072265625, 'loss_after_queries': 5079.68359375, 'loss_after_encoder': 5078.6435546875}, {'sweep': 48, 'loss_before': 5078.6435546875, 'loss_after_queries': 5078.94970703125, 'loss_after_encoder': 5077.208984375}, {'sweep': 49, 'loss_before': 5077.208984375, 'loss_after_queries': 5075.4306640625, 'loss_after_encoder': 5073.07568359375}, {'sweep': 50, 'loss_before': 5073.07568359375, 'loss_after_queries': 5075.10546875, 'loss_after_encoder': 5072.6884765625}, {'sweep': 51, 'loss_before': 5072.6884765625, 'loss_after_queries': 5072.5712890625, 'loss_after_encoder': 5071.29736328125}, {'sweep': 52, 'loss_before': 5071.29736328125, 'loss_after_queries': 5074.62548828125, 'loss_after_encoder': 5072.7734375}, {'sweep': 53, 'loss_before': 5072.7734375, 'loss_after_queries': 5070.822265625, 'loss_after_encoder': 5069.9345703125}, {'sweep': 54, 'loss_before': 5069.9345703125, 'loss_after_queries': 5069.20556640625, 'loss_after_encoder': 5065.8427734375}, {'sweep': 55, 'loss_before': 5065.8427734375, 'loss_after_queries': 5065.4375, 'loss_after_encoder': 5063.63671875}, {'sweep': 56, 'loss_before': 5063.63671875, 'loss_after_queries': 5064.5654296875, 'loss_after_encoder': 5062.40869140625}, {'sweep': 57, 'loss_before': 5062.40869140625, 'loss_after_queries': 5064.072265625, 'loss_after_encoder': 5061.65966796875}, {'sweep': 58, 'loss_before': 5061.65966796875, 'loss_after_queries': 5061.37451171875, 'loss_after_encoder': 5058.64013671875}, {'sweep': 59, 'loss_before': 5058.64013671875, 'loss_after_queries': 5061.0439453125, 'loss_after_encoder': 5059.4130859375}, {'sweep': 60, 'loss_before': 5059.4130859375, 'loss_after_queries': 5058.84521484375, 'loss_after_encoder': 5057.44580078125}], 'final_query_maximum_iterations': 50, 'final_query_maximum_relative_residual': 0.0021564059425145388}}}
    fit residual router base=16 rank=16
Page-Fisher sweep 1/60: loss 20052.9 -> 11458.2
Page-Fisher sweep 2/60: loss 11458.2 -> 10269.8
Page-Fisher sweep 3/60: loss 10269.8 -> 9980
Page-Fisher sweep 4/60: loss 9980 -> 9842.43
Page-Fisher sweep 5/60: loss 9842.43 -> 9761.36
Page-Fisher sweep 6/60: loss 9761.36 -> 9710.86
Page-Fisher sweep 7/60: loss 9710.86 -> 9680.22
Page-Fisher sweep 8/60: loss 9680.22 -> 9661.77
Page-Fisher sweep 9/60: loss 9661.77 -> 9650.22
Page-Fisher sweep 10/60: loss 9650.22 -> 9642.33
Page-Fisher sweep 11/60: loss 9642.33 -> 9635.29
Page-Fisher sweep 12/60: loss 9635.29 -> 9631.31
Page-Fisher sweep 13/60: loss 9631.31 -> 9626.83
Page-Fisher sweep 14/60: loss 9626.83 -> 9622.95
Page-Fisher sweep 15/60: loss 9622.95 -> 9620.43
Page-Fisher sweep 16/60: loss 9620.43 -> 9617.94
Page-Fisher sweep 17/60: loss 9617.94 -> 9615.96
Page-Fisher sweep 18/60: loss 9615.96 -> 9614.34
Page-Fisher sweep 19/60: loss 9614.34 -> 9613.32
Page-Fisher sweep 20/60: loss 9613.32 -> 9611.91
Page-Fisher sweep 21/60: loss 9611.91 -> 9611.5
Page-Fisher sweep 22/60: loss 9611.5 -> 9610.07
Page-Fisher sweep 23/60: loss 9610.07 -> 9609.46
Page-Fisher sweep 24/60: loss 9609.46 -> 9608.54
Page-Fisher sweep 25/60: loss 9608.54 -> 9608.52
Page-Fisher sweep 26/60: loss 9608.52 -> 9607.78
Page-Fisher sweep 27/60: loss 9607.78 -> 9607.77
Page-Fisher sweep 28/60: loss 9607.77 -> 9606.57
Page-Fisher sweep 29/60: loss 9606.57 -> 9606.23
Page-Fisher sweep 30/60: loss 9606.23 -> 9605.89
Page-Fisher sweep 31/60: loss 9605.89 -> 9605.6
Page-Fisher sweep 32/60: loss 9605.6 -> 9605.24
Page-Fisher sweep 33/60: loss 9605.24 -> 9605.41
Page-Fisher sweep 34/60: loss 9605.41 -> 9604.87
Page-Fisher sweep 35/60: loss 9604.87 -> 9603.62
Page-Fisher sweep 36/60: loss 9603.62 -> 9604.5
Page-Fisher sweep 37/60: loss 9604.5 -> 9603.43
Page-Fisher sweep 38/60: loss 9603.43 -> 9603.71
Page-Fisher sweep 39/60: loss 9603.71 -> 9603.1
Page-Fisher sweep 40/60: loss 9603.1 -> 9603.23
Page-Fisher sweep 41/60: loss 9603.23 -> 9602.14
Page-Fisher sweep 42/60: loss 9602.14 -> 9602.11
Page-Fisher sweep 43/60: loss 9602.11 -> 9602.56
Page-Fisher sweep 44/60: loss 9602.56 -> 9601.45
Page-Fisher sweep 45/60: loss 9601.45 -> 9601.61
Page-Fisher sweep 46/60: loss 9601.61 -> 9601.44
Page-Fisher sweep 47/60: loss 9601.44 -> 9600.87
Page-Fisher sweep 48/60: loss 9600.87 -> 9601.52
Page-Fisher sweep 49/60: loss 9601.52 -> 9600.33
Page-Fisher sweep 50/60: loss 9600.33 -> 9600.15
Page-Fisher sweep 51/60: loss 9600.15 -> 9599.6
Page-Fisher sweep 52/60: loss 9599.6 -> 9599.98
Page-Fisher sweep 53/60: loss 9599.98 -> 9599.59
Page-Fisher sweep 54/60: loss 9599.59 -> 9599.87
Page-Fisher sweep 55/60: loss 9599.87 -> 9600.4
Page-Fisher sweep 56/60: loss 9600.4 -> 9599.72
Page-Fisher sweep 57/60: loss 9599.72 -> 9599.72
Page-Fisher sweep 58/60: loss 9599.72 -> 9599.55
Page-Fisher sweep 59/60: loss 9599.55 -> 9599.99
Page-Fisher sweep 60/60: loss 9599.99 -> 9600.49
{'stage': 'fit complete', 'layer': 13, 'losses': {'b16_r0': {'base_rank': 16, 'residual_rank': 0, 'fit_page_fisher_nmse': 1.0, 'validation_page_fisher_nmse': 1.0}, 'b16_r16': {'base_rank': 16, 'residual_rank': 16, 'fit_page_fisher_nmse': 0.04166566249308186, 'validation_page_fisher_nmse': 0.044608869089904135, 'sweeps': [{'sweep': 1, 'loss_before': 20052.90234375, 'loss_after_queries': 16633.2734375, 'loss_after_encoder': 11458.203125}, {'sweep': 2, 'loss_before': 11458.203125, 'loss_after_queries': 10577.306640625, 'loss_after_encoder': 10269.8203125}, {'sweep': 3, 'loss_before': 10269.8203125, 'loss_after_queries': 10089.796875, 'loss_after_encoder': 9980.00390625}, {'sweep': 4, 'loss_before': 9980.00390625, 'loss_after_queries': 9900.26953125, 'loss_after_encoder': 9842.427734375}, {'sweep': 5, 'loss_before': 9842.427734375, 'loss_after_queries': 9797.67578125, 'loss_after_encoder': 9761.3642578125}, {'sweep': 6, 'loss_before': 9761.3642578125, 'loss_after_queries': 9733.271484375, 'loss_after_encoder': 9710.8564453125}, {'sweep': 7, 'loss_before': 9710.8564453125, 'loss_after_queries': 9694.408203125, 'loss_after_encoder': 9680.216796875}, {'sweep': 8, 'loss_before': 9680.216796875, 'loss_after_queries': 9670.7265625, 'loss_after_encoder': 9661.7666015625}, {'sweep': 9, 'loss_before': 9661.7666015625, 'loss_after_queries': 9655.9970703125, 'loss_after_encoder': 9650.2197265625}, {'sweep': 10, 'loss_before': 9650.2197265625, 'loss_after_queries': 9647.2421875, 'loss_after_encoder': 9642.330078125}, {'sweep': 11, 'loss_before': 9642.330078125, 'loss_after_queries': 9639.0751953125, 'loss_after_encoder': 9635.287109375}, {'sweep': 12, 'loss_before': 9635.287109375, 'loss_after_queries': 9633.7861328125, 'loss_after_encoder': 9631.306640625}, {'sweep': 13, 'loss_before': 9631.306640625, 'loss_after_queries': 9629.45703125, 'loss_after_encoder': 9626.826171875}, {'sweep': 14, 'loss_before': 9626.826171875, 'loss_after_queries': 9624.919921875, 'loss_after_encoder': 9622.953125}, {'sweep': 15, 'loss_before': 9622.953125, 'loss_after_queries': 9622.0234375, 'loss_after_encoder': 9620.4345703125}, {'sweep': 16, 'loss_before': 9620.4345703125, 'loss_after_queries': 9619.2080078125, 'loss_after_encoder': 9617.935546875}, {'sweep': 17, 'loss_before': 9617.935546875, 'loss_after_queries': 9617.1962890625, 'loss_after_encoder': 9615.9580078125}, {'sweep': 18, 'loss_before': 9615.9580078125, 'loss_after_queries': 9615.6015625, 'loss_after_encoder': 9614.3388671875}, {'sweep': 19, 'loss_before': 9614.3388671875, 'loss_after_queries': 9614.349609375, 'loss_after_encoder': 9613.3193359375}, {'sweep': 20, 'loss_before': 9613.3193359375, 'loss_after_queries': 9612.890625, 'loss_after_encoder': 9611.912109375}, {'sweep': 21, 'loss_before': 9611.912109375, 'loss_after_queries': 9612.2470703125, 'loss_after_encoder': 9611.49609375}, {'sweep': 22, 'loss_before': 9611.49609375, 'loss_after_queries': 9611.4794921875, 'loss_after_encoder': 9610.07421875}, {'sweep': 23, 'loss_before': 9610.07421875, 'loss_after_queries': 9610.20703125, 'loss_after_encoder': 9609.4609375}, {'sweep': 24, 'loss_before': 9609.4609375, 'loss_after_queries': 9609.5244140625, 'loss_after_encoder': 9608.5419921875}, {'sweep': 25, 'loss_before': 9608.5419921875, 'loss_after_queries': 9609.80859375, 'loss_after_encoder': 9608.515625}, {'sweep': 26, 'loss_before': 9608.515625, 'loss_after_queries': 9608.62890625, 'loss_after_encoder': 9607.7841796875}, {'sweep': 27, 'loss_before': 9607.7841796875, 'loss_after_queries': 9608.5556640625, 'loss_after_encoder': 9607.767578125}, {'sweep': 28, 'loss_before': 9607.767578125, 'loss_after_queries': 9607.4375, 'loss_after_encoder': 9606.56640625}, {'sweep': 29, 'loss_before': 9606.56640625, 'loss_after_queries': 9607.30078125, 'loss_after_encoder': 9606.232421875}, {'sweep': 30, 'loss_before': 9606.232421875, 'loss_after_queries': 9606.7734375, 'loss_after_encoder': 9605.89453125}, {'sweep': 31, 'loss_before': 9605.89453125, 'loss_after_queries': 9606.7265625, 'loss_after_encoder': 9605.6044921875}, {'sweep': 32, 'loss_before': 9605.6044921875, 'loss_after_queries': 9606.2861328125, 'loss_after_encoder': 9605.23828125}, {'sweep': 33, 'loss_before': 9605.23828125, 'loss_after_queries': 9606.48828125, 'loss_after_encoder': 9605.412109375}, {'sweep': 34, 'loss_before': 9605.412109375, 'loss_after_queries': 9605.853515625, 'loss_after_encoder': 9604.873046875}, {'sweep': 35, 'loss_before': 9604.873046875, 'loss_after_queries': 9604.4765625, 'loss_after_encoder': 9603.6201171875}, {'sweep': 36, 'loss_before': 9603.6201171875, 'loss_after_queries': 9605.4384765625, 'loss_after_encoder': 9604.5029296875}, {'sweep': 37, 'loss_before': 9604.5029296875, 'loss_after_queries': 9604.3359375, 'loss_after_encoder': 9603.427734375}, {'sweep': 38, 'loss_before': 9603.427734375, 'loss_after_queries': 9604.83203125, 'loss_after_encoder': 9603.708984375}, {'sweep': 39, 'loss_before': 9603.708984375, 'loss_after_queries': 9604.16796875, 'loss_after_encoder': 9603.09765625}, {'sweep': 40, 'loss_before': 9603.09765625, 'loss_after_queries': 9604.322265625, 'loss_after_encoder': 9603.2314453125}, {'sweep': 41, 'loss_before': 9603.2314453125, 'loss_after_queries': 9603.0966796875, 'loss_after_encoder': 9602.142578125}, {'sweep': 42, 'loss_before': 9602.142578125, 'loss_after_queries': 9603.34375, 'loss_after_encoder': 9602.11328125}, {'sweep': 43, 'loss_before': 9602.11328125, 'loss_after_queries': 9603.51171875, 'loss_after_encoder': 9602.564453125}, {'sweep': 44, 'loss_before': 9602.564453125, 'loss_after_queries': 9602.7216796875, 'loss_after_encoder': 9601.44921875}, {'sweep': 45, 'loss_before': 9601.44921875, 'loss_after_queries': 9602.7509765625, 'loss_after_encoder': 9601.609375}, {'sweep': 46, 'loss_before': 9601.609375, 'loss_after_queries': 9602.4267578125, 'loss_after_encoder': 9601.4365234375}, {'sweep': 47, 'loss_before': 9601.4365234375, 'loss_after_queries': 9602.0458984375, 'loss_after_encoder': 9600.865234375}, {'sweep': 48, 'loss_before': 9600.865234375, 'loss_after_queries': 9602.669921875, 'loss_after_encoder': 9601.5185546875}, {'sweep': 49, 'loss_before': 9601.5185546875, 'loss_after_queries': 9601.3759765625, 'loss_after_encoder': 9600.33203125}, {'sweep': 50, 'loss_before': 9600.33203125, 'loss_after_queries': 9601.33203125, 'loss_after_encoder': 9600.1533203125}, {'sweep': 51, 'loss_before': 9600.1533203125, 'loss_after_queries': 9600.53125, 'loss_after_encoder': 9599.6005859375}, {'sweep': 52, 'loss_before': 9599.6005859375, 'loss_after_queries': 9601.0478515625, 'loss_after_encoder': 9599.978515625}, {'sweep': 53, 'loss_before': 9599.978515625, 'loss_after_queries': 9600.396484375, 'loss_after_encoder': 9599.5859375}, {'sweep': 54, 'loss_before': 9599.5859375, 'loss_after_queries': 9600.6904296875, 'loss_after_encoder': 9599.869140625}, {'sweep': 55, 'loss_before': 9599.869140625, 'loss_after_queries': 9601.162109375, 'loss_after_encoder': 9600.396484375}, {'sweep': 56, 'loss_before': 9600.396484375, 'loss_after_queries': 9600.552734375, 'loss_after_encoder': 9599.7236328125}, {'sweep': 57, 'loss_before': 9599.7236328125, 'loss_after_queries': 9600.5283203125, 'loss_after_encoder': 9599.7177734375}, {'sweep': 58, 'loss_before': 9599.7177734375, 'loss_after_queries': 9600.267578125, 'loss_after_encoder': 9599.5517578125}, {'sweep': 59, 'loss_before': 9599.5517578125, 'loss_after_queries': 9600.7333984375, 'loss_after_encoder': 9599.994140625}, {'sweep': 60, 'loss_before': 9599.994140625, 'loss_after_queries': 9601.103515625, 'loss_after_encoder': 9600.4921875}], 'final_query_maximum_iterations': 50, 'final_query_maximum_relative_residual': 0.0028058516327291727}}}
    fit residual router base=16 rank=16
Page-Fisher sweep 1/60: loss 18277.9 -> 10137.8
Page-Fisher sweep 2/60: loss 10137.8 -> 8911.44
Page-Fisher sweep 3/60: loss 8911.44 -> 8668.72
Page-Fisher sweep 4/60: loss 8668.72 -> 8553.79
Page-Fisher sweep 5/60: loss 8553.79 -> 8480.36
Page-Fisher sweep 6/60: loss 8480.36 -> 8432.96
Page-Fisher sweep 7/60: loss 8432.96 -> 8401.63
Page-Fisher sweep 8/60: loss 8401.63 -> 8380.84
Page-Fisher sweep 9/60: loss 8380.84 -> 8366.62
Page-Fisher sweep 10/60: loss 8366.62 -> 8354.69
Page-Fisher sweep 11/60: loss 8354.69 -> 8347.01
Page-Fisher sweep 12/60: loss 8347.01 -> 8340.29
Page-Fisher sweep 13/60: loss 8340.29 -> 8334.86
Page-Fisher sweep 14/60: loss 8334.86 -> 8330.8
Page-Fisher sweep 15/60: loss 8330.8 -> 8327.83
Page-Fisher sweep 16/60: loss 8327.83 -> 8325.67
Page-Fisher sweep 17/60: loss 8325.67 -> 8323.17
Page-Fisher sweep 18/60: loss 8323.17 -> 8321.55
Page-Fisher sweep 19/60: loss 8321.55 -> 8319.2
Page-Fisher sweep 20/60: loss 8319.2 -> 8318.09
Page-Fisher sweep 21/60: loss 8318.09 -> 8316.22
Page-Fisher sweep 22/60: loss 8316.22 -> 8315.38
Page-Fisher sweep 23/60: loss 8315.38 -> 8314.37
Page-Fisher sweep 24/60: loss 8314.37 -> 8313.03
Page-Fisher sweep 25/60: loss 8313.03 -> 8312.3
Page-Fisher sweep 26/60: loss 8312.3 -> 8310.92
Page-Fisher sweep 27/60: loss 8310.92 -> 8310.3
Page-Fisher sweep 28/60: loss 8310.3 -> 8308.93
Page-Fisher sweep 29/60: loss 8308.93 -> 8308.79
Page-Fisher sweep 30/60: loss 8308.79 -> 8307.69
Page-Fisher sweep 31/60: loss 8307.69 -> 8307.41
Page-Fisher sweep 32/60: loss 8307.41 -> 8307.54
Page-Fisher sweep 33/60: loss 8307.54 -> 8307.29
Page-Fisher sweep 34/60: loss 8307.29 -> 8306.82
Page-Fisher sweep 35/60: loss 8306.82 -> 8306.55
Page-Fisher sweep 36/60: loss 8306.55 -> 8306.52
Page-Fisher sweep 37/60: loss 8306.52 -> 8306.34
Page-Fisher sweep 38/60: loss 8306.34 -> 8306.43
Page-Fisher sweep 39/60: loss 8306.43 -> 8306.67
Page-Fisher sweep 40/60: loss 8306.67 -> 8306.23
Page-Fisher sweep 41/60: loss 8306.23 -> 8306.9
Page-Fisher sweep 42/60: loss 8306.9 -> 8307.34
Page-Fisher sweep 43/60: loss 8307.34 -> 8307.14
Page-Fisher sweep 44/60: loss 8307.14 -> 8308.41
Page-Fisher sweep 45/60: loss 8308.41 -> 8307.54
Page-Fisher sweep 46/60: loss 8307.54 -> 8308.26
Page-Fisher sweep 47/60: loss 8308.26 -> 8308.45
Page-Fisher sweep 48/60: loss 8308.45 -> 8308.89
Page-Fisher sweep 49/60: loss 8308.89 -> 8309.03
Page-Fisher sweep 50/60: loss 8309.03 -> 8309.78
Page-Fisher sweep 51/60: loss 8309.78 -> 8309.23
Page-Fisher sweep 52/60: loss 8309.23 -> 8309.8
Page-Fisher sweep 53/60: loss 8309.8 -> 8310.42
Page-Fisher sweep 54/60: loss 8310.42 -> 8310.79
Page-Fisher sweep 55/60: loss 8310.79 -> 8310.6
Page-Fisher sweep 56/60: loss 8310.6 -> 8311.19
Page-Fisher sweep 57/60: loss 8311.19 -> 8311.55
Page-Fisher sweep 58/60: loss 8311.55 -> 8311.25
Page-Fisher sweep 59/60: loss 8311.25 -> 8311.47
Page-Fisher sweep 60/60: loss 8311.47 -> 8312.23
{'stage': 'fit complete', 'layer': 14, 'losses': {'b16_r0': {'base_rank': 16, 'residual_rank': 0, 'fit_page_fisher_nmse': 1.0, 'validation_page_fisher_nmse': 1.0}, 'b16_r16': {'base_rank': 16, 'residual_rank': 16, 'fit_page_fisher_nmse': 0.04172634496787334, 'validation_page_fisher_nmse': 0.04722255430000789, 'sweeps': [{'sweep': 1, 'loss_before': 18277.919921875, 'loss_after_queries': 14791.755859375, 'loss_after_encoder': 10137.796875}, {'sweep': 2, 'loss_before': 10137.796875, 'loss_after_queries': 9215.0166015625, 'loss_after_encoder': 8911.4375}, {'sweep': 3, 'loss_before': 8911.4375, 'loss_after_queries': 8761.265625, 'loss_after_encoder': 8668.7177734375}, {'sweep': 4, 'loss_before': 8668.7177734375, 'loss_after_queries': 8604.892578125, 'loss_after_encoder': 8553.7939453125}, {'sweep': 5, 'loss_before': 8553.7939453125, 'loss_after_queries': 8515.185546875, 'loss_after_encoder': 8480.36328125}, {'sweep': 6, 'loss_before': 8480.36328125, 'loss_after_queries': 8455.865234375, 'loss_after_encoder': 8432.955078125}, {'sweep': 7, 'loss_before': 8432.955078125, 'loss_after_queries': 8416.9052734375, 'loss_after_encoder': 8401.6279296875}, {'sweep': 8, 'loss_before': 8401.6279296875, 'loss_after_queries': 8391.4814453125, 'loss_after_encoder': 8380.841796875}, {'sweep': 9, 'loss_before': 8380.841796875, 'loss_after_queries': 8374.05859375, 'loss_after_encoder': 8366.6201171875}, {'sweep': 10, 'loss_before': 8366.6201171875, 'loss_after_queries': 8360.6591796875, 'loss_after_encoder': 8354.6904296875}, {'sweep': 11, 'loss_before': 8354.6904296875, 'loss_after_queries': 8351.6015625, 'loss_after_encoder': 8347.01171875}, {'sweep': 12, 'loss_before': 8347.01171875, 'loss_after_queries': 8343.9482421875, 'loss_after_encoder': 8340.2900390625}, {'sweep': 13, 'loss_before': 8340.2900390625, 'loss_after_queries': 8337.8876953125, 'loss_after_encoder': 8334.8583984375}, {'sweep': 14, 'loss_before': 8334.8583984375, 'loss_after_queries': 8333.2490234375, 'loss_after_encoder': 8330.8046875}, {'sweep': 15, 'loss_before': 8330.8046875, 'loss_after_queries': 8329.9599609375, 'loss_after_encoder': 8327.8310546875}, {'sweep': 16, 'loss_before': 8327.8310546875, 'loss_after_queries': 8327.7255859375, 'loss_after_encoder': 8325.669921875}, {'sweep': 17, 'loss_before': 8325.669921875, 'loss_after_queries': 8325.0322265625, 'loss_after_encoder': 8323.166015625}, {'sweep': 18, 'loss_before': 8323.166015625, 'loss_after_queries': 8323.18359375, 'loss_after_encoder': 8321.5458984375}, {'sweep': 19, 'loss_before': 8321.5458984375, 'loss_after_queries': 8320.9345703125, 'loss_after_encoder': 8319.1982421875}, {'sweep': 20, 'loss_before': 8319.1982421875, 'loss_after_queries': 8319.552734375, 'loss_after_encoder': 8318.09375}, {'sweep': 21, 'loss_before': 8318.09375, 'loss_after_queries': 8317.83203125, 'loss_after_encoder': 8316.21875}, {'sweep': 22, 'loss_before': 8316.21875, 'loss_after_queries': 8317.1201171875, 'loss_after_encoder': 8315.3798828125}, {'sweep': 23, 'loss_before': 8315.3798828125, 'loss_after_queries': 8315.962890625, 'loss_after_encoder': 8314.3701171875}, {'sweep': 24, 'loss_before': 8314.3701171875, 'loss_after_queries': 8314.802734375, 'loss_after_encoder': 8313.0322265625}, {'sweep': 25, 'loss_before': 8313.0322265625, 'loss_after_queries': 8313.82421875, 'loss_after_encoder': 8312.2998046875}, {'sweep': 26, 'loss_before': 8312.2998046875, 'loss_after_queries': 8312.5009765625, 'loss_after_encoder': 8310.921875}, {'sweep': 27, 'loss_before': 8310.921875, 'loss_after_queries': 8312.0390625, 'loss_after_encoder': 8310.3037109375}, {'sweep': 28, 'loss_before': 8310.3037109375, 'loss_after_queries': 8310.490234375, 'loss_after_encoder': 8308.9296875}, {'sweep': 29, 'loss_before': 8308.9296875, 'loss_after_queries': 8310.146484375, 'loss_after_encoder': 8308.791015625}, {'sweep': 30, 'loss_before': 8308.791015625, 'loss_after_queries': 8309.1982421875, 'loss_after_encoder': 8307.6904296875}, {'sweep': 31, 'loss_before': 8307.6904296875, 'loss_after_queries': 8308.685546875, 'loss_after_encoder': 8307.4052734375}, {'sweep': 32, 'loss_before': 8307.4052734375, 'loss_after_queries': 8308.697265625, 'loss_after_encoder': 8307.5390625}, {'sweep': 33, 'loss_before': 8307.5390625, 'loss_after_queries': 8308.3466796875, 'loss_after_encoder': 8307.2919921875}, {'sweep': 34, 'loss_before': 8307.2919921875, 'loss_after_queries': 8307.7353515625, 'loss_after_encoder': 8306.822265625}, {'sweep': 35, 'loss_before': 8306.822265625, 'loss_after_queries': 8307.71875, 'loss_after_encoder': 8306.5498046875}, {'sweep': 36, 'loss_before': 8306.5498046875, 'loss_after_queries': 8307.40625, 'loss_after_encoder': 8306.521484375}, {'sweep': 37, 'loss_before': 8306.521484375, 'loss_after_queries': 8307.015625, 'loss_after_encoder': 8306.3447265625}, {'sweep': 38, 'loss_before': 8306.3447265625, 'loss_after_queries': 8307.271484375, 'loss_after_encoder': 8306.43359375}, {'sweep': 39, 'loss_before': 8306.43359375, 'loss_after_queries': 8307.5078125, 'loss_after_encoder': 8306.6689453125}, {'sweep': 40, 'loss_before': 8306.6689453125, 'loss_after_queries': 8307.0888671875, 'loss_after_encoder': 8306.232421875}, {'sweep': 41, 'loss_before': 8306.232421875, 'loss_after_queries': 8307.62109375, 'loss_after_encoder': 8306.90234375}, {'sweep': 42, 'loss_before': 8306.90234375, 'loss_after_queries': 8308.162109375, 'loss_after_encoder': 8307.34375}, {'sweep': 43, 'loss_before': 8307.34375, 'loss_after_queries': 8307.904296875, 'loss_after_encoder': 8307.1396484375}, {'sweep': 44, 'loss_before': 8307.1396484375, 'loss_after_queries': 8309.4404296875, 'loss_after_encoder': 8308.412109375}, {'sweep': 45, 'loss_before': 8308.412109375, 'loss_after_queries': 8308.30078125, 'loss_after_encoder': 8307.5390625}, {'sweep': 46, 'loss_before': 8307.5390625, 'loss_after_queries': 8309.3076171875, 'loss_after_encoder': 8308.259765625}, {'sweep': 47, 'loss_before': 8308.259765625, 'loss_after_queries': 8309.7822265625, 'loss_after_encoder': 8308.447265625}, {'sweep': 48, 'loss_before': 8308.447265625, 'loss_after_queries': 8309.521484375, 'loss_after_encoder': 8308.8896484375}, {'sweep': 49, 'loss_before': 8308.8896484375, 'loss_after_queries': 8310.19140625, 'loss_after_encoder': 8309.03125}, {'sweep': 50, 'loss_before': 8309.03125, 'loss_after_queries': 8310.884765625, 'loss_after_encoder': 8309.7783203125}, {'sweep': 51, 'loss_before': 8309.7783203125, 'loss_after_queries': 8310.5849609375, 'loss_after_encoder': 8309.234375}, {'sweep': 52, 'loss_before': 8309.234375, 'loss_after_queries': 8310.72265625, 'loss_after_encoder': 8309.8046875}, {'sweep': 53, 'loss_before': 8309.8046875, 'loss_after_queries': 8311.6318359375, 'loss_after_encoder': 8310.416015625}, {'sweep': 54, 'loss_before': 8310.416015625, 'loss_after_queries': 8311.7685546875, 'loss_after_encoder': 8310.7939453125}, {'sweep': 55, 'loss_before': 8310.7939453125, 'loss_after_queries': 8311.66015625, 'loss_after_encoder': 8310.6015625}, {'sweep': 56, 'loss_before': 8310.6015625, 'loss_after_queries': 8312.1484375, 'loss_after_encoder': 8311.1904296875}, {'sweep': 57, 'loss_before': 8311.1904296875, 'loss_after_queries': 8312.5673828125, 'loss_after_encoder': 8311.5546875}, {'sweep': 58, 'loss_before': 8311.5546875, 'loss_after_queries': 8312.134765625, 'loss_after_encoder': 8311.24609375}, {'sweep': 59, 'loss_before': 8311.24609375, 'loss_after_queries': 8312.4990234375, 'loss_after_encoder': 8311.4677734375}, {'sweep': 60, 'loss_before': 8311.4677734375, 'loss_after_queries': 8312.8505859375, 'loss_after_encoder': 8312.2255859375}], 'final_query_maximum_iterations': 50, 'final_query_maximum_relative_residual': 0.0027552128303796053}}}
    fit residual router base=16 rank=16
Page-Fisher sweep 1/60: loss 25058.9 -> 14316.4
Page-Fisher sweep 2/60: loss 14316.4 -> 12645
Page-Fisher sweep 3/60: loss 12645 -> 12320.8
Page-Fisher sweep 4/60: loss 12320.8 -> 12180.4
Page-Fisher sweep 5/60: loss 12180.4 -> 12098.5
Page-Fisher sweep 6/60: loss 12098.5 -> 12042.7
Page-Fisher sweep 7/60: loss 12042.7 -> 12002.6
Page-Fisher sweep 8/60: loss 12002.6 -> 11970.6
Page-Fisher sweep 9/60: loss 11970.6 -> 11946.8
Page-Fisher sweep 10/60: loss 11946.8 -> 11928.6
Page-Fisher sweep 11/60: loss 11928.6 -> 11915.4
Page-Fisher sweep 12/60: loss 11915.4 -> 11905.3
Page-Fisher sweep 13/60: loss 11905.3 -> 11897.4
Page-Fisher sweep 14/60: loss 11897.4 -> 11891.6
Page-Fisher sweep 15/60: loss 11891.6 -> 11888.8
Page-Fisher sweep 16/60: loss 11888.8 -> 11884.5
Page-Fisher sweep 17/60: loss 11884.5 -> 11882.6
Page-Fisher sweep 18/60: loss 11882.6 -> 11877.9
Page-Fisher sweep 19/60: loss 11877.9 -> 11875.4
Page-Fisher sweep 20/60: loss 11875.4 -> 11873.4
Page-Fisher sweep 21/60: loss 11873.4 -> 11871.9
Page-Fisher sweep 22/60: loss 11871.9 -> 11871.4
Page-Fisher sweep 23/60: loss 11871.4 -> 11869.6
Page-Fisher sweep 24/60: loss 11869.6 -> 11868.6
Page-Fisher sweep 25/60: loss 11868.6 -> 11868.4
Page-Fisher sweep 26/60: loss 11868.4 -> 11868.3
Page-Fisher sweep 27/60: loss 11868.3 -> 11866.5
Page-Fisher sweep 28/60: loss 11866.5 -> 11865.3
Page-Fisher sweep 29/60: loss 11865.3 -> 11865.3
Page-Fisher sweep 30/60: loss 11865.3 -> 11864.9
Page-Fisher sweep 31/60: loss 11864.9 -> 11864.9
Page-Fisher sweep 32/60: loss 11864.9 -> 11865.5
Page-Fisher sweep 33/60: loss 11865.5 -> 11865.1
Page-Fisher sweep 34/60: loss 11865.1 -> 11865.3
Page-Fisher sweep 35/60: loss 11865.3 -> 11867.1
Page-Fisher sweep 36/60: loss 11867.1 -> 11866.2
Page-Fisher sweep 37/60: loss 11866.2 -> 11868.3
Page-Fisher sweep 38/60: loss 11868.3 -> 11867
Page-Fisher sweep 39/60: loss 11867 -> 11869.7
Page-Fisher sweep 40/60: loss 11869.7 -> 11869.6
Page-Fisher sweep 41/60: loss 11869.6 -> 11871.2
Page-Fisher sweep 42/60: loss 11871.2 -> 11870.7
Page-Fisher sweep 43/60: loss 11870.7 -> 11871.7
Page-Fisher sweep 44/60: loss 11871.7 -> 11872.8
Page-Fisher sweep 45/60: loss 11872.8 -> 11873.4
Page-Fisher sweep 46/60: loss 11873.4 -> 11874.1
Page-Fisher sweep 47/60: loss 11874.1 -> 11874
Page-Fisher sweep 48/60: loss 11874 -> 11875
Page-Fisher sweep 49/60: loss 11875 -> 11875.7
Page-Fisher sweep 50/60: loss 11875.7 -> 11876
Page-Fisher sweep 51/60: loss 11876 -> 11876.8
Page-Fisher sweep 52/60: loss 11876.8 -> 11877.4
Page-Fisher sweep 53/60: loss 11877.4 -> 11875.7
Page-Fisher sweep 54/60: loss 11875.7 -> 11876.1
Page-Fisher sweep 55/60: loss 11876.1 -> 11875.1
Page-Fisher sweep 56/60: loss 11875.1 -> 11876
Page-Fisher sweep 57/60: loss 11876 -> 11876.5
Page-Fisher sweep 58/60: loss 11876.5 -> 11876
Page-Fisher sweep 59/60: loss 11876 -> 11875.7
Page-Fisher sweep 60/60: loss 11875.7 -> 11876.4
{'stage': 'fit complete', 'layer': 15, 'losses': {'b16_r0': {'base_rank': 16, 'residual_rank': 0, 'fit_page_fisher_nmse': 1.0, 'validation_page_fisher_nmse': 1.0}, 'b16_r16': {'base_rank': 16, 'residual_rank': 16, 'fit_page_fisher_nmse': 0.04147579935779838, 'validation_page_fisher_nmse': 0.0467234012111248, 'sweeps': [{'sweep': 1, 'loss_before': 25058.9140625, 'loss_after_queries': 20333.884765625, 'loss_after_encoder': 14316.35546875}, {'sweep': 2, 'loss_before': 14316.35546875, 'loss_after_queries': 13033.5, 'loss_after_encoder': 12644.9599609375}, {'sweep': 3, 'loss_before': 12644.9599609375, 'loss_after_queries': 12438.7685546875, 'loss_after_encoder': 12320.779296875}, {'sweep': 4, 'loss_before': 12320.779296875, 'loss_after_queries': 12237.5498046875, 'loss_after_encoder': 12180.36328125}, {'sweep': 5, 'loss_before': 12180.36328125, 'loss_after_queries': 12133.703125, 'loss_after_encoder': 12098.4599609375}, {'sweep': 6, 'loss_before': 12098.4599609375, 'loss_after_queries': 12067.9541015625, 'loss_after_encoder': 12042.7451171875}, {'sweep': 7, 'loss_before': 12042.7451171875, 'loss_after_queries': 12022.22265625, 'loss_after_encoder': 12002.580078125}, {'sweep': 8, 'loss_before': 12002.580078125, 'loss_after_queries': 11986.0, 'loss_after_encoder': 11970.556640625}, {'sweep': 9, 'loss_before': 11970.556640625, 'loss_after_queries': 11959.5400390625, 'loss_after_encoder': 11946.8427734375}, {'sweep': 10, 'loss_before': 11946.8427734375, 'loss_after_queries': 11938.19140625, 'loss_after_encoder': 11928.57421875}, {'sweep': 11, 'loss_before': 11928.57421875, 'loss_after_queries': 11923.62109375, 'loss_after_encoder': 11915.4482421875}, {'sweep': 12, 'loss_before': 11915.4482421875, 'loss_after_queries': 11911.8212890625, 'loss_after_encoder': 11905.3037109375}, {'sweep': 13, 'loss_before': 11905.3037109375, 'loss_after_queries': 11902.951171875, 'loss_after_encoder': 11897.431640625}, {'sweep': 14, 'loss_before': 11897.431640625, 'loss_after_queries': 11895.75390625, 'loss_after_encoder': 11891.640625}, {'sweep': 15, 'loss_before': 11891.640625, 'loss_after_queries': 11890.8798828125, 'loss_after_encoder': 11888.7783203125}, {'sweep': 16, 'loss_before': 11888.7783203125, 'loss_after_queries': 11886.734375, 'loss_after_encoder': 11884.546875}, {'sweep': 17, 'loss_before': 11884.546875, 'loss_after_queries': 11884.2470703125, 'loss_after_encoder': 11882.58203125}, {'sweep': 18, 'loss_before': 11882.58203125, 'loss_after_queries': 11879.646484375, 'loss_after_encoder': 11877.9052734375}, {'sweep': 19, 'loss_before': 11877.9052734375, 'loss_after_queries': 11877.330078125, 'loss_after_encoder': 11875.392578125}, {'sweep': 20, 'loss_before': 11875.392578125, 'loss_after_queries': 11874.697265625, 'loss_after_encoder': 11873.365234375}, {'sweep': 21, 'loss_before': 11873.365234375, 'loss_after_queries': 11873.37109375, 'loss_after_encoder': 11871.9453125}, {'sweep': 22, 'loss_before': 11871.9453125, 'loss_after_queries': 11872.6572265625, 'loss_after_encoder': 11871.3994140625}, {'sweep': 23, 'loss_before': 11871.3994140625, 'loss_after_queries': 11871.0048828125, 'loss_after_encoder': 11869.58984375}, {'sweep': 24, 'loss_before': 11869.58984375, 'loss_after_queries': 11869.869140625, 'loss_after_encoder': 11868.5849609375}, {'sweep': 25, 'loss_before': 11868.5849609375, 'loss_after_queries': 11869.25390625, 'loss_after_encoder': 11868.357421875}, {'sweep': 26, 'loss_before': 11868.357421875, 'loss_after_queries': 11869.2451171875, 'loss_after_encoder': 11868.2783203125}, {'sweep': 27, 'loss_before': 11868.2783203125, 'loss_after_queries': 11868.025390625, 'loss_after_encoder': 11866.5322265625}, {'sweep': 28, 'loss_before': 11866.5322265625, 'loss_after_queries': 11866.1259765625, 'loss_after_encoder': 11865.265625}, {'sweep': 29, 'loss_before': 11865.265625, 'loss_after_queries': 11866.8359375, 'loss_after_encoder': 11865.2880859375}, {'sweep': 30, 'loss_before': 11865.2880859375, 'loss_after_queries': 11866.1298828125, 'loss_after_encoder': 11864.908203125}, {'sweep': 31, 'loss_before': 11864.908203125, 'loss_after_queries': 11865.6962890625, 'loss_after_encoder': 11864.8837890625}, {'sweep': 32, 'loss_before': 11864.8837890625, 'loss_after_queries': 11866.2099609375, 'loss_after_encoder': 11865.5419921875}, {'sweep': 33, 'loss_before': 11865.5419921875, 'loss_after_queries': 11866.328125, 'loss_after_encoder': 11865.111328125}, {'sweep': 34, 'loss_before': 11865.111328125, 'loss_after_queries': 11865.625, 'loss_after_encoder': 11865.3291015625}, {'sweep': 35, 'loss_before': 11865.3291015625, 'loss_after_queries': 11867.173828125, 'loss_after_encoder': 11867.11328125}, {'sweep': 36, 'loss_before': 11867.11328125, 'loss_after_queries': 11867.1162109375, 'loss_after_encoder': 11866.1865234375}, {'sweep': 37, 'loss_before': 11866.1865234375, 'loss_after_queries': 11868.20703125, 'loss_after_encoder': 11868.2578125}, {'sweep': 38, 'loss_before': 11868.2578125, 'loss_after_queries': 11867.212890625, 'loss_after_encoder': 11867.025390625}, {'sweep': 39, 'loss_before': 11867.025390625, 'loss_after_queries': 11869.8779296875, 'loss_after_encoder': 11869.7333984375}, {'sweep': 40, 'loss_before': 11869.7333984375, 'loss_after_queries': 11870.4912109375, 'loss_after_encoder': 11869.599609375}, {'sweep': 41, 'loss_before': 11869.599609375, 'loss_after_queries': 11871.1875, 'loss_after_encoder': 11871.212890625}, {'sweep': 42, 'loss_before': 11871.212890625, 'loss_after_queries': 11872.115234375, 'loss_after_encoder': 11870.673828125}, {'sweep': 43, 'loss_before': 11870.673828125, 'loss_after_queries': 11872.7587890625, 'loss_after_encoder': 11871.708984375}, {'sweep': 44, 'loss_before': 11871.708984375, 'loss_after_queries': 11873.5205078125, 'loss_after_encoder': 11872.796875}, {'sweep': 45, 'loss_before': 11872.796875, 'loss_after_queries': 11874.673828125, 'loss_after_encoder': 11873.3623046875}, {'sweep': 46, 'loss_before': 11873.3623046875, 'loss_after_queries': 11875.869140625, 'loss_after_encoder': 11874.060546875}, {'sweep': 47, 'loss_before': 11874.060546875, 'loss_after_queries': 11875.9013671875, 'loss_after_encoder': 11873.98828125}, {'sweep': 48, 'loss_before': 11873.98828125, 'loss_after_queries': 11877.1279296875, 'loss_after_encoder': 11874.9775390625}, {'sweep': 49, 'loss_before': 11874.9775390625, 'loss_after_queries': 11876.8203125, 'loss_after_encoder': 11875.7177734375}, {'sweep': 50, 'loss_before': 11875.7177734375, 'loss_after_queries': 11878.123046875, 'loss_after_encoder': 11875.9521484375}, {'sweep': 51, 'loss_before': 11875.9521484375, 'loss_after_queries': 11878.2255859375, 'loss_after_encoder': 11876.79296875}, {'sweep': 52, 'loss_before': 11876.79296875, 'loss_after_queries': 11879.205078125, 'loss_after_encoder': 11877.4482421875}, {'sweep': 53, 'loss_before': 11877.4482421875, 'loss_after_queries': 11878.0908203125, 'loss_after_encoder': 11875.69921875}, {'sweep': 54, 'loss_before': 11875.69921875, 'loss_after_queries': 11877.8837890625, 'loss_after_encoder': 11876.134765625}, {'sweep': 55, 'loss_before': 11876.134765625, 'loss_after_queries': 11877.1005859375, 'loss_after_encoder': 11875.1015625}, {'sweep': 56, 'loss_before': 11875.1015625, 'loss_after_queries': 11877.962890625, 'loss_after_encoder': 11876.00390625}, {'sweep': 57, 'loss_before': 11876.00390625, 'loss_after_queries': 11878.7109375, 'loss_after_encoder': 11876.5341796875}, {'sweep': 58, 'loss_before': 11876.5341796875, 'loss_after_queries': 11877.6982421875, 'loss_after_encoder': 11876.03125}, {'sweep': 59, 'loss_before': 11876.03125, 'loss_after_queries': 11877.580078125, 'loss_after_encoder': 11875.7119140625}, {'sweep': 60, 'loss_before': 11875.7119140625, 'loss_after_queries': 11878.7216796875, 'loss_after_encoder': 11876.4013671875}], 'final_query_maximum_iterations': 50, 'final_query_maximum_relative_residual': 0.003966255113482475}}}
FIT COMPLETE
