model,revision,method,context,batch,tp,v_rank,base_rank,residual_rank,page_size,sparse_budget,sink,recent,k_residency,dtype,gpu,repeat,run_id,stage,median_ms,p10_ms,p90_ms,collective,communicated_width,communicated_elements_per_rank,payload_bytes_per_rank,ring_bytes_per_rank
Qwen/Qwen3-8B-Base,49e3418fbbbca6ecbdf9608b4d22e5a407081db4,dense_ar,n/a,1,8,64,,,,,,,n/a,bfloat16,NVIDIA L40S,0,dense_ar_b1,projection,0.014240000396966934,0.012864000163972378,0.01696000061929226,all_reduce,4096,4096,8192,14336.0
Qwen/Qwen3-8B-Base,49e3418fbbbca6ecbdf9608b4d22e5a407081db4,dense_ar,n/a,1,8,64,,,,,,,n/a,bfloat16,NVIDIA L40S,0,dense_ar_b1,collective,0.0390079990029335,0.0344959981739521,0.044256001710891724,all_reduce,4096,4096,8192,14336.0
Qwen/Qwen3-8B-Base,49e3418fbbbca6ecbdf9608b4d22e5a407081db4,dense_ar,n/a,1,8,64,,,,,,,n/a,bfloat16,NVIDIA L40S,0,dense_ar_b1,reconstruction,0.009983999654650688,0.009759999811649323,0.010688000358641148,all_reduce,4096,4096,8192,14336.0
Qwen/Qwen3-8B-Base,49e3418fbbbca6ecbdf9608b4d22e5a407081db4,dense_ar,n/a,1,8,64,,,,,,,n/a,bfloat16,NVIDIA L40S,0,dense_ar_b1,total,0.07368000224232674,0.06947200000286102,0.08035200089216232,all_reduce,4096,4096,8192,14336.0
Qwen/Qwen3-8B-Base,49e3418fbbbca6ecbdf9608b4d22e5a407081db4,lr_ar_wire,n/a,1,8,64,,,,,,,n/a,bfloat16,NVIDIA L40S,0,lr_ar_wire_b1,projection,0.01696000061929226,0.016224000602960587,0.024831999093294144,all_reduce,1024,1024,2048,3584.0
Qwen/Qwen3-8B-Base,49e3418fbbbca6ecbdf9608b4d22e5a407081db4,lr_ar_wire,n/a,1,8,64,,,,,,,n/a,bfloat16,NVIDIA L40S,0,lr_ar_wire_b1,collective,0.03734400123357773,0.035679999738931656,0.04281599819660187,all_reduce,1024,1024,2048,3584.0
Qwen/Qwen3-8B-Base,49e3418fbbbca6ecbdf9608b4d22e5a407081db4,lr_ar_wire,n/a,1,8,64,,,,,,,n/a,bfloat16,NVIDIA L40S,0,lr_ar_wire_b1,reconstruction,0.012959999963641167,0.012671999633312225,0.014271999709308147,all_reduce,1024,1024,2048,3584.0
Qwen/Qwen3-8B-Base,49e3418fbbbca6ecbdf9608b4d22e5a407081db4,lr_ar_wire,n/a,1,8,64,,,,,,,n/a,bfloat16,NVIDIA L40S,0,lr_ar_wire_b1,total,0.07204799726605415,0.06896000355482101,0.07952000200748444,all_reduce,1024,1024,2048,3584.0
Qwen/Qwen3-8B-Base,49e3418fbbbca6ecbdf9608b4d22e5a407081db4,lr_ar_cap,n/a,1,8,64,,,,,,,n/a,bfloat16,NVIDIA L40S,0,lr_ar_cap_b1,projection,0.016607999801635742,0.016383999958634377,0.018015999346971512,all_reduce,2048,2048,4096,7168.0
Qwen/Qwen3-8B-Base,49e3418fbbbca6ecbdf9608b4d22e5a407081db4,lr_ar_cap,n/a,1,8,64,,,,,,,n/a,bfloat16,NVIDIA L40S,0,lr_ar_cap_b1,collective,0.037296000868082047,0.03526400029659271,0.04102399945259094,all_reduce,2048,2048,4096,7168.0
Qwen/Qwen3-8B-Base,49e3418fbbbca6ecbdf9608b4d22e5a407081db4,lr_ar_cap,n/a,1,8,64,,,,,,,n/a,bfloat16,NVIDIA L40S,0,lr_ar_cap_b1,reconstruction,0.02107200026512146,0.0191040001809597,0.02412799932062626,all_reduce,2048,2048,4096,7168.0
Qwen/Qwen3-8B-Base,49e3418fbbbca6ecbdf9608b4d22e5a407081db4,lr_ar_cap,n/a,1,8,64,,,,,,,n/a,bfloat16,NVIDIA L40S,0,lr_ar_cap_b1,total,0.07041599974036217,0.06627199798822403,0.07840000092983246,all_reduce,2048,2048,4096,7168.0
Qwen/Qwen3-8B-Base,49e3418fbbbca6ecbdf9608b4d22e5a407081db4,c1_ar,n/a,1,8,64,,,,,,,n/a,bfloat16,NVIDIA L40S,0,c1_ar_b1,projection,0.01727999933063984,0.01692800037562847,0.02239999920129776,all_reduce,2048,2048,4096,7168.0
Qwen/Qwen3-8B-Base,49e3418fbbbca6ecbdf9608b4d22e5a407081db4,c1_ar,n/a,1,8,64,,,,,,,n/a,bfloat16,NVIDIA L40S,0,c1_ar_b1,collective,0.03743999823927879,0.03548799827694893,0.04275200143456459,all_reduce,2048,2048,4096,7168.0
Qwen/Qwen3-8B-Base,49e3418fbbbca6ecbdf9608b4d22e5a407081db4,c1_ar,n/a,1,8,64,,,,,,,n/a,bfloat16,NVIDIA L40S,0,c1_ar_b1,reconstruction,0.024768000468611717,0.024607999250292778,0.02502400055527687,all_reduce,2048,2048,4096,7168.0
Qwen/Qwen3-8B-Base,49e3418fbbbca6ecbdf9608b4d22e5a407081db4,c1_ar,n/a,1,8,64,,,,,,,n/a,bfloat16,NVIDIA L40S,0,c1_ar_b1,total,0.08712000027298927,0.08230400085449219,0.09583999961614609,all_reduce,2048,2048,4096,7168.0
Qwen/Qwen3-8B-Base,49e3418fbbbca6ecbdf9608b4d22e5a407081db4,basiskv_ag,n/a,1,8,64,,,,,,,n/a,bfloat16,NVIDIA L40S,0,basiskv_ag_b1,projection,0.012496000155806541,0.012191999703645706,0.015039999969303608,all_gather,256,256,512,3584.0
Qwen/Qwen3-8B-Base,49e3418fbbbca6ecbdf9608b4d22e5a407081db4,basiskv_ag,n/a,1,8,64,,,,,,,n/a,bfloat16,NVIDIA L40S,0,basiskv_ag_b1,collective,0.016896000131964684,0.01600000075995922,0.017983999103307724,all_gather,256,256,512,3584.0
Qwen/Qwen3-8B-Base,49e3418fbbbca6ecbdf9608b4d22e5a407081db4,basiskv_ag,n/a,1,8,64,,,,,,,n/a,bfloat16,NVIDIA L40S,0,basiskv_ag_b1,reconstruction,0.024752000346779823,0.02457600086927414,0.024992000311613083,all_gather,256,256,512,3584.0
Qwen/Qwen3-8B-Base,49e3418fbbbca6ecbdf9608b4d22e5a407081db4,basiskv_ag,n/a,1,8,64,,,,,,,n/a,bfloat16,NVIDIA L40S,0,basiskv_ag_b1,total,0.0414079986512661,0.04070400074124336,0.04761600121855736,all_gather,256,256,512,3584.0
Qwen/Qwen3-8B-Base,49e3418fbbbca6ecbdf9608b4d22e5a407081db4,dense_ar,n/a,1,8,64,,,,,,,n/a,bfloat16,NVIDIA L40S,1,dense_ar_b1,projection,0.012864000163972378,0.012640000320971012,0.013919999822974205,all_reduce,4096,4096,8192,14336.0
Qwen/Qwen3-8B-Base,49e3418fbbbca6ecbdf9608b4d22e5a407081db4,dense_ar,n/a,1,8,64,,,,,,,n/a,bfloat16,NVIDIA L40S,1,dense_ar_b1,collective,0.038176000118255615,0.03548799827694893,0.04262400045990944,all_reduce,4096,4096,8192,14336.0
Qwen/Qwen3-8B-Base,49e3418fbbbca6ecbdf9608b4d22e5a407081db4,dense_ar,n/a,1,8,64,,,,,,,n/a,bfloat16,NVIDIA L40S,1,dense_ar_b1,reconstruction,0.010015999898314476,0.00979200005531311,0.011136000044643879,all_reduce,4096,4096,8192,14336.0
Qwen/Qwen3-8B-Base,49e3418fbbbca6ecbdf9608b4d22e5a407081db4,dense_ar,n/a,1,8,64,,,,,,,n/a,bfloat16,NVIDIA L40S,1,dense_ar_b1,total,0.07460800185799599,0.0721919983625412,0.08131200075149536,all_reduce,4096,4096,8192,14336.0
Qwen/Qwen3-8B-Base,49e3418fbbbca6ecbdf9608b4d22e5a407081db4,lr_ar_wire,n/a,1,8,64,,,,,,,n/a,bfloat16,NVIDIA L40S,1,lr_ar_wire_b1,projection,0.0163199994713068,0.016063999384641647,0.01849599927663803,all_reduce,1024,1024,2048,3584.0
Qwen/Qwen3-8B-Base,49e3418fbbbca6ecbdf9608b4d22e5a407081db4,lr_ar_wire,n/a,1,8,64,,,,,,,n/a,bfloat16,NVIDIA L40S,1,lr_ar_wire_b1,collective,0.036448001861572266,0.03542400151491165,0.038784001022577286,all_reduce,1024,1024,2048,3584.0
Qwen/Qwen3-8B-Base,49e3418fbbbca6ecbdf9608b4d22e5a407081db4,lr_ar_wire,n/a,1,8,64,,,,,,,n/a,bfloat16,NVIDIA L40S,1,lr_ar_wire_b1,reconstruction,0.012943999841809273,0.012671999633312225,0.01369599997997284,all_reduce,1024,1024,2048,3584.0
Qwen/Qwen3-8B-Base,49e3418fbbbca6ecbdf9608b4d22e5a407081db4,lr_ar_wire,n/a,1,8,64,,,,,,,n/a,bfloat16,NVIDIA L40S,1,lr_ar_wire_b1,total,0.0708639994263649,0.06691200286149979,0.08156800270080566,all_reduce,1024,1024,2048,3584.0
Qwen/Qwen3-8B-Base,49e3418fbbbca6ecbdf9608b4d22e5a407081db4,lr_ar_cap,n/a,1,8,64,,,,,,,n/a,bfloat16,NVIDIA L40S,1,lr_ar_cap_b1,projection,0.01958400011062622,0.01849599927663803,0.023135999217629433,all_reduce,2048,2048,4096,7168.0
Qwen/Qwen3-8B-Base,49e3418fbbbca6ecbdf9608b4d22e5a407081db4,lr_ar_cap,n/a,1,8,64,,,,,,,n/a,bfloat16,NVIDIA L40S,1,lr_ar_cap_b1,collective,0.038336001336574554,0.03545600175857544,0.04355200007557869,all_reduce,2048,2048,4096,7168.0
Qwen/Qwen3-8B-Base,49e3418fbbbca6ecbdf9608b4d22e5a407081db4,lr_ar_cap,n/a,1,8,64,,,,,,,n/a,bfloat16,NVIDIA L40S,1,lr_ar_cap_b1,reconstruction,0.015792000107467175,0.015552000142633915,0.017311999574303627,all_reduce,2048,2048,4096,7168.0
Qwen/Qwen3-8B-Base,49e3418fbbbca6ecbdf9608b4d22e5a407081db4,lr_ar_cap,n/a,1,8,64,,,,,,,n/a,bfloat16,NVIDIA L40S,1,lr_ar_cap_b1,total,0.07001599669456482,0.06719999760389328,0.07852800190448761,all_reduce,2048,2048,4096,7168.0
Qwen/Qwen3-8B-Base,49e3418fbbbca6ecbdf9608b4d22e5a407081db4,c1_ar,n/a,1,8,64,,,,,,,n/a,bfloat16,NVIDIA L40S,1,c1_ar_b1,projection,0.017216000705957413,0.01679999940097332,0.020640000700950623,all_reduce,2048,2048,4096,7168.0
Qwen/Qwen3-8B-Base,49e3418fbbbca6ecbdf9608b4d22e5a407081db4,c1_ar,n/a,1,8,64,,,,,,,n/a,bfloat16,NVIDIA L40S,1,c1_ar_b1,collective,0.036559998989105225,0.03532800078392029,0.04022400081157684,all_reduce,2048,2048,4096,7168.0
Qwen/Qwen3-8B-Base,49e3418fbbbca6ecbdf9608b4d22e5a407081db4,c1_ar,n/a,1,8,64,,,,,,,n/a,bfloat16,NVIDIA L40S,1,c1_ar_b1,reconstruction,0.02470399998128414,0.024607999250292778,0.024960000067949295,all_reduce,2048,2048,4096,7168.0
Qwen/Qwen3-8B-Base,49e3418fbbbca6ecbdf9608b4d22e5a407081db4,c1_ar,n/a,1,8,64,,,,,,,n/a,bfloat16,NVIDIA L40S,1,c1_ar_b1,total,0.08736000210046768,0.0854720026254654,0.09430400282144547,all_reduce,2048,2048,4096,7168.0
Qwen/Qwen3-8B-Base,49e3418fbbbca6ecbdf9608b4d22e5a407081db4,basiskv_ag,n/a,1,8,64,,,,,,,n/a,bfloat16,NVIDIA L40S,1,basiskv_ag_b1,projection,0.012480000033974648,0.012191999703645706,0.014303999952971935,all_gather,256,256,512,3584.0
Qwen/Qwen3-8B-Base,49e3418fbbbca6ecbdf9608b4d22e5a407081db4,basiskv_ag,n/a,1,8,64,,,,,,,n/a,bfloat16,NVIDIA L40S,1,basiskv_ag_b1,collective,0.016416000202298164,0.015744000673294067,0.017632000148296356,all_gather,256,256,512,3584.0
Qwen/Qwen3-8B-Base,49e3418fbbbca6ecbdf9608b4d22e5a407081db4,basiskv_ag,n/a,1,8,64,,,,,,,n/a,bfloat16,NVIDIA L40S,1,basiskv_ag_b1,reconstruction,0.02470399998128414,0.02457600086927414,0.024992000311613083,all_gather,256,256,512,3584.0
Qwen/Qwen3-8B-Base,49e3418fbbbca6ecbdf9608b4d22e5a407081db4,basiskv_ag,n/a,1,8,64,,,,,,,n/a,bfloat16,NVIDIA L40S,1,basiskv_ag_b1,total,0.04121600091457367,0.04054399952292442,0.04211200028657913,all_gather,256,256,512,3584.0
Qwen/Qwen3-8B-Base,49e3418fbbbca6ecbdf9608b4d22e5a407081db4,dense_ar,n/a,1,8,64,,,,,,,n/a,bfloat16,NVIDIA L40S,2,dense_ar_b1,projection,0.013104000128805637,0.01283199992030859,0.014015999622642994,all_reduce,4096,4096,8192,14336.0
Qwen/Qwen3-8B-Base,49e3418fbbbca6ecbdf9608b4d22e5a407081db4,dense_ar,n/a,1,8,64,,,,,,,n/a,bfloat16,NVIDIA L40S,2,dense_ar_b1,collective,0.03649599850177765,0.0350399985909462,0.040063999593257904,all_reduce,4096,4096,8192,14336.0
Qwen/Qwen3-8B-Base,49e3418fbbbca6ecbdf9608b4d22e5a407081db4,dense_ar,n/a,1,8,64,,,,,,,n/a,bfloat16,NVIDIA L40S,2,dense_ar_b1,reconstruction,0.009983999654650688,0.009696000255644321,0.010784000158309937,all_reduce,4096,4096,8192,14336.0
Qwen/Qwen3-8B-Base,49e3418fbbbca6ecbdf9608b4d22e5a407081db4,dense_ar,n/a,1,8,64,,,,,,,n/a,bfloat16,NVIDIA L40S,2,dense_ar_b1,total,0.07472000271081924,0.0732479989528656,0.07849600166082382,all_reduce,4096,4096,8192,14336.0
Qwen/Qwen3-8B-Base,49e3418fbbbca6ecbdf9608b4d22e5a407081db4,lr_ar_wire,n/a,1,8,64,,,,,,,n/a,bfloat16,NVIDIA L40S,2,lr_ar_wire_b1,projection,0.023264000192284584,0.017376000061631203,0.026399999856948853,all_reduce,1024,1024,2048,3584.0
Qwen/Qwen3-8B-Base,49e3418fbbbca6ecbdf9608b4d22e5a407081db4,lr_ar_wire,n/a,1,8,64,,,,,,,n/a,bfloat16,NVIDIA L40S,2,lr_ar_wire_b1,collective,0.035551998764276505,0.034304000437259674,0.04281599819660187,all_reduce,1024,1024,2048,3584.0
Qwen/Qwen3-8B-Base,49e3418fbbbca6ecbdf9608b4d22e5a407081db4,lr_ar_wire,n/a,1,8,64,,,,,,,n/a,bfloat16,NVIDIA L40S,2,lr_ar_wire_b1,reconstruction,0.012959999963641167,0.012671999633312225,0.014592000283300877,all_reduce,1024,1024,2048,3584.0
Qwen/Qwen3-8B-Base,49e3418fbbbca6ecbdf9608b4d22e5a407081db4,lr_ar_wire,n/a,1,8,64,,,,,,,n/a,bfloat16,NVIDIA L40S,2,lr_ar_wire_b1,total,0.07051200047135353,0.06876800209283829,0.07785599678754807,all_reduce,1024,1024,2048,3584.0
Qwen/Qwen3-8B-Base,49e3418fbbbca6ecbdf9608b4d22e5a407081db4,lr_ar_cap,n/a,1,8,64,,,,,,,n/a,bfloat16,NVIDIA L40S,2,lr_ar_cap_b1,projection,0.020031999796628952,0.017823999747633934,0.023423999547958374,all_reduce,2048,2048,4096,7168.0
Qwen/Qwen3-8B-Base,49e3418fbbbca6ecbdf9608b4d22e5a407081db4,lr_ar_cap,n/a,1,8,64,,,,,,,n/a,bfloat16,NVIDIA L40S,2,lr_ar_cap_b1,collective,0.03670400008559227,0.03532800078392029,0.041152000427246094,all_reduce,2048,2048,4096,7168.0
Qwen/Qwen3-8B-Base,49e3418fbbbca6ecbdf9608b4d22e5a407081db4,lr_ar_cap,n/a,1,8,64,,,,,,,n/a,bfloat16,NVIDIA L40S,2,lr_ar_cap_b1,reconstruction,0.015744000673294067,0.015552000142633915,0.016831999644637108,all_reduce,2048,2048,4096,7168.0
Qwen/Qwen3-8B-Base,49e3418fbbbca6ecbdf9608b4d22e5a407081db4,lr_ar_cap,n/a,1,8,64,,,,,,,n/a,bfloat16,NVIDIA L40S,2,lr_ar_cap_b1,total,0.07248000055551529,0.0708480030298233,0.07692799717187881,all_reduce,2048,2048,4096,7168.0
Qwen/Qwen3-8B-Base,49e3418fbbbca6ecbdf9608b4d22e5a407081db4,c1_ar,n/a,1,8,64,,,,,,,n/a,bfloat16,NVIDIA L40S,2,c1_ar_b1,projection,0.025919999927282333,0.016992000862956047,0.030208000913262367,all_reduce,2048,2048,4096,7168.0
Qwen/Qwen3-8B-Base,49e3418fbbbca6ecbdf9608b4d22e5a407081db4,c1_ar,n/a,1,8,64,,,,,,,n/a,bfloat16,NVIDIA L40S,2,c1_ar_b1,collective,0.035023998469114304,0.03372799977660179,0.04095999896526337,all_reduce,2048,2048,4096,7168.0
Qwen/Qwen3-8B-Base,49e3418fbbbca6ecbdf9608b4d22e5a407081db4,c1_ar,n/a,1,8,64,,,,,,,n/a,bfloat16,NVIDIA L40S,2,c1_ar_b1,reconstruction,0.02473600022494793,0.024607999250292778,0.02502400055527687,all_reduce,2048,2048,4096,7168.0
Qwen/Qwen3-8B-Base,49e3418fbbbca6ecbdf9608b4d22e5a407081db4,c1_ar,n/a,1,8,64,,,,,,,n/a,bfloat16,NVIDIA L40S,2,c1_ar_b1,total,0.08563200011849403,0.08284799754619598,0.0939520001411438,all_reduce,2048,2048,4096,7168.0
Qwen/Qwen3-8B-Base,49e3418fbbbca6ecbdf9608b4d22e5a407081db4,basiskv_ag,n/a,1,8,64,,,,,,,n/a,bfloat16,NVIDIA L40S,2,basiskv_ag_b1,projection,0.012608000077307224,0.01228800043463707,0.01587199978530407,all_gather,256,256,512,3584.0
Qwen/Qwen3-8B-Base,49e3418fbbbca6ecbdf9608b4d22e5a407081db4,basiskv_ag,n/a,1,8,64,,,,,,,n/a,bfloat16,NVIDIA L40S,2,basiskv_ag_b1,collective,0.017008000053465366,0.016256000846624374,0.017983999103307724,all_gather,256,256,512,3584.0
Qwen/Qwen3-8B-Base,49e3418fbbbca6ecbdf9608b4d22e5a407081db4,basiskv_ag,n/a,1,8,64,,,,,,,n/a,bfloat16,NVIDIA L40S,2,basiskv_ag_b1,reconstruction,0.02473600022494793,0.024607999250292778,0.024992000311613083,all_gather,256,256,512,3584.0
Qwen/Qwen3-8B-Base,49e3418fbbbca6ecbdf9608b4d22e5a407081db4,basiskv_ag,n/a,1,8,64,,,,,,,n/a,bfloat16,NVIDIA L40S,2,basiskv_ag_b1,total,0.04137599840760231,0.040511999279260635,0.04243199899792671,all_gather,256,256,512,3584.0
Qwen/Qwen3-8B-Base,49e3418fbbbca6ecbdf9608b4d22e5a407081db4,dense_ar,n/a,2,8,64,,,,,,,n/a,bfloat16,NVIDIA L40S,0,dense_ar_b2,projection,0.013632000423967838,0.013183999806642532,0.014944000169634819,all_reduce,4096,8192,16384,28672.0
Qwen/Qwen3-8B-Base,49e3418fbbbca6ecbdf9608b4d22e5a407081db4,dense_ar,n/a,2,8,64,,,,,,,n/a,bfloat16,NVIDIA L40S,0,dense_ar_b2,collective,0.03649599850177765,0.03471999987959862,0.04198399931192398,all_reduce,4096,8192,16384,28672.0
Qwen/Qwen3-8B-Base,49e3418fbbbca6ecbdf9608b4d22e5a407081db4,dense_ar,n/a,2,8,64,,,,,,,n/a,bfloat16,NVIDIA L40S,0,dense_ar_b2,reconstruction,0.010048000141978264,0.009759999811649323,0.010879999957978725,all_reduce,4096,8192,16384,28672.0
Qwen/Qwen3-8B-Base,49e3418fbbbca6ecbdf9608b4d22e5a407081db4,dense_ar,n/a,2,8,64,,,,,,,n/a,bfloat16,NVIDIA L40S,0,dense_ar_b2,total,0.07401599735021591,0.07184000313282013,0.0814720019698143,all_reduce,4096,8192,16384,28672.0
Qwen/Qwen3-8B-Base,49e3418fbbbca6ecbdf9608b4d22e5a407081db4,lr_ar_wire,n/a,2,8,64,,,,,,,n/a,bfloat16,NVIDIA L40S,0,lr_ar_wire_b2,projection,0.013632000423967838,0.01321600005030632,0.018079999834299088,all_reduce,1024,2048,4096,7168.0
Qwen/Qwen3-8B-Base,49e3418fbbbca6ecbdf9608b4d22e5a407081db4,lr_ar_wire,n/a,2,8,64,,,,,,,n/a,bfloat16,NVIDIA L40S,0,lr_ar_wire_b2,collective,0.03670400008559227,0.03542400151491165,0.03932800143957138,all_reduce,1024,2048,4096,7168.0
Qwen/Qwen3-8B-Base,49e3418fbbbca6ecbdf9608b4d22e5a407081db4,lr_ar_wire,n/a,2,8,64,,,,,,,n/a,bfloat16,NVIDIA L40S,0,lr_ar_wire_b2,reconstruction,0.014336000196635723,0.01414399966597557,0.01772800087928772,all_reduce,1024,2048,4096,7168.0
Qwen/Qwen3-8B-Base,49e3418fbbbca6ecbdf9608b4d22e5a407081db4,lr_ar_wire,n/a,2,8,64,,,,,,,n/a,bfloat16,NVIDIA L40S,0,lr_ar_wire_b2,total,0.07041599974036217,0.06867200136184692,0.0772159993648529,all_reduce,1024,2048,4096,7168.0
Qwen/Qwen3-8B-Base,49e3418fbbbca6ecbdf9608b4d22e5a407081db4,lr_ar_cap,n/a,2,8,64,,,,,,,n/a,bfloat16,NVIDIA L40S,0,lr_ar_cap_b2,projection,0.013535999692976475,0.013151999562978745,0.017311999574303627,all_reduce,2048,4096,8192,14336.0
Qwen/Qwen3-8B-Base,49e3418fbbbca6ecbdf9608b4d22e5a407081db4,lr_ar_cap,n/a,2,8,64,,,,,,,n/a,bfloat16,NVIDIA L40S,0,lr_ar_cap_b2,collective,0.03747199848294258,0.03526400029659271,0.04428799822926521,all_reduce,2048,4096,8192,14336.0
Qwen/Qwen3-8B-Base,49e3418fbbbca6ecbdf9608b4d22e5a407081db4,lr_ar_cap,n/a,2,8,64,,,,,,,n/a,bfloat16,NVIDIA L40S,0,lr_ar_cap_b2,reconstruction,0.017216000705957413,0.016767999157309532,0.01958400011062622,all_reduce,2048,4096,8192,14336.0
Qwen/Qwen3-8B-Base,49e3418fbbbca6ecbdf9608b4d22e5a407081db4,lr_ar_cap,n/a,2,8,64,,,,,,,n/a,bfloat16,NVIDIA L40S,0,lr_ar_cap_b2,total,0.06935999915003777,0.06566400080919266,0.07948800176382065,all_reduce,2048,4096,8192,14336.0
Qwen/Qwen3-8B-Base,49e3418fbbbca6ecbdf9608b4d22e5a407081db4,c1_ar,n/a,2,8,64,,,,,,,n/a,bfloat16,NVIDIA L40S,0,c1_ar_b2,projection,0.017712000757455826,0.017216000705957413,0.02271999977529049,all_reduce,2048,4096,8192,14336.0
Qwen/Qwen3-8B-Base,49e3418fbbbca6ecbdf9608b4d22e5a407081db4,c1_ar,n/a,2,8,64,,,,,,,n/a,bfloat16,NVIDIA L40S,0,c1_ar_b2,collective,0.03519999980926514,0.033344000577926636,0.04601600021123886,all_reduce,2048,4096,8192,14336.0
Qwen/Qwen3-8B-Base,49e3418fbbbca6ecbdf9608b4d22e5a407081db4,c1_ar,n/a,2,8,64,,,,,,,n/a,bfloat16,NVIDIA L40S,0,c1_ar_b2,reconstruction,0.020479999482631683,0.020128000527620316,0.02364799939095974,all_reduce,2048,4096,8192,14336.0
Qwen/Qwen3-8B-Base,49e3418fbbbca6ecbdf9608b4d22e5a407081db4,c1_ar,n/a,2,8,64,,,,,,,n/a,bfloat16,NVIDIA L40S,0,c1_ar_b2,total,0.09401600062847137,0.09219200164079666,0.10169599950313568,all_reduce,2048,4096,8192,14336.0
Qwen/Qwen3-8B-Base,49e3418fbbbca6ecbdf9608b4d22e5a407081db4,basiskv_ag,n/a,2,8,64,,,,,,,n/a,bfloat16,NVIDIA L40S,0,basiskv_ag_b2,projection,0.012864000163972378,0.012512000277638435,0.014816000126302242,all_gather,256,512,1024,7168.0
Qwen/Qwen3-8B-Base,49e3418fbbbca6ecbdf9608b4d22e5a407081db4,basiskv_ag,n/a,2,8,64,,,,,,,n/a,bfloat16,NVIDIA L40S,0,basiskv_ag_b2,collective,0.01692800037562847,0.01635199971497059,0.018112000077962875,all_gather,256,512,1024,7168.0
Qwen/Qwen3-8B-Base,49e3418fbbbca6ecbdf9608b4d22e5a407081db4,basiskv_ag,n/a,2,8,64,,,,,,,n/a,bfloat16,NVIDIA L40S,0,basiskv_ag_b2,reconstruction,0.020495999604463577,0.019999999552965164,0.023584000766277313,all_gather,256,512,1024,7168.0
Qwen/Qwen3-8B-Base,49e3418fbbbca6ecbdf9608b4d22e5a407081db4,basiskv_ag,n/a,2,8,64,,,,,,,n/a,bfloat16,NVIDIA L40S,0,basiskv_ag_b2,total,0.03880000114440918,0.03766399994492531,0.04108799993991852,all_gather,256,512,1024,7168.0
Qwen/Qwen3-8B-Base,49e3418fbbbca6ecbdf9608b4d22e5a407081db4,dense_ar,n/a,2,8,64,,,,,,,n/a,bfloat16,NVIDIA L40S,1,dense_ar_b2,projection,0.019039999693632126,0.013183999806642532,0.02191999927163124,all_reduce,4096,8192,16384,28672.0
Qwen/Qwen3-8B-Base,49e3418fbbbca6ecbdf9608b4d22e5a407081db4,dense_ar,n/a,2,8,64,,,,,,,n/a,bfloat16,NVIDIA L40S,1,dense_ar_b2,collective,0.03638400137424469,0.03526400029659271,0.03961599990725517,all_reduce,4096,8192,16384,28672.0
Qwen/Qwen3-8B-Base,49e3418fbbbca6ecbdf9608b4d22e5a407081db4,dense_ar,n/a,2,8,64,,,,,,,n/a,bfloat16,NVIDIA L40S,1,dense_ar_b2,reconstruction,0.010015999898314476,0.009727999567985535,0.010944000445306301,all_reduce,4096,8192,16384,28672.0
Qwen/Qwen3-8B-Base,49e3418fbbbca6ecbdf9608b4d22e5a407081db4,dense_ar,n/a,2,8,64,,,,,,,n/a,bfloat16,NVIDIA L40S,1,dense_ar_b2,total,0.0769759975373745,0.07568000257015228,0.08233600109815598,all_reduce,4096,8192,16384,28672.0
Qwen/Qwen3-8B-Base,49e3418fbbbca6ecbdf9608b4d22e5a407081db4,lr_ar_wire,n/a,2,8,64,,,,,,,n/a,bfloat16,NVIDIA L40S,1,lr_ar_wire_b2,projection,0.013344000093638897,0.012992000207304955,0.01849599927663803,all_reduce,1024,2048,4096,7168.0
Qwen/Qwen3-8B-Base,49e3418fbbbca6ecbdf9608b4d22e5a407081db4,lr_ar_wire,n/a,2,8,64,,,,,,,n/a,bfloat16,NVIDIA L40S,1,lr_ar_wire_b2,collective,0.037776000797748566,0.03558399900794029,0.04588799923658371,all_reduce,1024,2048,4096,7168.0
Qwen/Qwen3-8B-Base,49e3418fbbbca6ecbdf9608b4d22e5a407081db4,lr_ar_wire,n/a,2,8,64,,,,,,,n/a,bfloat16,NVIDIA L40S,1,lr_ar_wire_b2,reconstruction,0.014399999752640724,0.014175999909639359,0.017023999243974686,all_reduce,1024,2048,4096,7168.0
Qwen/Qwen3-8B-Base,49e3418fbbbca6ecbdf9608b4d22e5a407081db4,lr_ar_wire,n/a,2,8,64,,,,,,,n/a,bfloat16,NVIDIA L40S,1,lr_ar_wire_b2,total,0.069023996591568,0.06518399715423584,0.08060800284147263,all_reduce,1024,2048,4096,7168.0
Qwen/Qwen3-8B-Base,49e3418fbbbca6ecbdf9608b4d22e5a407081db4,lr_ar_cap,n/a,2,8,64,,,,,,,n/a,bfloat16,NVIDIA L40S,1,lr_ar_cap_b2,projection,0.015376000199466944,0.013120000250637531,0.019392000511288643,all_reduce,2048,4096,8192,14336.0
Qwen/Qwen3-8B-Base,49e3418fbbbca6ecbdf9608b4d22e5a407081db4,lr_ar_cap,n/a,2,8,64,,,,,,,n/a,bfloat16,NVIDIA L40S,1,lr_ar_cap_b2,collective,0.03798399865627289,0.035999998450279236,0.04198399931192398,all_reduce,2048,4096,8192,14336.0
Qwen/Qwen3-8B-Base,49e3418fbbbca6ecbdf9608b4d22e5a407081db4,lr_ar_cap,n/a,2,8,64,,,,,,,n/a,bfloat16,NVIDIA L40S,1,lr_ar_cap_b2,reconstruction,0.01711999997496605,0.016704000532627106,0.01958400011062622,all_reduce,2048,4096,8192,14336.0
Qwen/Qwen3-8B-Base,49e3418fbbbca6ecbdf9608b4d22e5a407081db4,lr_ar_cap,n/a,2,8,64,,,,,,,n/a,bfloat16,NVIDIA L40S,1,lr_ar_cap_b2,total,0.06892800331115723,0.06758400052785873,0.07423999905586243,all_reduce,2048,4096,8192,14336.0
Qwen/Qwen3-8B-Base,49e3418fbbbca6ecbdf9608b4d22e5a407081db4,c1_ar,n/a,2,8,64,,,,,,,n/a,bfloat16,NVIDIA L40S,1,c1_ar_b2,projection,0.017535999417304993,0.017152000218629837,0.022143999114632607,all_reduce,2048,4096,8192,14336.0
Qwen/Qwen3-8B-Base,49e3418fbbbca6ecbdf9608b4d22e5a407081db4,c1_ar,n/a,2,8,64,,,,,,,n/a,bfloat16,NVIDIA L40S,1,c1_ar_b2,collective,0.03747199848294258,0.035392001271247864,0.04153599962592125,all_reduce,2048,4096,8192,14336.0
Qwen/Qwen3-8B-Base,49e3418fbbbca6ecbdf9608b4d22e5a407081db4,c1_ar,n/a,2,8,64,,,,,,,n/a,bfloat16,NVIDIA L40S,1,c1_ar_b2,reconstruction,0.020896000787615776,0.020287999883294106,0.02409599907696247,all_reduce,2048,4096,8192,14336.0
Qwen/Qwen3-8B-Base,49e3418fbbbca6ecbdf9608b4d22e5a407081db4,c1_ar,n/a,2,8,64,,,,,,,n/a,bfloat16,NVIDIA L40S,1,c1_ar_b2,total,0.09212800115346909,0.09004800021648407,0.10080000013113022,all_reduce,2048,4096,8192,14336.0
Qwen/Qwen3-8B-Base,49e3418fbbbca6ecbdf9608b4d22e5a407081db4,basiskv_ag,n/a,2,8,64,,,,,,,n/a,bfloat16,NVIDIA L40S,1,basiskv_ag_b2,projection,0.0185759998857975,0.01244799979031086,0.022336000576615334,all_gather,256,512,1024,7168.0
Qwen/Qwen3-8B-Base,49e3418fbbbca6ecbdf9608b4d22e5a407081db4,basiskv_ag,n/a,2,8,64,,,,,,,n/a,bfloat16,NVIDIA L40S,1,basiskv_ag_b2,collective,0.016736000776290894,0.01616000011563301,0.017664000391960144,all_gather,256,512,1024,7168.0
Qwen/Qwen3-8B-Base,49e3418fbbbca6ecbdf9608b4d22e5a407081db4,basiskv_ag,n/a,2,8,64,,,,,,,n/a,bfloat16,NVIDIA L40S,1,basiskv_ag_b2,reconstruction,0.02054399996995926,0.02006400004029274,0.023840000852942467,all_gather,256,512,1024,7168.0
Qwen/Qwen3-8B-Base,49e3418fbbbca6ecbdf9608b4d22e5a407081db4,basiskv_ag,n/a,2,8,64,,,,,,,n/a,bfloat16,NVIDIA L40S,1,basiskv_ag_b2,total,0.03999999910593033,0.03728000074625015,0.04371200129389763,all_gather,256,512,1024,7168.0
Qwen/Qwen3-8B-Base,49e3418fbbbca6ecbdf9608b4d22e5a407081db4,dense_ar,n/a,2,8,64,,,,,,,n/a,bfloat16,NVIDIA L40S,2,dense_ar_b2,projection,0.013712000101804733,0.012959999963641167,0.017311999574303627,all_reduce,4096,8192,16384,28672.0
Qwen/Qwen3-8B-Base,49e3418fbbbca6ecbdf9608b4d22e5a407081db4,dense_ar,n/a,2,8,64,,,,,,,n/a,bfloat16,NVIDIA L40S,2,dense_ar_b2,collective,0.0388799998909235,0.034752000123262405,0.0461760014295578,all_reduce,4096,8192,16384,28672.0
Qwen/Qwen3-8B-Base,49e3418fbbbca6ecbdf9608b4d22e5a407081db4,dense_ar,n/a,2,8,64,,,,,,,n/a,bfloat16,NVIDIA L40S,2,dense_ar_b2,reconstruction,0.013263999950140715,0.010432000271975994,0.01603199914097786,all_reduce,4096,8192,16384,28672.0
Qwen/Qwen3-8B-Base,49e3418fbbbca6ecbdf9608b4d22e5a407081db4,dense_ar,n/a,2,8,64,,,,,,,n/a,bfloat16,NVIDIA L40S,2,dense_ar_b2,total,0.07708799839019775,0.07548800110816956,0.08489599823951721,all_reduce,4096,8192,16384,28672.0
Qwen/Qwen3-8B-Base,49e3418fbbbca6ecbdf9608b4d22e5a407081db4,lr_ar_wire,n/a,2,8,64,,,,,,,n/a,bfloat16,NVIDIA L40S,2,lr_ar_wire_b2,projection,0.013279999606311321,0.013024000450968742,0.016992000862956047,all_reduce,1024,2048,4096,7168.0
Qwen/Qwen3-8B-Base,49e3418fbbbca6ecbdf9608b4d22e5a407081db4,lr_ar_wire,n/a,2,8,64,,,,,,,n/a,bfloat16,NVIDIA L40S,2,lr_ar_wire_b2,collective,0.036479998379945755,0.034752000123262405,0.04025600105524063,all_reduce,1024,2048,4096,7168.0
Qwen/Qwen3-8B-Base,49e3418fbbbca6ecbdf9608b4d22e5a407081db4,lr_ar_wire,n/a,2,8,64,,,,,,,n/a,bfloat16,NVIDIA L40S,2,lr_ar_wire_b2,reconstruction,0.019920000806450844,0.014336000196635723,0.023231999948620796,all_reduce,1024,2048,4096,7168.0
Qwen/Qwen3-8B-Base,49e3418fbbbca6ecbdf9608b4d22e5a407081db4,lr_ar_wire,n/a,2,8,64,,,,,,,n/a,bfloat16,NVIDIA L40S,2,lr_ar_wire_b2,total,0.06755200028419495,0.0663359984755516,0.07311999797821045,all_reduce,1024,2048,4096,7168.0
Qwen/Qwen3-8B-Base,49e3418fbbbca6ecbdf9608b4d22e5a407081db4,lr_ar_cap,n/a,2,8,64,,,,,,,n/a,bfloat16,NVIDIA L40S,2,lr_ar_cap_b2,projection,0.013279999606311321,0.012959999963641167,0.016896000131964684,all_reduce,2048,4096,8192,14336.0
Qwen/Qwen3-8B-Base,49e3418fbbbca6ecbdf9608b4d22e5a407081db4,lr_ar_cap,n/a,2,8,64,,,,,,,n/a,bfloat16,NVIDIA L40S,2,lr_ar_cap_b2,collective,0.03638400137424469,0.035232000052928925,0.038784001022577286,all_reduce,2048,4096,8192,14336.0
Qwen/Qwen3-8B-Base,49e3418fbbbca6ecbdf9608b4d22e5a407081db4,lr_ar_cap,n/a,2,8,64,,,,,,,n/a,bfloat16,NVIDIA L40S,2,lr_ar_cap_b2,reconstruction,0.01724799908697605,0.016767999157309532,0.01913600042462349,all_reduce,2048,4096,8192,14336.0
Qwen/Qwen3-8B-Base,49e3418fbbbca6ecbdf9608b4d22e5a407081db4,lr_ar_cap,n/a,2,8,64,,,,,,,n/a,bfloat16,NVIDIA L40S,2,lr_ar_cap_b2,total,0.06672000139951706,0.06438399851322174,0.07161600142717361,all_reduce,2048,4096,8192,14336.0
Qwen/Qwen3-8B-Base,49e3418fbbbca6ecbdf9608b4d22e5a407081db4,c1_ar,n/a,2,8,64,,,,,,,n/a,bfloat16,NVIDIA L40S,2,c1_ar_b2,projection,0.027807999402284622,0.017696000635623932,0.0315839983522892,all_reduce,2048,4096,8192,14336.0
Qwen/Qwen3-8B-Base,49e3418fbbbca6ecbdf9608b4d22e5a407081db4,c1_ar,n/a,2,8,64,,,,,,,n/a,bfloat16,NVIDIA L40S,2,c1_ar_b2,collective,0.037087999284267426,0.03417599946260452,0.041280001401901245,all_reduce,2048,4096,8192,14336.0
Qwen/Qwen3-8B-Base,49e3418fbbbca6ecbdf9608b4d22e5a407081db4,c1_ar,n/a,2,8,64,,,,,,,n/a,bfloat16,NVIDIA L40S,2,c1_ar_b2,reconstruction,0.020735999569296837,0.02006400004029274,0.028991999104619026,all_reduce,2048,4096,8192,14336.0
Qwen/Qwen3-8B-Base,49e3418fbbbca6ecbdf9608b4d22e5a407081db4,c1_ar,n/a,2,8,64,,,,,,,n/a,bfloat16,NVIDIA L40S,2,c1_ar_b2,total,0.09270399808883667,0.08982399851083755,0.09964799880981445,all_reduce,2048,4096,8192,14336.0
Qwen/Qwen3-8B-Base,49e3418fbbbca6ecbdf9608b4d22e5a407081db4,basiskv_ag,n/a,2,8,64,,,,,,,n/a,bfloat16,NVIDIA L40S,2,basiskv_ag_b2,projection,0.012736000120639801,0.012415999546647072,0.01583999954164028,all_gather,256,512,1024,7168.0
Qwen/Qwen3-8B-Base,49e3418fbbbca6ecbdf9608b4d22e5a407081db4,basiskv_ag,n/a,2,8,64,,,,,,,n/a,bfloat16,NVIDIA L40S,2,basiskv_ag_b2,collective,0.01692800037562847,0.01635199971497059,0.01772800087928772,all_gather,256,512,1024,7168.0
Qwen/Qwen3-8B-Base,49e3418fbbbca6ecbdf9608b4d22e5a407081db4,basiskv_ag,n/a,2,8,64,,,,,,,n/a,bfloat16,NVIDIA L40S,2,basiskv_ag_b2,reconstruction,0.020432000048458576,0.020031999796628952,0.024224000051617622,all_gather,256,512,1024,7168.0
Qwen/Qwen3-8B-Base,49e3418fbbbca6ecbdf9608b4d22e5a407081db4,basiskv_ag,n/a,2,8,64,,,,,,,n/a,bfloat16,NVIDIA L40S,2,basiskv_ag_b2,total,0.03622400015592575,0.03551999852061272,0.037087999284267426,all_gather,256,512,1024,7168.0
Qwen/Qwen3-8B-Base,49e3418fbbbca6ecbdf9608b4d22e5a407081db4,dense_ar,n/a,4,8,64,,,,,,,n/a,bfloat16,NVIDIA L40S,0,dense_ar_b4,projection,0.013311999849975109,0.012959999963641167,0.015263999812304974,all_reduce,4096,16384,32768,57344.0
Qwen/Qwen3-8B-Base,49e3418fbbbca6ecbdf9608b4d22e5a407081db4,dense_ar,n/a,4,8,64,,,,,,,n/a,bfloat16,NVIDIA L40S,0,dense_ar_b4,collective,0.03734400123357773,0.03625600039958954,0.03961599990725517,all_reduce,4096,16384,32768,57344.0
Qwen/Qwen3-8B-Base,49e3418fbbbca6ecbdf9608b4d22e5a407081db4,dense_ar,n/a,4,8,64,,,,,,,n/a,bfloat16,NVIDIA L40S,0,dense_ar_b4,reconstruction,0.010080000385642052,0.009824000298976898,0.010879999957978725,all_reduce,4096,16384,32768,57344.0
Qwen/Qwen3-8B-Base,49e3418fbbbca6ecbdf9608b4d22e5a407081db4,dense_ar,n/a,4,8,64,,,,,,,n/a,bfloat16,NVIDIA L40S,0,dense_ar_b4,total,0.07753600180149078,0.07446400076150894,0.08601599931716919,all_reduce,4096,16384,32768,57344.0
Qwen/Qwen3-8B-Base,49e3418fbbbca6ecbdf9608b4d22e5a407081db4,lr_ar_wire,n/a,4,8,64,,,,,,,n/a,bfloat16,NVIDIA L40S,0,lr_ar_wire_b4,projection,0.013311999849975109,0.013024000450968742,0.01414399966597557,all_reduce,1024,4096,8192,14336.0
Qwen/Qwen3-8B-Base,49e3418fbbbca6ecbdf9608b4d22e5a407081db4,lr_ar_wire,n/a,4,8,64,,,,,,,n/a,bfloat16,NVIDIA L40S,0,lr_ar_wire_b4,collective,0.03657599911093712,0.03548799827694893,0.03859199956059456,all_reduce,1024,4096,8192,14336.0
Qwen/Qwen3-8B-Base,49e3418fbbbca6ecbdf9608b4d22e5a407081db4,lr_ar_wire,n/a,4,8,64,,,,,,,n/a,bfloat16,NVIDIA L40S,0,lr_ar_wire_b4,reconstruction,0.014415999874472618,0.014208000153303146,0.016256000846624374,all_reduce,1024,4096,8192,14336.0
Qwen/Qwen3-8B-Base,49e3418fbbbca6ecbdf9608b4d22e5a407081db4,lr_ar_wire,n/a,4,8,64,,,,,,,n/a,bfloat16,NVIDIA L40S,0,lr_ar_wire_b4,total,0.06921599805355072,0.06656000018119812,0.07526399940252304,all_reduce,1024,4096,8192,14336.0
Qwen/Qwen3-8B-Base,49e3418fbbbca6ecbdf9608b4d22e5a407081db4,lr_ar_cap,n/a,4,8,64,,,,,,,n/a,bfloat16,NVIDIA L40S,0,lr_ar_cap_b4,projection,0.013376000337302685,0.012992000207304955,0.014271999709308147,all_reduce,2048,8192,16384,28672.0
Qwen/Qwen3-8B-Base,49e3418fbbbca6ecbdf9608b4d22e5a407081db4,lr_ar_cap,n/a,4,8,64,,,,,,,n/a,bfloat16,NVIDIA L40S,0,lr_ar_cap_b4,collective,0.036079999059438705,0.034432001411914825,0.041120000183582306,all_reduce,2048,8192,16384,28672.0
Qwen/Qwen3-8B-Base,49e3418fbbbca6ecbdf9608b4d22e5a407081db4,lr_ar_cap,n/a,4,8,64,,,,,,,n/a,bfloat16,NVIDIA L40S,0,lr_ar_cap_b4,reconstruction,0.02051199972629547,0.01772800087928772,0.022431999444961548,all_reduce,2048,8192,16384,28672.0
Qwen/Qwen3-8B-Base,49e3418fbbbca6ecbdf9608b4d22e5a407081db4,lr_ar_cap,n/a,4,8,64,,,,,,,n/a,bfloat16,NVIDIA L40S,0,lr_ar_cap_b4,total,0.06735999882221222,0.06441599875688553,0.07705599814653397,all_reduce,2048,8192,16384,28672.0
Qwen/Qwen3-8B-Base,49e3418fbbbca6ecbdf9608b4d22e5a407081db4,c1_ar,n/a,4,8,64,,,,,,,n/a,bfloat16,NVIDIA L40S,0,c1_ar_b4,projection,0.017535999417304993,0.01711999997496605,0.018592000007629395,all_reduce,2048,8192,16384,28672.0
Qwen/Qwen3-8B-Base,49e3418fbbbca6ecbdf9608b4d22e5a407081db4,c1_ar,n/a,4,8,64,,,,,,,n/a,bfloat16,NVIDIA L40S,0,c1_ar_b4,collective,0.036639999598264694,0.035360001027584076,0.03868800029158592,all_reduce,2048,8192,16384,28672.0
Qwen/Qwen3-8B-Base,49e3418fbbbca6ecbdf9608b4d22e5a407081db4,c1_ar,n/a,4,8,64,,,,,,,n/a,bfloat16,NVIDIA L40S,0,c1_ar_b4,reconstruction,0.020416000857949257,0.019967999309301376,0.02364799939095974,all_reduce,2048,8192,16384,28672.0
Qwen/Qwen3-8B-Base,49e3418fbbbca6ecbdf9608b4d22e5a407081db4,c1_ar,n/a,4,8,64,,,,,,,n/a,bfloat16,NVIDIA L40S,0,c1_ar_b4,total,0.09479999914765358,0.09216000139713287,0.1042879968881607,all_reduce,2048,8192,16384,28672.0
Qwen/Qwen3-8B-Base,49e3418fbbbca6ecbdf9608b4d22e5a407081db4,basiskv_ag,n/a,4,8,64,,,,,,,n/a,bfloat16,NVIDIA L40S,0,basiskv_ag_b4,projection,0.012671999633312225,0.012415999546647072,0.014175999909639359,all_gather,256,1024,2048,14336.0
Qwen/Qwen3-8B-Base,49e3418fbbbca6ecbdf9608b4d22e5a407081db4,basiskv_ag,n/a,4,8,64,,,,,,,n/a,bfloat16,NVIDIA L40S,0,basiskv_ag_b4,collective,0.017855999991297722,0.01727999933063984,0.018559999763965607,all_gather,256,1024,2048,14336.0
Qwen/Qwen3-8B-Base,49e3418fbbbca6ecbdf9608b4d22e5a407081db4,basiskv_ag,n/a,4,8,64,,,,,,,n/a,bfloat16,NVIDIA L40S,0,basiskv_ag_b4,reconstruction,0.026655999943614006,0.020640000700950623,0.029920000582933426,all_gather,256,1024,2048,14336.0
Qwen/Qwen3-8B-Base,49e3418fbbbca6ecbdf9608b4d22e5a407081db4,basiskv_ag,n/a,4,8,64,,,,,,,n/a,bfloat16,NVIDIA L40S,0,basiskv_ag_b4,total,0.03759999945759773,0.036959998309612274,0.03827200084924698,all_gather,256,1024,2048,14336.0
Qwen/Qwen3-8B-Base,49e3418fbbbca6ecbdf9608b4d22e5a407081db4,dense_ar,n/a,4,8,64,,,,,,,n/a,bfloat16,NVIDIA L40S,1,dense_ar_b4,projection,0.013520000036805868,0.013024000450968742,0.021056000143289566,all_reduce,4096,16384,32768,57344.0
Qwen/Qwen3-8B-Base,49e3418fbbbca6ecbdf9608b4d22e5a407081db4,dense_ar,n/a,4,8,64,,,,,,,n/a,bfloat16,NVIDIA L40S,1,dense_ar_b4,collective,0.03633600100874901,0.034752000123262405,0.03846399858593941,all_reduce,4096,16384,32768,57344.0
Qwen/Qwen3-8B-Base,49e3418fbbbca6ecbdf9608b4d22e5a407081db4,dense_ar,n/a,4,8,64,,,,,,,n/a,bfloat16,NVIDIA L40S,1,dense_ar_b4,reconstruction,0.010015999898314476,0.00979200005531311,0.010623999871313572,all_reduce,4096,16384,32768,57344.0
Qwen/Qwen3-8B-Base,49e3418fbbbca6ecbdf9608b4d22e5a407081db4,dense_ar,n/a,4,8,64,,,,,,,n/a,bfloat16,NVIDIA L40S,1,dense_ar_b4,total,0.07771200314164162,0.07631999999284744,0.08249600231647491,all_reduce,4096,16384,32768,57344.0
Qwen/Qwen3-8B-Base,49e3418fbbbca6ecbdf9608b4d22e5a407081db4,lr_ar_wire,n/a,4,8,64,,,,,,,n/a,bfloat16,NVIDIA L40S,1,lr_ar_wire_b4,projection,0.013232000172138214,0.012992000207304955,0.014655999839305878,all_reduce,1024,4096,8192,14336.0
Qwen/Qwen3-8B-Base,49e3418fbbbca6ecbdf9608b4d22e5a407081db4,lr_ar_wire,n/a,4,8,64,,,,,,,n/a,bfloat16,NVIDIA L40S,1,lr_ar_wire_b4,collective,0.03771200031042099,0.03619199991226196,0.044096000492572784,all_reduce,1024,4096,8192,14336.0
Qwen/Qwen3-8B-Base,49e3418fbbbca6ecbdf9608b4d22e5a407081db4,lr_ar_wire,n/a,4,8,64,,,,,,,n/a,bfloat16,NVIDIA L40S,1,lr_ar_wire_b4,reconstruction,0.0144640002399683,0.014240000396966934,0.017696000635623932,all_reduce,1024,4096,8192,14336.0
Qwen/Qwen3-8B-Base,49e3418fbbbca6ecbdf9608b4d22e5a407081db4,lr_ar_wire,n/a,4,8,64,,,,,,,n/a,bfloat16,NVIDIA L40S,1,lr_ar_wire_b4,total,0.06864000111818314,0.06684800237417221,0.07523199915885925,all_reduce,1024,4096,8192,14336.0
Qwen/Qwen3-8B-Base,49e3418fbbbca6ecbdf9608b4d22e5a407081db4,lr_ar_cap,n/a,4,8,64,,,,,,,n/a,bfloat16,NVIDIA L40S,1,lr_ar_cap_b4,projection,0.013311999849975109,0.012992000207304955,0.014240000396966934,all_reduce,2048,8192,16384,28672.0
Qwen/Qwen3-8B-Base,49e3418fbbbca6ecbdf9608b4d22e5a407081db4,lr_ar_cap,n/a,4,8,64,,,,,,,n/a,bfloat16,NVIDIA L40S,1,lr_ar_cap_b4,collective,0.038015998899936676,0.03580800071358681,0.043616000562906265,all_reduce,2048,8192,16384,28672.0
Qwen/Qwen3-8B-Base,49e3418fbbbca6ecbdf9608b4d22e5a407081db4,lr_ar_cap,n/a,4,8,64,,,,,,,n/a,bfloat16,NVIDIA L40S,1,lr_ar_cap_b4,reconstruction,0.017343999817967415,0.016736000776290894,0.018592000007629395,all_reduce,2048,8192,16384,28672.0
Qwen/Qwen3-8B-Base,49e3418fbbbca6ecbdf9608b4d22e5a407081db4,lr_ar_cap,n/a,4,8,64,,,,,,,n/a,bfloat16,NVIDIA L40S,1,lr_ar_cap_b4,total,0.0692799985408783,0.06777600198984146,0.07379200309515,all_reduce,2048,8192,16384,28672.0
Qwen/Qwen3-8B-Base,49e3418fbbbca6ecbdf9608b4d22e5a407081db4,c1_ar,n/a,4,8,64,,,,,,,n/a,bfloat16,NVIDIA L40S,1,c1_ar_b4,projection,0.017376000061631203,0.01708799973130226,0.021344000473618507,all_reduce,2048,8192,16384,28672.0
Qwen/Qwen3-8B-Base,49e3418fbbbca6ecbdf9608b4d22e5a407081db4,c1_ar,n/a,4,8,64,,,,,,,n/a,bfloat16,NVIDIA L40S,1,c1_ar_b4,collective,0.03803199902176857,0.03580800071358681,0.04169600084424019,all_reduce,2048,8192,16384,28672.0
Qwen/Qwen3-8B-Base,49e3418fbbbca6ecbdf9608b4d22e5a407081db4,c1_ar,n/a,4,8,64,,,,,,,n/a,bfloat16,NVIDIA L40S,1,c1_ar_b4,reconstruction,0.020576000213623047,0.020096000283956528,0.023615999147295952,all_reduce,2048,8192,16384,28672.0
Qwen/Qwen3-8B-Base,49e3418fbbbca6ecbdf9608b4d22e5a407081db4,c1_ar,n/a,4,8,64,,,,,,,n/a,bfloat16,NVIDIA L40S,1,c1_ar_b4,total,0.0931360013782978,0.0910400003194809,0.09888000041246414,all_reduce,2048,8192,16384,28672.0
Qwen/Qwen3-8B-Base,49e3418fbbbca6ecbdf9608b4d22e5a407081db4,basiskv_ag,n/a,4,8,64,,,,,,,n/a,bfloat16,NVIDIA L40S,1,basiskv_ag_b4,projection,0.012671999633312225,0.01235199999064207,0.013952000066637993,all_gather,256,1024,2048,14336.0
Qwen/Qwen3-8B-Base,49e3418fbbbca6ecbdf9608b4d22e5a407081db4,basiskv_ag,n/a,4,8,64,,,,,,,n/a,bfloat16,NVIDIA L40S,1,basiskv_ag_b4,collective,0.017855999991297722,0.01724799908697605,0.01865600049495697,all_gather,256,1024,2048,14336.0
Qwen/Qwen3-8B-Base,49e3418fbbbca6ecbdf9608b4d22e5a407081db4,basiskv_ag,n/a,4,8,64,,,,,,,n/a,bfloat16,NVIDIA L40S,1,basiskv_ag_b4,reconstruction,0.02579200081527233,0.02099199965596199,0.02985600009560585,all_gather,256,1024,2048,14336.0
Qwen/Qwen3-8B-Base,49e3418fbbbca6ecbdf9608b4d22e5a407081db4,basiskv_ag,n/a,4,8,64,,,,,,,n/a,bfloat16,NVIDIA L40S,1,basiskv_ag_b4,total,0.03787200152873993,0.03702399879693985,0.039423998445272446,all_gather,256,1024,2048,14336.0
Qwen/Qwen3-8B-Base,49e3418fbbbca6ecbdf9608b4d22e5a407081db4,dense_ar,n/a,4,8,64,,,,,,,n/a,bfloat16,NVIDIA L40S,2,dense_ar_b4,projection,0.013151999562978745,0.012864000163972378,0.015968000516295433,all_reduce,4096,16384,32768,57344.0
Qwen/Qwen3-8B-Base,49e3418fbbbca6ecbdf9608b4d22e5a407081db4,dense_ar,n/a,4,8,64,,,,,,,n/a,bfloat16,NVIDIA L40S,2,dense_ar_b4,collective,0.03612799942493439,0.03500799834728241,0.037856001406908035,all_reduce,4096,16384,32768,57344.0
Qwen/Qwen3-8B-Base,49e3418fbbbca6ecbdf9608b4d22e5a407081db4,dense_ar,n/a,4,8,64,,,,,,,n/a,bfloat16,NVIDIA L40S,2,dense_ar_b4,reconstruction,0.010479999706149101,0.009855999611318111,0.019071999937295914,all_reduce,4096,16384,32768,57344.0
Qwen/Qwen3-8B-Base,49e3418fbbbca6ecbdf9608b4d22e5a407081db4,dense_ar,n/a,4,8,64,,,,,,,n/a,bfloat16,NVIDIA L40S,2,dense_ar_b4,total,0.07699199765920639,0.07542400062084198,0.08224000036716461,all_reduce,4096,16384,32768,57344.0
Qwen/Qwen3-8B-Base,49e3418fbbbca6ecbdf9608b4d22e5a407081db4,lr_ar_wire,n/a,4,8,64,,,,,,,n/a,bfloat16,NVIDIA L40S,2,lr_ar_wire_b4,projection,0.013279999606311321,0.012992000207304955,0.015424000099301338,all_reduce,1024,4096,8192,14336.0
Qwen/Qwen3-8B-Base,49e3418fbbbca6ecbdf9608b4d22e5a407081db4,lr_ar_wire,n/a,4,8,64,,,,,,,n/a,bfloat16,NVIDIA L40S,2,lr_ar_wire_b4,collective,0.037248000502586365,0.03510399907827377,0.04169600084424019,all_reduce,1024,4096,8192,14336.0
Qwen/Qwen3-8B-Base,49e3418fbbbca6ecbdf9608b4d22e5a407081db4,lr_ar_wire,n/a,4,8,64,,,,,,,n/a,bfloat16,NVIDIA L40S,2,lr_ar_wire_b4,reconstruction,0.014431999996304512,0.014240000396966934,0.016575999557971954,all_reduce,1024,4096,8192,14336.0
Qwen/Qwen3-8B-Base,49e3418fbbbca6ecbdf9608b4d22e5a407081db4,lr_ar_wire,n/a,4,8,64,,,,,,,n/a,bfloat16,NVIDIA L40S,2,lr_ar_wire_b4,total,0.06988800317049026,0.06703999638557434,0.07923199981451035,all_reduce,1024,4096,8192,14336.0
Qwen/Qwen3-8B-Base,49e3418fbbbca6ecbdf9608b4d22e5a407081db4,lr_ar_cap,n/a,4,8,64,,,,,,,n/a,bfloat16,NVIDIA L40S,2,lr_ar_cap_b4,projection,0.013344000093638897,0.013055999763309956,0.015231999568641186,all_reduce,2048,8192,16384,28672.0
Qwen/Qwen3-8B-Base,49e3418fbbbca6ecbdf9608b4d22e5a407081db4,lr_ar_cap,n/a,4,8,64,,,,,,,n/a,bfloat16,NVIDIA L40S,2,lr_ar_cap_b4,collective,0.03710399940609932,0.03564799949526787,0.039135999977588654,all_reduce,2048,8192,16384,28672.0
Qwen/Qwen3-8B-Base,49e3418fbbbca6ecbdf9608b4d22e5a407081db4,lr_ar_cap,n/a,4,8,64,,,,,,,n/a,bfloat16,NVIDIA L40S,2,lr_ar_cap_b4,reconstruction,0.01724799908697605,0.01679999940097332,0.021088000386953354,all_reduce,2048,8192,16384,28672.0
Qwen/Qwen3-8B-Base,49e3418fbbbca6ecbdf9608b4d22e5a407081db4,lr_ar_cap,n/a,4,8,64,,,,,,,n/a,bfloat16,NVIDIA L40S,2,lr_ar_cap_b4,total,0.06907199695706367,0.06435199826955795,0.07500799745321274,all_reduce,2048,8192,16384,28672.0
Qwen/Qwen3-8B-Base,49e3418fbbbca6ecbdf9608b4d22e5a407081db4,c1_ar,n/a,4,8,64,,,,,,,n/a,bfloat16,NVIDIA L40S,2,c1_ar_b4,projection,0.017487999983131886,0.01708799973130226,0.022112000733613968,all_reduce,2048,8192,16384,28672.0
Qwen/Qwen3-8B-Base,49e3418fbbbca6ecbdf9608b4d22e5a407081db4,c1_ar,n/a,4,8,64,,,,,,,n/a,bfloat16,NVIDIA L40S,2,c1_ar_b4,collective,0.03596799820661545,0.03471999987959862,0.03846399858593941,all_reduce,2048,8192,16384,28672.0
Qwen/Qwen3-8B-Base,49e3418fbbbca6ecbdf9608b4d22e5a407081db4,c1_ar,n/a,4,8,64,,,,,,,n/a,bfloat16,NVIDIA L40S,2,c1_ar_b4,reconstruction,0.023887999355793,0.020128000527620316,0.028192000463604927,all_reduce,2048,8192,16384,28672.0
Qwen/Qwen3-8B-Base,49e3418fbbbca6ecbdf9608b4d22e5a407081db4,c1_ar,n/a,4,8,64,,,,,,,n/a,bfloat16,NVIDIA L40S,2,c1_ar_b4,total,0.09470399841666222,0.09257599711418152,0.10438399761915207,all_reduce,2048,8192,16384,28672.0
Qwen/Qwen3-8B-Base,49e3418fbbbca6ecbdf9608b4d22e5a407081db4,basiskv_ag,n/a,4,8,64,,,,,,,n/a,bfloat16,NVIDIA L40S,2,basiskv_ag_b4,projection,0.012880000285804272,0.012512000277638435,0.01375999953597784,all_gather,256,1024,2048,14336.0
Qwen/Qwen3-8B-Base,49e3418fbbbca6ecbdf9608b4d22e5a407081db4,basiskv_ag,n/a,4,8,64,,,,,,,n/a,bfloat16,NVIDIA L40S,2,basiskv_ag_b4,collective,0.017855999991297722,0.017184000462293625,0.018719999119639397,all_gather,256,1024,2048,14336.0
Qwen/Qwen3-8B-Base,49e3418fbbbca6ecbdf9608b4d22e5a407081db4,basiskv_ag,n/a,4,8,64,,,,,,,n/a,bfloat16,NVIDIA L40S,2,basiskv_ag_b4,reconstruction,0.02054399996995926,0.02006400004029274,0.024351999163627625,all_gather,256,1024,2048,14336.0
Qwen/Qwen3-8B-Base,49e3418fbbbca6ecbdf9608b4d22e5a407081db4,basiskv_ag,n/a,4,8,64,,,,,,,n/a,bfloat16,NVIDIA L40S,2,basiskv_ag_b4,total,0.03774400055408478,0.036896001547575,0.03951999917626381,all_gather,256,1024,2048,14336.0
Qwen/Qwen3-8B-Base,49e3418fbbbca6ecbdf9608b4d22e5a407081db4,dense_ar,n/a,8,8,64,,,,,,,n/a,bfloat16,NVIDIA L40S,0,dense_ar_b8,projection,0.013472000136971474,0.013120000250637531,0.015200000256299973,all_reduce,4096,32768,65536,114688.0
Qwen/Qwen3-8B-Base,49e3418fbbbca6ecbdf9608b4d22e5a407081db4,dense_ar,n/a,8,8,64,,,,,,,n/a,bfloat16,NVIDIA L40S,0,dense_ar_b8,collective,0.03611199930310249,0.034623999148607254,0.04195199906826019,all_reduce,4096,32768,65536,114688.0
Qwen/Qwen3-8B-Base,49e3418fbbbca6ecbdf9608b4d22e5a407081db4,dense_ar,n/a,8,8,64,,,,,,,n/a,bfloat16,NVIDIA L40S,0,dense_ar_b8,reconstruction,0.009903999976813793,0.009696000255644321,0.011071999557316303,all_reduce,4096,32768,65536,114688.0
Qwen/Qwen3-8B-Base,49e3418fbbbca6ecbdf9608b4d22e5a407081db4,dense_ar,n/a,8,8,64,,,,,,,n/a,bfloat16,NVIDIA L40S,0,dense_ar_b8,total,0.07307199761271477,0.07152000069618225,0.08073599636554718,all_reduce,4096,32768,65536,114688.0
Qwen/Qwen3-8B-Base,49e3418fbbbca6ecbdf9608b4d22e5a407081db4,lr_ar_wire,n/a,8,8,64,,,,,,,n/a,bfloat16,NVIDIA L40S,0,lr_ar_wire_b8,projection,0.01894400082528591,0.013183999806642532,0.022463999688625336,all_reduce,1024,8192,16384,28672.0
Qwen/Qwen3-8B-Base,49e3418fbbbca6ecbdf9608b4d22e5a407081db4,lr_ar_wire,n/a,8,8,64,,,,,,,n/a,bfloat16,NVIDIA L40S,0,lr_ar_wire_b8,collective,0.03739200159907341,0.03587200120091438,0.04182400181889534,all_reduce,1024,8192,16384,28672.0
Qwen/Qwen3-8B-Base,49e3418fbbbca6ecbdf9608b4d22e5a407081db4,lr_ar_wire,n/a,8,8,64,,,,,,,n/a,bfloat16,NVIDIA L40S,0,lr_ar_wire_b8,reconstruction,0.01462399959564209,0.014399999752640724,0.01817600056529045,all_reduce,1024,8192,16384,28672.0
Qwen/Qwen3-8B-Base,49e3418fbbbca6ecbdf9608b4d22e5a407081db4,lr_ar_wire,n/a,8,8,64,,,,,,,n/a,bfloat16,NVIDIA L40S,0,lr_ar_wire_b8,total,0.06950400024652481,0.063680000603199,0.07580800354480743,all_reduce,1024,8192,16384,28672.0
Qwen/Qwen3-8B-Base,49e3418fbbbca6ecbdf9608b4d22e5a407081db4,lr_ar_cap,n/a,8,8,64,,,,,,,n/a,bfloat16,NVIDIA L40S,0,lr_ar_cap_b8,projection,0.01369599997997284,0.013311999849975109,0.015456000342965126,all_reduce,2048,16384,32768,57344.0
Qwen/Qwen3-8B-Base,49e3418fbbbca6ecbdf9608b4d22e5a407081db4,lr_ar_cap,n/a,8,8,64,,,,,,,n/a,bfloat16,NVIDIA L40S,0,lr_ar_cap_b8,collective,0.036240000277757645,0.03510399907827377,0.03984000161290169,all_reduce,2048,16384,32768,57344.0
Qwen/Qwen3-8B-Base,49e3418fbbbca6ecbdf9608b4d22e5a407081db4,lr_ar_cap,n/a,8,8,64,,,,,,,n/a,bfloat16,NVIDIA L40S,0,lr_ar_cap_b8,reconstruction,0.01716800034046173,0.016704000532627106,0.018912000581622124,all_reduce,2048,16384,32768,57344.0
Qwen/Qwen3-8B-Base,49e3418fbbbca6ecbdf9608b4d22e5a407081db4,lr_ar_cap,n/a,8,8,64,,,,,,,n/a,bfloat16,NVIDIA L40S,0,lr_ar_cap_b8,total,0.06774400174617767,0.06518399715423584,0.07718399912118912,all_reduce,2048,16384,32768,57344.0
Qwen/Qwen3-8B-Base,49e3418fbbbca6ecbdf9608b4d22e5a407081db4,c1_ar,n/a,8,8,64,,,,,,,n/a,bfloat16,NVIDIA L40S,0,c1_ar_b8,projection,0.025088000111281872,0.017152000218629837,0.030719999223947525,all_reduce,2048,16384,32768,57344.0
Qwen/Qwen3-8B-Base,49e3418fbbbca6ecbdf9608b4d22e5a407081db4,c1_ar,n/a,8,8,64,,,,,,,n/a,bfloat16,NVIDIA L40S,0,c1_ar_b8,collective,0.03694400005042553,0.03542400151491165,0.0432640016078949,all_reduce,2048,16384,32768,57344.0
Qwen/Qwen3-8B-Base,49e3418fbbbca6ecbdf9608b4d22e5a407081db4,c1_ar,n/a,8,8,64,,,,,,,n/a,bfloat16,NVIDIA L40S,0,c1_ar_b8,reconstruction,0.018063999712467194,0.017823999747633934,0.018592000007629395,all_reduce,2048,16384,32768,57344.0
Qwen/Qwen3-8B-Base,49e3418fbbbca6ecbdf9608b4d22e5a407081db4,c1_ar,n/a,8,8,64,,,,,,,n/a,bfloat16,NVIDIA L40S,0,c1_ar_b8,total,0.08662400022149086,0.08336000144481659,0.0987199991941452,all_reduce,2048,16384,32768,57344.0
Qwen/Qwen3-8B-Base,49e3418fbbbca6ecbdf9608b4d22e5a407081db4,basiskv_ag,n/a,8,8,64,,,,,,,n/a,bfloat16,NVIDIA L40S,0,basiskv_ag_b8,projection,0.012927999719977379,0.012608000077307224,0.014208000153303146,all_gather,256,2048,4096,28672.0
Qwen/Qwen3-8B-Base,49e3418fbbbca6ecbdf9608b4d22e5a407081db4,basiskv_ag,n/a,8,8,64,,,,,,,n/a,bfloat16,NVIDIA L40S,0,basiskv_ag_b8,collective,0.01942400075495243,0.01897599920630455,0.01990400068461895,all_gather,256,2048,4096,28672.0
Qwen/Qwen3-8B-Base,49e3418fbbbca6ecbdf9608b4d22e5a407081db4,basiskv_ag,n/a,8,8,64,,,,,,,n/a,bfloat16,NVIDIA L40S,0,basiskv_ag_b8,reconstruction,0.018015999346971512,0.017855999991297722,0.018271999433636665,all_gather,256,2048,4096,28672.0
Qwen/Qwen3-8B-Base,49e3418fbbbca6ecbdf9608b4d22e5a407081db4,basiskv_ag,n/a,8,8,64,,,,,,,n/a,bfloat16,NVIDIA L40S,0,basiskv_ag_b8,total,0.039135999977588654,0.03843199834227562,0.04028800129890442,all_gather,256,2048,4096,28672.0
Qwen/Qwen3-8B-Base,49e3418fbbbca6ecbdf9608b4d22e5a407081db4,dense_ar,n/a,8,8,64,,,,,,,n/a,bfloat16,NVIDIA L40S,1,dense_ar_b8,projection,0.013167999684810638,0.012927999719977379,0.014303999952971935,all_reduce,4096,32768,65536,114688.0
Qwen/Qwen3-8B-Base,49e3418fbbbca6ecbdf9608b4d22e5a407081db4,dense_ar,n/a,8,8,64,,,,,,,n/a,bfloat16,NVIDIA L40S,1,dense_ar_b8,collective,0.03641600161790848,0.035232000052928925,0.04198399931192398,all_reduce,4096,32768,65536,114688.0
Qwen/Qwen3-8B-Base,49e3418fbbbca6ecbdf9608b4d22e5a407081db4,dense_ar,n/a,8,8,64,,,,,,,n/a,bfloat16,NVIDIA L40S,1,dense_ar_b8,reconstruction,0.010208000428974628,0.009920000098645687,0.01692800037562847,all_reduce,4096,32768,65536,114688.0
Qwen/Qwen3-8B-Base,49e3418fbbbca6ecbdf9608b4d22e5a407081db4,dense_ar,n/a,8,8,64,,,,,,,n/a,bfloat16,NVIDIA L40S,1,dense_ar_b8,total,0.07900799810886383,0.07740800082683563,0.08656000345945358,all_reduce,4096,32768,65536,114688.0
Qwen/Qwen3-8B-Base,49e3418fbbbca6ecbdf9608b4d22e5a407081db4,lr_ar_wire,n/a,8,8,64,,,,,,,n/a,bfloat16,NVIDIA L40S,1,lr_ar_wire_b8,projection,0.013311999849975109,0.012992000207304955,0.01484800036996603,all_reduce,1024,8192,16384,28672.0
Qwen/Qwen3-8B-Base,49e3418fbbbca6ecbdf9608b4d22e5a407081db4,lr_ar_wire,n/a,8,8,64,,,,,,,n/a,bfloat16,NVIDIA L40S,1,lr_ar_wire_b8,collective,0.03747199848294258,0.03542400151491165,0.04230400174856186,all_reduce,1024,8192,16384,28672.0
Qwen/Qwen3-8B-Base,49e3418fbbbca6ecbdf9608b4d22e5a407081db4,lr_ar_wire,n/a,8,8,64,,,,,,,n/a,bfloat16,NVIDIA L40S,1,lr_ar_wire_b8,reconstruction,0.014560000039637089,0.014368000440299511,0.015904000028967857,all_reduce,1024,8192,16384,28672.0
Qwen/Qwen3-8B-Base,49e3418fbbbca6ecbdf9608b4d22e5a407081db4,lr_ar_wire,n/a,8,8,64,,,,,,,n/a,bfloat16,NVIDIA L40S,1,lr_ar_wire_b8,total,0.0690079964697361,0.06761600077152252,0.0764160007238388,all_reduce,1024,8192,16384,28672.0
Qwen/Qwen3-8B-Base,49e3418fbbbca6ecbdf9608b4d22e5a407081db4,lr_ar_cap,n/a,8,8,64,,,,,,,n/a,bfloat16,NVIDIA L40S,1,lr_ar_cap_b8,projection,0.013248000293970108,0.012927999719977379,0.017920000478625298,all_reduce,2048,16384,32768,57344.0
Qwen/Qwen3-8B-Base,49e3418fbbbca6ecbdf9608b4d22e5a407081db4,lr_ar_cap,n/a,8,8,64,,,,,,,n/a,bfloat16,NVIDIA L40S,1,lr_ar_cap_b8,collective,0.03782400116324425,0.03641600161790848,0.03977600112557411,all_reduce,2048,16384,32768,57344.0
Qwen/Qwen3-8B-Base,49e3418fbbbca6ecbdf9608b4d22e5a407081db4,lr_ar_cap,n/a,8,8,64,,,,,,,n/a,bfloat16,NVIDIA L40S,1,lr_ar_cap_b8,reconstruction,0.01788800023496151,0.01727999933063984,0.01961600035429001,all_reduce,2048,16384,32768,57344.0
Qwen/Qwen3-8B-Base,49e3418fbbbca6ecbdf9608b4d22e5a407081db4,lr_ar_cap,n/a,8,8,64,,,,,,,n/a,bfloat16,NVIDIA L40S,1,lr_ar_cap_b8,total,0.06889600306749344,0.06601600348949432,0.07555200159549713,all_reduce,2048,16384,32768,57344.0
Qwen/Qwen3-8B-Base,49e3418fbbbca6ecbdf9608b4d22e5a407081db4,c1_ar,n/a,8,8,64,,,,,,,n/a,bfloat16,NVIDIA L40S,1,c1_ar_b8,projection,0.017535999417304993,0.01711999997496605,0.022975999861955643,all_reduce,2048,16384,32768,57344.0
Qwen/Qwen3-8B-Base,49e3418fbbbca6ecbdf9608b4d22e5a407081db4,c1_ar,n/a,8,8,64,,,,,,,n/a,bfloat16,NVIDIA L40S,1,c1_ar_b8,collective,0.036959998309612274,0.03481600061058998,0.04233599826693535,all_reduce,2048,16384,32768,57344.0
Qwen/Qwen3-8B-Base,49e3418fbbbca6ecbdf9608b4d22e5a407081db4,c1_ar,n/a,8,8,64,,,,,,,n/a,bfloat16,NVIDIA L40S,1,c1_ar_b8,reconstruction,0.01817600056529045,0.017855999991297722,0.01894400082528591,all_reduce,2048,16384,32768,57344.0
Qwen/Qwen3-8B-Base,49e3418fbbbca6ecbdf9608b4d22e5a407081db4,c1_ar,n/a,8,8,64,,,,,,,n/a,bfloat16,NVIDIA L40S,1,c1_ar_b8,total,0.08897599950432777,0.08601599931716919,0.09855999797582626,all_reduce,2048,16384,32768,57344.0
Qwen/Qwen3-8B-Base,49e3418fbbbca6ecbdf9608b4d22e5a407081db4,basiskv_ag,n/a,8,8,64,,,,,,,n/a,bfloat16,NVIDIA L40S,1,basiskv_ag_b8,projection,0.012655999977141619,0.012415999546647072,0.014240000396966934,all_gather,256,2048,4096,28672.0
Qwen/Qwen3-8B-Base,49e3418fbbbca6ecbdf9608b4d22e5a407081db4,basiskv_ag,n/a,8,8,64,,,,,,,n/a,bfloat16,NVIDIA L40S,1,basiskv_ag_b8,collective,0.01945599913597107,0.018912000581622124,0.020128000527620316,all_gather,256,2048,4096,28672.0
Qwen/Qwen3-8B-Base,49e3418fbbbca6ecbdf9608b4d22e5a407081db4,basiskv_ag,n/a,8,8,64,,,,,,,n/a,bfloat16,NVIDIA L40S,1,basiskv_ag_b8,reconstruction,0.018239999189972878,0.017920000478625298,0.019007999449968338,all_gather,256,2048,4096,28672.0
Qwen/Qwen3-8B-Base,49e3418fbbbca6ecbdf9608b4d22e5a407081db4,basiskv_ag,n/a,8,8,64,,,,,,,n/a,bfloat16,NVIDIA L40S,1,basiskv_ag_b8,total,0.039264000952243805,0.03836800158023834,0.040192000567913055,all_gather,256,2048,4096,28672.0
Qwen/Qwen3-8B-Base,49e3418fbbbca6ecbdf9608b4d22e5a407081db4,dense_ar,n/a,8,8,64,,,,,,,n/a,bfloat16,NVIDIA L40S,2,dense_ar_b8,projection,0.01321600005030632,0.012959999963641167,0.014783999882638454,all_reduce,4096,32768,65536,114688.0
Qwen/Qwen3-8B-Base,49e3418fbbbca6ecbdf9608b4d22e5a407081db4,dense_ar,n/a,8,8,64,,,,,,,n/a,bfloat16,NVIDIA L40S,2,dense_ar_b8,collective,0.034832000732421875,0.03324799984693527,0.04022400081157684,all_reduce,4096,32768,65536,114688.0
Qwen/Qwen3-8B-Base,49e3418fbbbca6ecbdf9608b4d22e5a407081db4,dense_ar,n/a,8,8,64,,,,,,,n/a,bfloat16,NVIDIA L40S,2,dense_ar_b8,reconstruction,0.009952000342309475,0.009727999567985535,0.010432000271975994,all_reduce,4096,32768,65536,114688.0
Qwen/Qwen3-8B-Base,49e3418fbbbca6ecbdf9608b4d22e5a407081db4,dense_ar,n/a,8,8,64,,,,,,,n/a,bfloat16,NVIDIA L40S,2,dense_ar_b8,total,0.07739200070500374,0.07529599964618683,0.08336000144481659,all_reduce,4096,32768,65536,114688.0
Qwen/Qwen3-8B-Base,49e3418fbbbca6ecbdf9608b4d22e5a407081db4,lr_ar_wire,n/a,8,8,64,,,,,,,n/a,bfloat16,NVIDIA L40S,2,lr_ar_wire_b8,projection,0.013248000293970108,0.012992000207304955,0.015359999611973763,all_reduce,1024,8192,16384,28672.0
Qwen/Qwen3-8B-Base,49e3418fbbbca6ecbdf9608b4d22e5a407081db4,lr_ar_wire,n/a,8,8,64,,,,,,,n/a,bfloat16,NVIDIA L40S,2,lr_ar_wire_b8,collective,0.035151999443769455,0.033824000507593155,0.04188799858093262,all_reduce,1024,8192,16384,28672.0
Qwen/Qwen3-8B-Base,49e3418fbbbca6ecbdf9608b4d22e5a407081db4,lr_ar_wire,n/a,8,8,64,,,,,,,n/a,bfloat16,NVIDIA L40S,2,lr_ar_wire_b8,reconstruction,0.014592000283300877,0.014399999752640724,0.015776000916957855,all_reduce,1024,8192,16384,28672.0
Qwen/Qwen3-8B-Base,49e3418fbbbca6ecbdf9608b4d22e5a407081db4,lr_ar_wire,n/a,8,8,64,,,,,,,n/a,bfloat16,NVIDIA L40S,2,lr_ar_wire_b8,total,0.07185600325465202,0.06931199878454208,0.08115199953317642,all_reduce,1024,8192,16384,28672.0
Qwen/Qwen3-8B-Base,49e3418fbbbca6ecbdf9608b4d22e5a407081db4,lr_ar_cap,n/a,8,8,64,,,,,,,n/a,bfloat16,NVIDIA L40S,2,lr_ar_cap_b8,projection,0.013376000337302685,0.013055999763309956,0.014303999952971935,all_reduce,2048,16384,32768,57344.0
Qwen/Qwen3-8B-Base,49e3418fbbbca6ecbdf9608b4d22e5a407081db4,lr_ar_cap,n/a,8,8,64,,,,,,,n/a,bfloat16,NVIDIA L40S,2,lr_ar_cap_b8,collective,0.03659199923276901,0.035360001027584076,0.04012800008058548,all_reduce,2048,16384,32768,57344.0
Qwen/Qwen3-8B-Base,49e3418fbbbca6ecbdf9608b4d22e5a407081db4,lr_ar_cap,n/a,8,8,64,,,,,,,n/a,bfloat16,NVIDIA L40S,2,lr_ar_cap_b8,reconstruction,0.017343999817967415,0.01692800037562847,0.019168000668287277,all_reduce,2048,16384,32768,57344.0
Qwen/Qwen3-8B-Base,49e3418fbbbca6ecbdf9608b4d22e5a407081db4,lr_ar_cap,n/a,8,8,64,,,,,,,n/a,bfloat16,NVIDIA L40S,2,lr_ar_cap_b8,total,0.06976000219583511,0.06774400174617767,0.07628799974918365,all_reduce,2048,16384,32768,57344.0
Qwen/Qwen3-8B-Base,49e3418fbbbca6ecbdf9608b4d22e5a407081db4,c1_ar,n/a,8,8,64,,,,,,,n/a,bfloat16,NVIDIA L40S,2,c1_ar_b8,projection,0.017791999503970146,0.01711999997496605,0.024992000311613083,all_reduce,2048,16384,32768,57344.0
Qwen/Qwen3-8B-Base,49e3418fbbbca6ecbdf9608b4d22e5a407081db4,c1_ar,n/a,8,8,64,,,,,,,n/a,bfloat16,NVIDIA L40S,2,c1_ar_b8,collective,0.03814399987459183,0.03625600039958954,0.041439998894929886,all_reduce,2048,16384,32768,57344.0
Qwen/Qwen3-8B-Base,49e3418fbbbca6ecbdf9608b4d22e5a407081db4,c1_ar,n/a,8,8,64,,,,,,,n/a,bfloat16,NVIDIA L40S,2,c1_ar_b8,reconstruction,0.02489599958062172,0.01788800023496151,0.027615999802947044,all_reduce,2048,16384,32768,57344.0
Qwen/Qwen3-8B-Base,49e3418fbbbca6ecbdf9608b4d22e5a407081db4,c1_ar,n/a,8,8,64,,,,,,,n/a,bfloat16,NVIDIA L40S,2,c1_ar_b8,total,0.08728000149130821,0.08502399921417236,0.09574399888515472,all_reduce,2048,16384,32768,57344.0
Qwen/Qwen3-8B-Base,49e3418fbbbca6ecbdf9608b4d22e5a407081db4,basiskv_ag,n/a,8,8,64,,,,,,,n/a,bfloat16,NVIDIA L40S,2,basiskv_ag_b8,projection,0.012640000320971012,0.012415999546647072,0.01375999953597784,all_gather,256,2048,4096,28672.0
Qwen/Qwen3-8B-Base,49e3418fbbbca6ecbdf9608b4d22e5a407081db4,basiskv_ag,n/a,8,8,64,,,,,,,n/a,bfloat16,NVIDIA L40S,2,basiskv_ag_b8,collective,0.01942400075495243,0.01897599920630455,0.019872000440955162,all_gather,256,2048,4096,28672.0
Qwen/Qwen3-8B-Base,49e3418fbbbca6ecbdf9608b4d22e5a407081db4,basiskv_ag,n/a,8,8,64,,,,,,,n/a,bfloat16,NVIDIA L40S,2,basiskv_ag_b8,reconstruction,0.018271999433636665,0.017983999103307724,0.019039999693632126,all_gather,256,2048,4096,28672.0
Qwen/Qwen3-8B-Base,49e3418fbbbca6ecbdf9608b4d22e5a407081db4,basiskv_ag,n/a,8,8,64,,,,,,,n/a,bfloat16,NVIDIA L40S,2,basiskv_ag_b8,total,0.03924800083041191,0.03836800158023834,0.04016000032424927,all_gather,256,2048,4096,28672.0
Qwen/Qwen3-8B-Base,49e3418fbbbca6ecbdf9608b4d22e5a407081db4,dense_ar,n/a,16,8,64,,,,,,,n/a,bfloat16,NVIDIA L40S,0,dense_ar_b16,projection,0.015503999777138233,0.013151999562978745,0.019007999449968338,all_reduce,4096,65536,131072,229376.0
Qwen/Qwen3-8B-Base,49e3418fbbbca6ecbdf9608b4d22e5a407081db4,dense_ar,n/a,16,8,64,,,,,,,n/a,bfloat16,NVIDIA L40S,0,dense_ar_b16,collective,0.04931199923157692,0.048767998814582825,0.05023999884724617,all_reduce,4096,65536,131072,229376.0
Qwen/Qwen3-8B-Base,49e3418fbbbca6ecbdf9608b4d22e5a407081db4,dense_ar,n/a,16,8,64,,,,,,,n/a,bfloat16,NVIDIA L40S,0,dense_ar_b16,reconstruction,0.01635199971497059,0.009855999611318111,0.019840000197291374,all_reduce,4096,65536,131072,229376.0
Qwen/Qwen3-8B-Base,49e3418fbbbca6ecbdf9608b4d22e5a407081db4,dense_ar,n/a,16,8,64,,,,,,,n/a,bfloat16,NVIDIA L40S,0,dense_ar_b16,total,0.07687999680638313,0.07459200173616409,0.08367999643087387,all_reduce,4096,65536,131072,229376.0
Qwen/Qwen3-8B-Base,49e3418fbbbca6ecbdf9608b4d22e5a407081db4,lr_ar_wire,n/a,16,8,64,,,,,,,n/a,bfloat16,NVIDIA L40S,0,lr_ar_wire_b16,projection,0.013344000093638897,0.012992000207304955,0.018239999189972878,all_reduce,1024,16384,32768,57344.0
Qwen/Qwen3-8B-Base,49e3418fbbbca6ecbdf9608b4d22e5a407081db4,lr_ar_wire,n/a,16,8,64,,,,,,,n/a,bfloat16,NVIDIA L40S,0,lr_ar_wire_b16,collective,0.036607999354600906,0.03548799827694893,0.03920000046491623,all_reduce,1024,16384,32768,57344.0
Qwen/Qwen3-8B-Base,49e3418fbbbca6ecbdf9608b4d22e5a407081db4,lr_ar_wire,n/a,16,8,64,,,,,,,n/a,bfloat16,NVIDIA L40S,0,lr_ar_wire_b16,reconstruction,0.0208320003002882,0.015200000256299973,0.02380800060927868,all_reduce,1024,16384,32768,57344.0
Qwen/Qwen3-8B-Base,49e3418fbbbca6ecbdf9608b4d22e5a407081db4,lr_ar_wire,n/a,16,8,64,,,,,,,n/a,bfloat16,NVIDIA L40S,0,lr_ar_wire_b16,total,0.07201599702239037,0.06748799979686737,0.07849600166082382,all_reduce,1024,16384,32768,57344.0
Qwen/Qwen3-8B-Base,49e3418fbbbca6ecbdf9608b4d22e5a407081db4,lr_ar_cap,n/a,16,8,64,,,,,,,n/a,bfloat16,NVIDIA L40S,0,lr_ar_cap_b16,projection,0.015744000673294067,0.014944000169634819,0.019071999937295914,all_reduce,2048,32768,65536,114688.0
Qwen/Qwen3-8B-Base,49e3418fbbbca6ecbdf9608b4d22e5a407081db4,lr_ar_cap,n/a,16,8,64,,,,,,,n/a,bfloat16,NVIDIA L40S,0,lr_ar_cap_b16,collective,0.039344001561403275,0.037151999771595,0.04560000076889992,all_reduce,2048,32768,65536,114688.0
Qwen/Qwen3-8B-Base,49e3418fbbbca6ecbdf9608b4d22e5a407081db4,lr_ar_cap,n/a,16,8,64,,,,,,,n/a,bfloat16,NVIDIA L40S,0,lr_ar_cap_b16,reconstruction,0.023312000557780266,0.022592000663280487,0.025439999997615814,all_reduce,2048,32768,65536,114688.0
Qwen/Qwen3-8B-Base,49e3418fbbbca6ecbdf9608b4d22e5a407081db4,lr_ar_cap,n/a,16,8,64,,,,,,,n/a,bfloat16,NVIDIA L40S,0,lr_ar_cap_b16,total,0.06647999957203865,0.06489600241184235,0.0713919997215271,all_reduce,2048,32768,65536,114688.0
Qwen/Qwen3-8B-Base,49e3418fbbbca6ecbdf9608b4d22e5a407081db4,c1_ar,n/a,16,8,64,,,,,,,n/a,bfloat16,NVIDIA L40S,0,c1_ar_b16,projection,0.017376000061631203,0.017023999243974686,0.02067199908196926,all_reduce,2048,32768,65536,114688.0
Qwen/Qwen3-8B-Base,49e3418fbbbca6ecbdf9608b4d22e5a407081db4,c1_ar,n/a,16,8,64,,,,,,,n/a,bfloat16,NVIDIA L40S,0,c1_ar_b16,collective,0.03665599972009659,0.03542400151491165,0.04182400181889534,all_reduce,2048,32768,65536,114688.0
Qwen/Qwen3-8B-Base,49e3418fbbbca6ecbdf9608b4d22e5a407081db4,c1_ar,n/a,16,8,64,,,,,,,n/a,bfloat16,NVIDIA L40S,0,c1_ar_b16,reconstruction,0.020576000213623047,0.02038400061428547,0.0208320003002882,all_reduce,2048,32768,65536,114688.0
Qwen/Qwen3-8B-Base,49e3418fbbbca6ecbdf9608b4d22e5a407081db4,c1_ar,n/a,16,8,64,,,,,,,n/a,bfloat16,NVIDIA L40S,0,c1_ar_b16,total,0.08899199962615967,0.08425600081682205,0.09641599655151367,all_reduce,2048,32768,65536,114688.0
Qwen/Qwen3-8B-Base,49e3418fbbbca6ecbdf9608b4d22e5a407081db4,basiskv_ag,n/a,16,8,64,,,,,,,n/a,bfloat16,NVIDIA L40S,0,basiskv_ag_b16,projection,0.012768000364303589,0.012480000033974648,0.015744000673294067,all_gather,256,4096,8192,57344.0
Qwen/Qwen3-8B-Base,49e3418fbbbca6ecbdf9608b4d22e5a407081db4,basiskv_ag,n/a,16,8,64,,,,,,,n/a,bfloat16,NVIDIA L40S,0,basiskv_ag_b16,collective,0.020927999168634415,0.020447999238967896,0.02175999991595745,all_gather,256,4096,8192,57344.0
Qwen/Qwen3-8B-Base,49e3418fbbbca6ecbdf9608b4d22e5a407081db4,basiskv_ag,n/a,16,8,64,,,,,,,n/a,bfloat16,NVIDIA L40S,0,basiskv_ag_b16,reconstruction,0.02643200010061264,0.02035200037062168,0.029279999434947968,all_gather,256,4096,8192,57344.0
Qwen/Qwen3-8B-Base,49e3418fbbbca6ecbdf9608b4d22e5a407081db4,basiskv_ag,n/a,16,8,64,,,,,,,n/a,bfloat16,NVIDIA L40S,0,basiskv_ag_b16,total,0.04323200136423111,0.042527999728918076,0.044224001467227936,all_gather,256,4096,8192,57344.0
Qwen/Qwen3-8B-Base,49e3418fbbbca6ecbdf9608b4d22e5a407081db4,dense_ar,n/a,16,8,64,,,,,,,n/a,bfloat16,NVIDIA L40S,1,dense_ar_b16,projection,0.013151999562978745,0.012864000163972378,0.014271999709308147,all_reduce,4096,65536,131072,229376.0
Qwen/Qwen3-8B-Base,49e3418fbbbca6ecbdf9608b4d22e5a407081db4,dense_ar,n/a,16,8,64,,,,,,,n/a,bfloat16,NVIDIA L40S,1,dense_ar_b16,collective,0.0493599995970726,0.04886399954557419,0.05027199909090996,all_reduce,4096,65536,131072,229376.0
Qwen/Qwen3-8B-Base,49e3418fbbbca6ecbdf9608b4d22e5a407081db4,dense_ar,n/a,16,8,64,,,,,,,n/a,bfloat16,NVIDIA L40S,1,dense_ar_b16,reconstruction,0.010143999941647053,0.009824000298976898,0.01071999967098236,all_reduce,4096,65536,131072,229376.0
Qwen/Qwen3-8B-Base,49e3418fbbbca6ecbdf9608b4d22e5a407081db4,dense_ar,n/a,16,8,64,,,,,,,n/a,bfloat16,NVIDIA L40S,1,dense_ar_b16,total,0.07894399762153625,0.07638400048017502,0.08579199761152267,all_reduce,4096,65536,131072,229376.0
Qwen/Qwen3-8B-Base,49e3418fbbbca6ecbdf9608b4d22e5a407081db4,lr_ar_wire,n/a,16,8,64,,,,,,,n/a,bfloat16,NVIDIA L40S,1,lr_ar_wire_b16,projection,0.013407999649643898,0.013055999763309956,0.015968000516295433,all_reduce,1024,16384,32768,57344.0
Qwen/Qwen3-8B-Base,49e3418fbbbca6ecbdf9608b4d22e5a407081db4,lr_ar_wire,n/a,16,8,64,,,,,,,n/a,bfloat16,NVIDIA L40S,1,lr_ar_wire_b16,collective,0.03710399940609932,0.03577600046992302,0.04009599983692169,all_reduce,1024,16384,32768,57344.0
Qwen/Qwen3-8B-Base,49e3418fbbbca6ecbdf9608b4d22e5a407081db4,lr_ar_wire,n/a,16,8,64,,,,,,,n/a,bfloat16,NVIDIA L40S,1,lr_ar_wire_b16,reconstruction,0.015263999812304974,0.015039999969303608,0.01568000018596649,all_reduce,1024,16384,32768,57344.0
Qwen/Qwen3-8B-Base,49e3418fbbbca6ecbdf9608b4d22e5a407081db4,lr_ar_wire,n/a,16,8,64,,,,,,,n/a,bfloat16,NVIDIA L40S,1,lr_ar_wire_b16,total,0.06769600138068199,0.06515199691057205,0.07705599814653397,all_reduce,1024,16384,32768,57344.0
Qwen/Qwen3-8B-Base,49e3418fbbbca6ecbdf9608b4d22e5a407081db4,lr_ar_cap,n/a,16,8,64,,,,,,,n/a,bfloat16,NVIDIA L40S,1,lr_ar_cap_b16,projection,0.013344000093638897,0.013055999763309956,0.014431999996304512,all_reduce,2048,32768,65536,114688.0
Qwen/Qwen3-8B-Base,49e3418fbbbca6ecbdf9608b4d22e5a407081db4,lr_ar_cap,n/a,16,8,64,,,,,,,n/a,bfloat16,NVIDIA L40S,1,lr_ar_cap_b16,collective,0.03711999952793121,0.03593600168824196,0.040352001786231995,all_reduce,2048,32768,65536,114688.0
Qwen/Qwen3-8B-Base,49e3418fbbbca6ecbdf9608b4d22e5a407081db4,lr_ar_cap,n/a,16,8,64,,,,,,,n/a,bfloat16,NVIDIA L40S,1,lr_ar_cap_b16,reconstruction,0.017664000391960144,0.017023999243974686,0.01926399953663349,all_reduce,2048,32768,65536,114688.0
Qwen/Qwen3-8B-Base,49e3418fbbbca6ecbdf9608b4d22e5a407081db4,lr_ar_cap,n/a,16,8,64,,,,,,,n/a,bfloat16,NVIDIA L40S,1,lr_ar_cap_b16,total,0.06831999868154526,0.06598400324583054,0.07385600358247757,all_reduce,2048,32768,65536,114688.0
Qwen/Qwen3-8B-Base,49e3418fbbbca6ecbdf9608b4d22e5a407081db4,c1_ar,n/a,16,8,64,,,,,,,n/a,bfloat16,NVIDIA L40S,1,c1_ar_b16,projection,0.017535999417304993,0.017184000462293625,0.02377600036561489,all_reduce,2048,32768,65536,114688.0
Qwen/Qwen3-8B-Base,49e3418fbbbca6ecbdf9608b4d22e5a407081db4,c1_ar,n/a,16,8,64,,,,,,,n/a,bfloat16,NVIDIA L40S,1,c1_ar_b16,collective,0.03739200159907341,0.03574400022625923,0.04217600077390671,all_reduce,2048,32768,65536,114688.0
Qwen/Qwen3-8B-Base,49e3418fbbbca6ecbdf9608b4d22e5a407081db4,c1_ar,n/a,16,8,64,,,,,,,n/a,bfloat16,NVIDIA L40S,1,c1_ar_b16,reconstruction,0.020608000457286835,0.02035200037062168,0.027264000847935677,all_reduce,2048,32768,65536,114688.0
Qwen/Qwen3-8B-Base,49e3418fbbbca6ecbdf9608b4d22e5a407081db4,c1_ar,n/a,16,8,64,,,,,,,n/a,bfloat16,NVIDIA L40S,1,c1_ar_b16,total,0.0846559964120388,0.08271999657154083,0.09174399822950363,all_reduce,2048,32768,65536,114688.0
Qwen/Qwen3-8B-Base,49e3418fbbbca6ecbdf9608b4d22e5a407081db4,basiskv_ag,n/a,16,8,64,,,,,,,n/a,bfloat16,NVIDIA L40S,1,basiskv_ag_b16,projection,0.020096000283956528,0.012703999876976013,0.02380800060927868,all_gather,256,4096,8192,57344.0
Qwen/Qwen3-8B-Base,49e3418fbbbca6ecbdf9608b4d22e5a407081db4,basiskv_ag,n/a,16,8,64,,,,,,,n/a,bfloat16,NVIDIA L40S,1,basiskv_ag_b16,collective,0.020767999812960625,0.02035200037062168,0.021568000316619873,all_gather,256,4096,8192,57344.0
Qwen/Qwen3-8B-Base,49e3418fbbbca6ecbdf9608b4d22e5a407081db4,basiskv_ag,n/a,16,8,64,,,,,,,n/a,bfloat16,NVIDIA L40S,1,basiskv_ag_b16,reconstruction,0.02051199972629547,0.020255999639630318,0.020800000056624413,all_gather,256,4096,8192,57344.0
Qwen/Qwen3-8B-Base,49e3418fbbbca6ecbdf9608b4d22e5a407081db4,basiskv_ag,n/a,16,8,64,,,,,,,n/a,bfloat16,NVIDIA L40S,1,basiskv_ag_b16,total,0.043136000633239746,0.042527999728918076,0.044415999203920364,all_gather,256,4096,8192,57344.0
Qwen/Qwen3-8B-Base,49e3418fbbbca6ecbdf9608b4d22e5a407081db4,dense_ar,n/a,16,8,64,,,,,,,n/a,bfloat16,NVIDIA L40S,2,dense_ar_b16,projection,0.013151999562978745,0.012896000407636166,0.013919999822974205,all_reduce,4096,65536,131072,229376.0
Qwen/Qwen3-8B-Base,49e3418fbbbca6ecbdf9608b4d22e5a407081db4,dense_ar,n/a,16,8,64,,,,,,,n/a,bfloat16,NVIDIA L40S,2,dense_ar_b16,collective,0.04927999898791313,0.0488319993019104,0.05023999884724617,all_reduce,4096,65536,131072,229376.0
Qwen/Qwen3-8B-Base,49e3418fbbbca6ecbdf9608b4d22e5a407081db4,dense_ar,n/a,16,8,64,,,,,,,n/a,bfloat16,NVIDIA L40S,2,dense_ar_b16,reconstruction,0.016976000741124153,0.01033599954098463,0.019519999623298645,all_reduce,4096,65536,131072,229376.0
Qwen/Qwen3-8B-Base,49e3418fbbbca6ecbdf9608b4d22e5a407081db4,dense_ar,n/a,16,8,64,,,,,,,n/a,bfloat16,NVIDIA L40S,2,dense_ar_b16,total,0.07772800326347351,0.07459200173616409,0.08799999952316284,all_reduce,4096,65536,131072,229376.0
Qwen/Qwen3-8B-Base,49e3418fbbbca6ecbdf9608b4d22e5a407081db4,lr_ar_wire,n/a,16,8,64,,,,,,,n/a,bfloat16,NVIDIA L40S,2,lr_ar_wire_b16,projection,0.013376000337302685,0.013088000006973743,0.014303999952971935,all_reduce,1024,16384,32768,57344.0
Qwen/Qwen3-8B-Base,49e3418fbbbca6ecbdf9608b4d22e5a407081db4,lr_ar_wire,n/a,16,8,64,,,,,,,n/a,bfloat16,NVIDIA L40S,2,lr_ar_wire_b16,collective,0.036639999598264694,0.03551999852061272,0.03999999910593033,all_reduce,1024,16384,32768,57344.0
Qwen/Qwen3-8B-Base,49e3418fbbbca6ecbdf9608b4d22e5a407081db4,lr_ar_wire,n/a,16,8,64,,,,,,,n/a,bfloat16,NVIDIA L40S,2,lr_ar_wire_b16,reconstruction,0.015263999812304974,0.015072000212967396,0.016095999628305435,all_reduce,1024,16384,32768,57344.0
Qwen/Qwen3-8B-Base,49e3418fbbbca6ecbdf9608b4d22e5a407081db4,lr_ar_wire,n/a,16,8,64,,,,,,,n/a,bfloat16,NVIDIA L40S,2,lr_ar_wire_b16,total,0.0687360018491745,0.06425599753856659,0.08060800284147263,all_reduce,1024,16384,32768,57344.0
Qwen/Qwen3-8B-Base,49e3418fbbbca6ecbdf9608b4d22e5a407081db4,lr_ar_cap,n/a,16,8,64,,,,,,,n/a,bfloat16,NVIDIA L40S,2,lr_ar_cap_b16,projection,0.013535999692976475,0.013055999763309956,0.021983999758958817,all_reduce,2048,32768,65536,114688.0
Qwen/Qwen3-8B-Base,49e3418fbbbca6ecbdf9608b4d22e5a407081db4,lr_ar_cap,n/a,16,8,64,,,,,,,n/a,bfloat16,NVIDIA L40S,2,lr_ar_cap_b16,collective,0.03606399893760681,0.03488000109791756,0.03868800029158592,all_reduce,2048,32768,65536,114688.0
Qwen/Qwen3-8B-Base,49e3418fbbbca6ecbdf9608b4d22e5a407081db4,lr_ar_cap,n/a,16,8,64,,,,,,,n/a,bfloat16,NVIDIA L40S,2,lr_ar_cap_b16,reconstruction,0.017535999417304993,0.01692800037562847,0.019071999937295914,all_reduce,2048,32768,65536,114688.0
Qwen/Qwen3-8B-Base,49e3418fbbbca6ecbdf9608b4d22e5a407081db4,lr_ar_cap,n/a,16,8,64,,,,,,,n/a,bfloat16,NVIDIA L40S,2,lr_ar_cap_b16,total,0.06388800218701363,0.0626240000128746,0.06838399916887283,all_reduce,2048,32768,65536,114688.0
Qwen/Qwen3-8B-Base,49e3418fbbbca6ecbdf9608b4d22e5a407081db4,c1_ar,n/a,16,8,64,,,,,,,n/a,bfloat16,NVIDIA L40S,2,c1_ar_b16,projection,0.01744000054895878,0.01711999997496605,0.020128000527620316,all_reduce,2048,32768,65536,114688.0
Qwen/Qwen3-8B-Base,49e3418fbbbca6ecbdf9608b4d22e5a407081db4,c1_ar,n/a,16,8,64,,,,,,,n/a,bfloat16,NVIDIA L40S,2,c1_ar_b16,collective,0.0384799987077713,0.03670400008559227,0.04387199878692627,all_reduce,2048,32768,65536,114688.0
Qwen/Qwen3-8B-Base,49e3418fbbbca6ecbdf9608b4d22e5a407081db4,c1_ar,n/a,16,8,64,,,,,,,n/a,bfloat16,NVIDIA L40S,2,c1_ar_b16,reconstruction,0.020576000213623047,0.02035200037062168,0.0208320003002882,all_reduce,2048,32768,65536,114688.0
Qwen/Qwen3-8B-Base,49e3418fbbbca6ecbdf9608b4d22e5a407081db4,c1_ar,n/a,16,8,64,,,,,,,n/a,bfloat16,NVIDIA L40S,2,c1_ar_b16,total,0.08667199686169624,0.0838719978928566,0.0926399976015091,all_reduce,2048,32768,65536,114688.0
Qwen/Qwen3-8B-Base,49e3418fbbbca6ecbdf9608b4d22e5a407081db4,basiskv_ag,n/a,16,8,64,,,,,,,n/a,bfloat16,NVIDIA L40S,2,basiskv_ag_b16,projection,0.012671999633312225,0.012415999546647072,0.01360000018030405,all_gather,256,4096,8192,57344.0
Qwen/Qwen3-8B-Base,49e3418fbbbca6ecbdf9608b4d22e5a407081db4,basiskv_ag,n/a,16,8,64,,,,,,,n/a,bfloat16,NVIDIA L40S,2,basiskv_ag_b16,collective,0.021023999899625778,0.020416000857949257,0.02735999971628189,all_gather,256,4096,8192,57344.0
Qwen/Qwen3-8B-Base,49e3418fbbbca6ecbdf9608b4d22e5a407081db4,basiskv_ag,n/a,16,8,64,,,,,,,n/a,bfloat16,NVIDIA L40S,2,basiskv_ag_b16,reconstruction,0.02051199972629547,0.020287999883294106,0.020864000543951988,all_gather,256,4096,8192,57344.0
Qwen/Qwen3-8B-Base,49e3418fbbbca6ecbdf9608b4d22e5a407081db4,basiskv_ag,n/a,16,8,64,,,,,,,n/a,bfloat16,NVIDIA L40S,2,basiskv_ag_b16,total,0.04320000112056732,0.042527999728918076,0.04428799822926521,all_gather,256,4096,8192,57344.0
Qwen/Qwen3-8B-Base,49e3418fbbbca6ecbdf9608b4d22e5a407081db4,dense_ar,n/a,32,8,64,,,,,,,n/a,bfloat16,NVIDIA L40S,0,dense_ar_b32,projection,0.013567999936640263,0.01321600005030632,0.017696000635623932,all_reduce,4096,131072,262144,458752.0
Qwen/Qwen3-8B-Base,49e3418fbbbca6ecbdf9608b4d22e5a407081db4,dense_ar,n/a,32,8,64,,,,,,,n/a,bfloat16,NVIDIA L40S,0,dense_ar_b32,collective,0.08185599744319916,0.08118399977684021,0.08275199681520462,all_reduce,4096,131072,262144,458752.0
Qwen/Qwen3-8B-Base,49e3418fbbbca6ecbdf9608b4d22e5a407081db4,dense_ar,n/a,32,8,64,,,,,,,n/a,bfloat16,NVIDIA L40S,0,dense_ar_b32,reconstruction,0.01583999954164028,0.0098879998549819,0.019648000597953796,all_reduce,4096,131072,262144,458752.0
Qwen/Qwen3-8B-Base,49e3418fbbbca6ecbdf9608b4d22e5a407081db4,dense_ar,n/a,32,8,64,,,,,,,n/a,bfloat16,NVIDIA L40S,0,dense_ar_b32,total,0.09033600240945816,0.08963199704885483,0.09164799749851227,all_reduce,4096,131072,262144,458752.0
Qwen/Qwen3-8B-Base,49e3418fbbbca6ecbdf9608b4d22e5a407081db4,lr_ar_wire,n/a,32,8,64,,,,,,,n/a,bfloat16,NVIDIA L40S,0,lr_ar_wire_b32,projection,0.013472000136971474,0.013120000250637531,0.015263999812304974,all_reduce,1024,32768,65536,114688.0
Qwen/Qwen3-8B-Base,49e3418fbbbca6ecbdf9608b4d22e5a407081db4,lr_ar_wire,n/a,32,8,64,,,,,,,n/a,bfloat16,NVIDIA L40S,0,lr_ar_wire_b32,collective,0.037248000502586365,0.03590400144457817,0.038975998759269714,all_reduce,1024,32768,65536,114688.0
Qwen/Qwen3-8B-Base,49e3418fbbbca6ecbdf9608b4d22e5a407081db4,lr_ar_wire,n/a,32,8,64,,,,,,,n/a,bfloat16,NVIDIA L40S,0,lr_ar_wire_b32,reconstruction,0.01600000075995922,0.015807999297976494,0.017184000462293625,all_reduce,1024,32768,65536,114688.0
Qwen/Qwen3-8B-Base,49e3418fbbbca6ecbdf9608b4d22e5a407081db4,lr_ar_wire,n/a,32,8,64,,,,,,,n/a,bfloat16,NVIDIA L40S,0,lr_ar_wire_b32,total,0.06995200365781784,0.06764800101518631,0.07807999849319458,all_reduce,1024,32768,65536,114688.0
Qwen/Qwen3-8B-Base,49e3418fbbbca6ecbdf9608b4d22e5a407081db4,lr_ar_cap,n/a,32,8,64,,,,,,,n/a,bfloat16,NVIDIA L40S,0,lr_ar_cap_b32,projection,0.015887999907135963,0.013248000293970108,0.018751999363303185,all_reduce,2048,65536,131072,229376.0
Qwen/Qwen3-8B-Base,49e3418fbbbca6ecbdf9608b4d22e5a407081db4,lr_ar_cap,n/a,32,8,64,,,,,,,n/a,bfloat16,NVIDIA L40S,0,lr_ar_cap_b32,collective,0.04944000020623207,0.048895999789237976,0.0504320003092289,all_reduce,2048,65536,131072,229376.0
Qwen/Qwen3-8B-Base,49e3418fbbbca6ecbdf9608b4d22e5a407081db4,lr_ar_cap,n/a,32,8,64,,,,,,,n/a,bfloat16,NVIDIA L40S,0,lr_ar_cap_b32,reconstruction,0.021040000021457672,0.017023999243974686,0.022655999287962914,all_reduce,2048,65536,131072,229376.0
Qwen/Qwen3-8B-Base,49e3418fbbbca6ecbdf9608b4d22e5a407081db4,lr_ar_cap,n/a,32,8,64,,,,,,,n/a,bfloat16,NVIDIA L40S,0,lr_ar_cap_b32,total,0.07262400165200233,0.07039999961853027,0.08991999924182892,all_reduce,2048,65536,131072,229376.0
Qwen/Qwen3-8B-Base,49e3418fbbbca6ecbdf9608b4d22e5a407081db4,c1_ar,n/a,32,8,64,,,,,,,n/a,bfloat16,NVIDIA L40S,0,c1_ar_b32,projection,0.017535999417304993,0.017184000462293625,0.019936000928282738,all_reduce,2048,65536,131072,229376.0
Qwen/Qwen3-8B-Base,49e3418fbbbca6ecbdf9608b4d22e5a407081db4,c1_ar,n/a,32,8,64,,,,,,,n/a,bfloat16,NVIDIA L40S,0,c1_ar_b32,collective,0.049536000937223434,0.04899200052022934,0.05056000128388405,all_reduce,2048,65536,131072,229376.0
Qwen/Qwen3-8B-Base,49e3418fbbbca6ecbdf9608b4d22e5a407081db4,c1_ar,n/a,32,8,64,,,,,,,n/a,bfloat16,NVIDIA L40S,0,c1_ar_b32,reconstruction,0.020896000787615776,0.02070399932563305,0.02768000029027462,all_reduce,2048,65536,131072,229376.0
Qwen/Qwen3-8B-Base,49e3418fbbbca6ecbdf9608b4d22e5a407081db4,c1_ar,n/a,32,8,64,,,,,,,n/a,bfloat16,NVIDIA L40S,0,c1_ar_b32,total,0.08892799913883209,0.08451200276613235,0.09676799923181534,all_reduce,2048,65536,131072,229376.0
Qwen/Qwen3-8B-Base,49e3418fbbbca6ecbdf9608b4d22e5a407081db4,basiskv_ag,n/a,32,8,64,,,,,,,n/a,bfloat16,NVIDIA L40S,0,basiskv_ag_b32,projection,0.012736000120639801,0.012480000033974648,0.01398400031030178,all_gather,256,8192,16384,114688.0
Qwen/Qwen3-8B-Base,49e3418fbbbca6ecbdf9608b4d22e5a407081db4,basiskv_ag,n/a,32,8,64,,,,,,,n/a,bfloat16,NVIDIA L40S,0,basiskv_ag_b32,collective,0.029664000496268272,0.02876799926161766,0.030688000842928886,all_gather,256,8192,16384,114688.0
Qwen/Qwen3-8B-Base,49e3418fbbbca6ecbdf9608b4d22e5a407081db4,basiskv_ag,n/a,32,8,64,,,,,,,n/a,bfloat16,NVIDIA L40S,0,basiskv_ag_b32,reconstruction,0.020959999412298203,0.020767999812960625,0.021215999498963356,all_gather,256,8192,16384,114688.0
Qwen/Qwen3-8B-Base,49e3418fbbbca6ecbdf9608b4d22e5a407081db4,basiskv_ag,n/a,32,8,64,,,,,,,n/a,bfloat16,NVIDIA L40S,0,basiskv_ag_b32,total,0.052319999784231186,0.051392000168561935,0.05350400134921074,all_gather,256,8192,16384,114688.0
Qwen/Qwen3-8B-Base,49e3418fbbbca6ecbdf9608b4d22e5a407081db4,dense_ar,n/a,32,8,64,,,,,,,n/a,bfloat16,NVIDIA L40S,1,dense_ar_b32,projection,0.013279999606311321,0.012992000207304955,0.014015999622642994,all_reduce,4096,131072,262144,458752.0
Qwen/Qwen3-8B-Base,49e3418fbbbca6ecbdf9608b4d22e5a407081db4,dense_ar,n/a,32,8,64,,,,,,,n/a,bfloat16,NVIDIA L40S,1,dense_ar_b32,collective,0.08156800270080566,0.08086399734020233,0.08246400207281113,all_reduce,4096,131072,262144,458752.0
Qwen/Qwen3-8B-Base,49e3418fbbbca6ecbdf9608b4d22e5a407081db4,dense_ar,n/a,32,8,64,,,,,,,n/a,bfloat16,NVIDIA L40S,1,dense_ar_b32,reconstruction,0.01027199998497963,0.0098879998549819,0.010879999957978725,all_reduce,4096,131072,262144,458752.0
Qwen/Qwen3-8B-Base,49e3418fbbbca6ecbdf9608b4d22e5a407081db4,dense_ar,n/a,32,8,64,,,,,,,n/a,bfloat16,NVIDIA L40S,1,dense_ar_b32,total,0.0904960036277771,0.0896959975361824,0.09167999774217606,all_reduce,4096,131072,262144,458752.0
Qwen/Qwen3-8B-Base,49e3418fbbbca6ecbdf9608b4d22e5a407081db4,lr_ar_wire,n/a,32,8,64,,,,,,,n/a,bfloat16,NVIDIA L40S,1,lr_ar_wire_b32,projection,0.013344000093638897,0.013024000450968742,0.016704000532627106,all_reduce,1024,32768,65536,114688.0
Qwen/Qwen3-8B-Base,49e3418fbbbca6ecbdf9608b4d22e5a407081db4,lr_ar_wire,n/a,32,8,64,,,,,,,n/a,bfloat16,NVIDIA L40S,1,lr_ar_wire_b32,collective,0.03798399865627289,0.036607999354600906,0.04073600098490715,all_reduce,1024,32768,65536,114688.0
Qwen/Qwen3-8B-Base,49e3418fbbbca6ecbdf9608b4d22e5a407081db4,lr_ar_wire,n/a,32,8,64,,,,,,,n/a,bfloat16,NVIDIA L40S,1,lr_ar_wire_b32,reconstruction,0.01603199914097786,0.01583999954164028,0.02006400004029274,all_reduce,1024,32768,65536,114688.0
Qwen/Qwen3-8B-Base,49e3418fbbbca6ecbdf9608b4d22e5a407081db4,lr_ar_wire,n/a,32,8,64,,,,,,,n/a,bfloat16,NVIDIA L40S,1,lr_ar_wire_b32,total,0.06803199648857117,0.06576000154018402,0.08006399869918823,all_reduce,1024,32768,65536,114688.0
Qwen/Qwen3-8B-Base,49e3418fbbbca6ecbdf9608b4d22e5a407081db4,lr_ar_cap,n/a,32,8,64,,,,,,,n/a,bfloat16,NVIDIA L40S,1,lr_ar_cap_b32,projection,0.013311999849975109,0.013055999763309956,0.015263999812304974,all_reduce,2048,65536,131072,229376.0
Qwen/Qwen3-8B-Base,49e3418fbbbca6ecbdf9608b4d22e5a407081db4,lr_ar_cap,n/a,32,8,64,,,,,,,n/a,bfloat16,NVIDIA L40S,1,lr_ar_cap_b32,collective,0.049536000937223434,0.04886399954557419,0.050592001527547836,all_reduce,2048,65536,131072,229376.0
Qwen/Qwen3-8B-Base,49e3418fbbbca6ecbdf9608b4d22e5a407081db4,lr_ar_cap,n/a,32,8,64,,,,,,,n/a,bfloat16,NVIDIA L40S,1,lr_ar_cap_b32,reconstruction,0.01740800030529499,0.017055999487638474,0.018912000581622124,all_reduce,2048,65536,131072,229376.0
Qwen/Qwen3-8B-Base,49e3418fbbbca6ecbdf9608b4d22e5a407081db4,lr_ar_cap,n/a,32,8,64,,,,,,,n/a,bfloat16,NVIDIA L40S,1,lr_ar_cap_b32,total,0.07099199667572975,0.07020799815654755,0.07254400104284286,all_reduce,2048,65536,131072,229376.0
Qwen/Qwen3-8B-Base,49e3418fbbbca6ecbdf9608b4d22e5a407081db4,c1_ar,n/a,32,8,64,,,,,,,n/a,bfloat16,NVIDIA L40S,1,c1_ar_b32,projection,0.02779199928045273,0.024480000138282776,0.0315839983522892,all_reduce,2048,65536,131072,229376.0
Qwen/Qwen3-8B-Base,49e3418fbbbca6ecbdf9608b4d22e5a407081db4,c1_ar,n/a,32,8,64,,,,,,,n/a,bfloat16,NVIDIA L40S,1,c1_ar_b32,collective,0.04956800118088722,0.04899200052022934,0.050783999264240265,all_reduce,2048,65536,131072,229376.0
Qwen/Qwen3-8B-Base,49e3418fbbbca6ecbdf9608b4d22e5a407081db4,c1_ar,n/a,32,8,64,,,,,,,n/a,bfloat16,NVIDIA L40S,1,c1_ar_b32,reconstruction,0.020864000543951988,0.02070399932563305,0.02115200087428093,all_reduce,2048,65536,131072,229376.0
Qwen/Qwen3-8B-Base,49e3418fbbbca6ecbdf9608b4d22e5a407081db4,c1_ar,n/a,32,8,64,,,,,,,n/a,bfloat16,NVIDIA L40S,1,c1_ar_b32,total,0.09148799628019333,0.08895999938249588,0.0984639972448349,all_reduce,2048,65536,131072,229376.0
Qwen/Qwen3-8B-Base,49e3418fbbbca6ecbdf9608b4d22e5a407081db4,basiskv_ag,n/a,32,8,64,,,,,,,n/a,bfloat16,NVIDIA L40S,1,basiskv_ag_b32,projection,0.012959999963641167,0.012640000320971012,0.015263999812304974,all_gather,256,8192,16384,114688.0
Qwen/Qwen3-8B-Base,49e3418fbbbca6ecbdf9608b4d22e5a407081db4,basiskv_ag,n/a,32,8,64,,,,,,,n/a,bfloat16,NVIDIA L40S,1,basiskv_ag_b32,collective,0.02956799976527691,0.028704000636935234,0.030592000111937523,all_gather,256,8192,16384,114688.0
Qwen/Qwen3-8B-Base,49e3418fbbbca6ecbdf9608b4d22e5a407081db4,basiskv_ag,n/a,32,8,64,,,,,,,n/a,bfloat16,NVIDIA L40S,1,basiskv_ag_b32,reconstruction,0.02643200010061264,0.025472000241279602,0.02921600081026554,all_gather,256,8192,16384,114688.0
Qwen/Qwen3-8B-Base,49e3418fbbbca6ecbdf9608b4d22e5a407081db4,basiskv_ag,n/a,32,8,64,,,,,,,n/a,bfloat16,NVIDIA L40S,1,basiskv_ag_b32,total,0.052352000027894974,0.051392000168561935,0.053888000547885895,all_gather,256,8192,16384,114688.0
Qwen/Qwen3-8B-Base,49e3418fbbbca6ecbdf9608b4d22e5a407081db4,dense_ar,n/a,32,8,64,,,,,,,n/a,bfloat16,NVIDIA L40S,2,dense_ar_b32,projection,0.01375999953597784,0.012992000207304955,0.019007999449968338,all_reduce,4096,131072,262144,458752.0
Qwen/Qwen3-8B-Base,49e3418fbbbca6ecbdf9608b4d22e5a407081db4,dense_ar,n/a,32,8,64,,,,,,,n/a,bfloat16,NVIDIA L40S,2,dense_ar_b32,collective,0.08160000294446945,0.08102399855852127,0.08240000158548355,all_reduce,4096,131072,262144,458752.0
Qwen/Qwen3-8B-Base,49e3418fbbbca6ecbdf9608b4d22e5a407081db4,dense_ar,n/a,32,8,64,,,,,,,n/a,bfloat16,NVIDIA L40S,2,dense_ar_b32,reconstruction,0.013135999906808138,0.010208000428974628,0.015936000272631645,all_reduce,4096,131072,262144,458752.0
Qwen/Qwen3-8B-Base,49e3418fbbbca6ecbdf9608b4d22e5a407081db4,dense_ar,n/a,32,8,64,,,,,,,n/a,bfloat16,NVIDIA L40S,2,dense_ar_b32,total,0.09027200192213058,0.08947200328111649,0.09126400202512741,all_reduce,4096,131072,262144,458752.0
Qwen/Qwen3-8B-Base,49e3418fbbbca6ecbdf9608b4d22e5a407081db4,lr_ar_wire,n/a,32,8,64,,,,,,,n/a,bfloat16,NVIDIA L40S,2,lr_ar_wire_b32,projection,0.019551999866962433,0.013439999893307686,0.022911999374628067,all_reduce,1024,32768,65536,114688.0
Qwen/Qwen3-8B-Base,49e3418fbbbca6ecbdf9608b4d22e5a407081db4,lr_ar_wire,n/a,32,8,64,,,,,,,n/a,bfloat16,NVIDIA L40S,2,lr_ar_wire_b32,collective,0.03691200166940689,0.034591998904943466,0.040863998234272,all_reduce,1024,32768,65536,114688.0
Qwen/Qwen3-8B-Base,49e3418fbbbca6ecbdf9608b4d22e5a407081db4,lr_ar_wire,n/a,32,8,64,,,,,,,n/a,bfloat16,NVIDIA L40S,2,lr_ar_wire_b32,reconstruction,0.016095999628305435,0.01583999954164028,0.01788800023496151,all_reduce,1024,32768,65536,114688.0
Qwen/Qwen3-8B-Base,49e3418fbbbca6ecbdf9608b4d22e5a407081db4,lr_ar_wire,n/a,32,8,64,,,,,,,n/a,bfloat16,NVIDIA L40S,2,lr_ar_wire_b32,total,0.06985600292682648,0.06764800101518631,0.07657600194215775,all_reduce,1024,32768,65536,114688.0
Qwen/Qwen3-8B-Base,49e3418fbbbca6ecbdf9608b4d22e5a407081db4,lr_ar_cap,n/a,32,8,64,,,,,,,n/a,bfloat16,NVIDIA L40S,2,lr_ar_cap_b32,projection,0.013407999649643898,0.013088000006973743,0.01744000054895878,all_reduce,2048,65536,131072,229376.0
Qwen/Qwen3-8B-Base,49e3418fbbbca6ecbdf9608b4d22e5a407081db4,lr_ar_cap,n/a,32,8,64,,,,,,,n/a,bfloat16,NVIDIA L40S,2,lr_ar_cap_b32,collective,0.049375999718904495,0.04886399954557419,0.05011200159788132,all_reduce,2048,65536,131072,229376.0
Qwen/Qwen3-8B-Base,49e3418fbbbca6ecbdf9608b4d22e5a407081db4,lr_ar_cap,n/a,32,8,64,,,,,,,n/a,bfloat16,NVIDIA L40S,2,lr_ar_cap_b32,reconstruction,0.017023999243974686,0.016863999888300896,0.017791999503970146,all_reduce,2048,65536,131072,229376.0
Qwen/Qwen3-8B-Base,49e3418fbbbca6ecbdf9608b4d22e5a407081db4,lr_ar_cap,n/a,32,8,64,,,,,,,n/a,bfloat16,NVIDIA L40S,2,lr_ar_cap_b32,total,0.07089600339531898,0.06998399645090103,0.07212799787521362,all_reduce,2048,65536,131072,229376.0
Qwen/Qwen3-8B-Base,49e3418fbbbca6ecbdf9608b4d22e5a407081db4,c1_ar,n/a,32,8,64,,,,,,,n/a,bfloat16,NVIDIA L40S,2,c1_ar_b32,projection,0.017632000148296356,0.01727999933063984,0.02112000063061714,all_reduce,2048,65536,131072,229376.0
Qwen/Qwen3-8B-Base,49e3418fbbbca6ecbdf9608b4d22e5a407081db4,c1_ar,n/a,32,8,64,,,,,,,n/a,bfloat16,NVIDIA L40S,2,c1_ar_b32,collective,0.04944000020623207,0.0488319993019104,0.050592001527547836,all_reduce,2048,65536,131072,229376.0
Qwen/Qwen3-8B-Base,49e3418fbbbca6ecbdf9608b4d22e5a407081db4,c1_ar,n/a,32,8,64,,,,,,,n/a,bfloat16,NVIDIA L40S,2,c1_ar_b32,reconstruction,0.020864000543951988,0.02070399932563305,0.021088000386953354,all_reduce,2048,65536,131072,229376.0
Qwen/Qwen3-8B-Base,49e3418fbbbca6ecbdf9608b4d22e5a407081db4,c1_ar,n/a,32,8,64,,,,,,,n/a,bfloat16,NVIDIA L40S,2,c1_ar_b32,total,0.08975999802350998,0.08694399893283844,0.09824000298976898,all_reduce,2048,65536,131072,229376.0
Qwen/Qwen3-8B-Base,49e3418fbbbca6ecbdf9608b4d22e5a407081db4,basiskv_ag,n/a,32,8,64,,,,,,,n/a,bfloat16,NVIDIA L40S,2,basiskv_ag_b32,projection,0.012943999841809273,0.012608000077307224,0.01708799973130226,all_gather,256,8192,16384,114688.0
Qwen/Qwen3-8B-Base,49e3418fbbbca6ecbdf9608b4d22e5a407081db4,basiskv_ag,n/a,32,8,64,,,,,,,n/a,bfloat16,NVIDIA L40S,2,basiskv_ag_b32,collective,0.029472000896930695,0.02860799990594387,0.030719999223947525,all_gather,256,8192,16384,114688.0
Qwen/Qwen3-8B-Base,49e3418fbbbca6ecbdf9608b4d22e5a407081db4,basiskv_ag,n/a,32,8,64,,,,,,,n/a,bfloat16,NVIDIA L40S,2,basiskv_ag_b32,reconstruction,0.020927999168634415,0.020767999812960625,0.021215999498963356,all_gather,256,8192,16384,114688.0
Qwen/Qwen3-8B-Base,49e3418fbbbca6ecbdf9608b4d22e5a407081db4,basiskv_ag,n/a,32,8,64,,,,,,,n/a,bfloat16,NVIDIA L40S,2,basiskv_ag_b32,total,0.052352000027894974,0.05152000114321709,0.05337600037455559,all_gather,256,8192,16384,114688.0
Qwen/Qwen3-8B-Base,49e3418fbbbca6ecbdf9608b4d22e5a407081db4,dense_ar,n/a,1,8,64,,,,,,,n/a,bfloat16,NVIDIA L40S,0,dense_ar_b1,projection,0.01321600005030632,0.012896000407636166,0.015584000386297703,all_reduce,4096,4096,8192,14336.0
Qwen/Qwen3-8B-Base,49e3418fbbbca6ecbdf9608b4d22e5a407081db4,dense_ar,n/a,1,8,64,,,,,,,n/a,bfloat16,NVIDIA L40S,0,dense_ar_b1,collective,0.03606399893760681,0.03465599939227104,0.03888000175356865,all_reduce,4096,4096,8192,14336.0
Qwen/Qwen3-8B-Base,49e3418fbbbca6ecbdf9608b4d22e5a407081db4,dense_ar,n/a,1,8,64,,,,,,,n/a,bfloat16,NVIDIA L40S,0,dense_ar_b1,reconstruction,0.009952000342309475,0.009727999567985535,0.01500799972563982,all_reduce,4096,4096,8192,14336.0
Qwen/Qwen3-8B-Base,49e3418fbbbca6ecbdf9608b4d22e5a407081db4,dense_ar,n/a,1,8,64,,,,,,,n/a,bfloat16,NVIDIA L40S,0,dense_ar_b1,total,0.07155200093984604,0.06876800209283829,0.08111999928951263,all_reduce,4096,4096,8192,14336.0
Qwen/Qwen3-8B-Base,49e3418fbbbca6ecbdf9608b4d22e5a407081db4,lr_ar_wire,n/a,1,8,64,,,,,,,n/a,bfloat16,NVIDIA L40S,0,lr_ar_wire_b1,projection,0.016416000202298164,0.01616000011563301,0.020640000700950623,all_reduce,1024,1024,2048,3584.0
Qwen/Qwen3-8B-Base,49e3418fbbbca6ecbdf9608b4d22e5a407081db4,lr_ar_wire,n/a,1,8,64,,,,,,,n/a,bfloat16,NVIDIA L40S,0,lr_ar_wire_b1,collective,0.038495998829603195,0.03657599911093712,0.044256001710891724,all_reduce,1024,1024,2048,3584.0
Qwen/Qwen3-8B-Base,49e3418fbbbca6ecbdf9608b4d22e5a407081db4,lr_ar_wire,n/a,1,8,64,,,,,,,n/a,bfloat16,NVIDIA L40S,0,lr_ar_wire_b1,reconstruction,0.013120000250637531,0.012799999676644802,0.015168000012636185,all_reduce,1024,1024,2048,3584.0
Qwen/Qwen3-8B-Base,49e3418fbbbca6ecbdf9608b4d22e5a407081db4,lr_ar_wire,n/a,1,8,64,,,,,,,n/a,bfloat16,NVIDIA L40S,0,lr_ar_wire_b1,total,0.07110399752855301,0.06854400038719177,0.07932800054550171,all_reduce,1024,1024,2048,3584.0
Qwen/Qwen3-8B-Base,49e3418fbbbca6ecbdf9608b4d22e5a407081db4,lr_ar_cap,n/a,1,8,64,,,,,,,n/a,bfloat16,NVIDIA L40S,0,lr_ar_cap_b1,projection,0.02377600036561489,0.016736000776290894,0.02691200003027916,all_reduce,2048,2048,4096,7168.0
Qwen/Qwen3-8B-Base,49e3418fbbbca6ecbdf9608b4d22e5a407081db4,lr_ar_cap,n/a,1,8,64,,,,,,,n/a,bfloat16,NVIDIA L40S,0,lr_ar_cap_b1,collective,0.0368800014257431,0.03526400029659271,0.03948799893260002,all_reduce,2048,2048,4096,7168.0
Qwen/Qwen3-8B-Base,49e3418fbbbca6ecbdf9608b4d22e5a407081db4,lr_ar_cap,n/a,1,8,64,,,,,,,n/a,bfloat16,NVIDIA L40S,0,lr_ar_cap_b1,reconstruction,0.016607999801635742,0.015904000028967857,0.018719999119639397,all_reduce,2048,2048,4096,7168.0
Qwen/Qwen3-8B-Base,49e3418fbbbca6ecbdf9608b4d22e5a407081db4,lr_ar_cap,n/a,1,8,64,,,,,,,n/a,bfloat16,NVIDIA L40S,0,lr_ar_cap_b1,total,0.07030399888753891,0.06719999760389328,0.07711999863386154,all_reduce,2048,2048,4096,7168.0
Qwen/Qwen3-8B-Base,49e3418fbbbca6ecbdf9608b4d22e5a407081db4,c1_ar,n/a,1,8,64,,,,,,,n/a,bfloat16,NVIDIA L40S,0,c1_ar_b1,projection,0.01740800030529499,0.016992000862956047,0.028736000880599022,all_reduce,2048,2048,4096,7168.0
Qwen/Qwen3-8B-Base,49e3418fbbbca6ecbdf9608b4d22e5a407081db4,c1_ar,n/a,1,8,64,,,,,,,n/a,bfloat16,NVIDIA L40S,0,c1_ar_b1,collective,0.036848001182079315,0.034591998904943466,0.041280001401901245,all_reduce,2048,2048,4096,7168.0
Qwen/Qwen3-8B-Base,49e3418fbbbca6ecbdf9608b4d22e5a407081db4,c1_ar,n/a,1,8,64,,,,,,,n/a,bfloat16,NVIDIA L40S,0,c1_ar_b1,reconstruction,0.027807999402284622,0.027648000046610832,0.028031999245285988,all_reduce,2048,2048,4096,7168.0
Qwen/Qwen3-8B-Base,49e3418fbbbca6ecbdf9608b4d22e5a407081db4,c1_ar,n/a,1,8,64,,,,,,,n/a,bfloat16,NVIDIA L40S,0,c1_ar_b1,total,0.08675199747085571,0.08486399799585342,0.09459199756383896,all_reduce,2048,2048,4096,7168.0
Qwen/Qwen3-8B-Base,49e3418fbbbca6ecbdf9608b4d22e5a407081db4,basiskv_ag,n/a,1,8,64,,,,,,,n/a,bfloat16,NVIDIA L40S,0,basiskv_ag_b1,projection,0.0144640002399683,0.012415999546647072,0.01833599992096424,all_gather,256,256,512,3584.0
Qwen/Qwen3-8B-Base,49e3418fbbbca6ecbdf9608b4d22e5a407081db4,basiskv_ag,n/a,1,8,64,,,,,,,n/a,bfloat16,NVIDIA L40S,0,basiskv_ag_b1,collective,0.01600000075995922,0.015615999698638916,0.01664000004529953,all_gather,256,256,512,3584.0
Qwen/Qwen3-8B-Base,49e3418fbbbca6ecbdf9608b4d22e5a407081db4,basiskv_ag,n/a,1,8,64,,,,,,,n/a,bfloat16,NVIDIA L40S,0,basiskv_ag_b1,reconstruction,0.027615999802947044,0.027456000447273254,0.02783999964594841,all_gather,256,256,512,3584.0
Qwen/Qwen3-8B-Base,49e3418fbbbca6ecbdf9608b4d22e5a407081db4,basiskv_ag,n/a,1,8,64,,,,,,,n/a,bfloat16,NVIDIA L40S,0,basiskv_ag_b1,total,0.044256001710891724,0.04342399910092354,0.05459199845790863,all_gather,256,256,512,3584.0
Qwen/Qwen3-8B-Base,49e3418fbbbca6ecbdf9608b4d22e5a407081db4,dense_ar,n/a,1,8,64,,,,,,,n/a,bfloat16,NVIDIA L40S,1,dense_ar_b1,projection,0.013024000450968742,0.012703999876976013,0.0197759997099638,all_reduce,4096,4096,8192,14336.0
Qwen/Qwen3-8B-Base,49e3418fbbbca6ecbdf9608b4d22e5a407081db4,dense_ar,n/a,1,8,64,,,,,,,n/a,bfloat16,NVIDIA L40S,1,dense_ar_b1,collective,0.03728000074625015,0.03516799956560135,0.041120000183582306,all_reduce,4096,4096,8192,14336.0
Qwen/Qwen3-8B-Base,49e3418fbbbca6ecbdf9608b4d22e5a407081db4,dense_ar,n/a,1,8,64,,,,,,,n/a,bfloat16,NVIDIA L40S,1,dense_ar_b1,reconstruction,0.010336000006645918,0.009824000298976898,0.018271999433636665,all_reduce,4096,4096,8192,14336.0
Qwen/Qwen3-8B-Base,49e3418fbbbca6ecbdf9608b4d22e5a407081db4,dense_ar,n/a,1,8,64,,,,,,,n/a,bfloat16,NVIDIA L40S,1,dense_ar_b1,total,0.07531199976801872,0.07379200309515,0.08028800040483475,all_reduce,4096,4096,8192,14336.0
Qwen/Qwen3-8B-Base,49e3418fbbbca6ecbdf9608b4d22e5a407081db4,lr_ar_wire,n/a,1,8,64,,,,,,,n/a,bfloat16,NVIDIA L40S,1,lr_ar_wire_b1,projection,0.023344000801444054,0.01616000011563301,0.026464000344276428,all_reduce,1024,1024,2048,3584.0
Qwen/Qwen3-8B-Base,49e3418fbbbca6ecbdf9608b4d22e5a407081db4,lr_ar_wire,n/a,1,8,64,,,,,,,n/a,bfloat16,NVIDIA L40S,1,lr_ar_wire_b1,collective,0.03646400012075901,0.03519999980926514,0.039872001856565475,all_reduce,1024,1024,2048,3584.0
Qwen/Qwen3-8B-Base,49e3418fbbbca6ecbdf9608b4d22e5a407081db4,lr_ar_wire,n/a,1,8,64,,,,,,,n/a,bfloat16,NVIDIA L40S,1,lr_ar_wire_b1,reconstruction,0.015536000020802021,0.013024000450968742,0.01881599985063076,all_reduce,1024,1024,2048,3584.0
Qwen/Qwen3-8B-Base,49e3418fbbbca6ecbdf9608b4d22e5a407081db4,lr_ar_wire,n/a,1,8,64,,,,,,,n/a,bfloat16,NVIDIA L40S,1,lr_ar_wire_b1,total,0.07001599669456482,0.0671359971165657,0.07699199765920639,all_reduce,1024,1024,2048,3584.0
Qwen/Qwen3-8B-Base,49e3418fbbbca6ecbdf9608b4d22e5a407081db4,lr_ar_cap,n/a,1,8,64,,,,,,,n/a,bfloat16,NVIDIA L40S,1,lr_ar_cap_b1,projection,0.022975999861955643,0.01651199907064438,0.026048000901937485,all_reduce,2048,2048,4096,7168.0
Qwen/Qwen3-8B-Base,49e3418fbbbca6ecbdf9608b4d22e5a407081db4,lr_ar_cap,n/a,1,8,64,,,,,,,n/a,bfloat16,NVIDIA L40S,1,lr_ar_cap_b1,collective,0.03579200059175491,0.03407999873161316,0.04230400174856186,all_reduce,2048,2048,4096,7168.0
Qwen/Qwen3-8B-Base,49e3418fbbbca6ecbdf9608b4d22e5a407081db4,lr_ar_cap,n/a,1,8,64,,,,,,,n/a,bfloat16,NVIDIA L40S,1,lr_ar_cap_b1,reconstruction,0.015744000673294067,0.015615999698638916,0.016543999314308167,all_reduce,2048,2048,4096,7168.0
Qwen/Qwen3-8B-Base,49e3418fbbbca6ecbdf9608b4d22e5a407081db4,lr_ar_cap,n/a,1,8,64,,,,,,,n/a,bfloat16,NVIDIA L40S,1,lr_ar_cap_b1,total,0.07222399860620499,0.07043199986219406,0.07929600030183792,all_reduce,2048,2048,4096,7168.0
Qwen/Qwen3-8B-Base,49e3418fbbbca6ecbdf9608b4d22e5a407081db4,c1_ar,n/a,1,8,64,,,,,,,n/a,bfloat16,NVIDIA L40S,1,c1_ar_b1,projection,0.017136000096797943,0.01679999940097332,0.021888000890612602,all_reduce,2048,2048,4096,7168.0
Qwen/Qwen3-8B-Base,49e3418fbbbca6ecbdf9608b4d22e5a407081db4,c1_ar,n/a,1,8,64,,,,,,,n/a,bfloat16,NVIDIA L40S,1,c1_ar_b1,collective,0.03574400022625923,0.034432001411914825,0.0432640016078949,all_reduce,2048,2048,4096,7168.0
Qwen/Qwen3-8B-Base,49e3418fbbbca6ecbdf9608b4d22e5a407081db4,c1_ar,n/a,1,8,64,,,,,,,n/a,bfloat16,NVIDIA L40S,1,c1_ar_b1,reconstruction,0.027456000447273254,0.027295999228954315,0.027712000533938408,all_reduce,2048,2048,4096,7168.0
Qwen/Qwen3-8B-Base,49e3418fbbbca6ecbdf9608b4d22e5a407081db4,c1_ar,n/a,1,8,64,,,,,,,n/a,bfloat16,NVIDIA L40S,1,c1_ar_b1,total,0.08856000006198883,0.08611200004816055,0.09795200079679489,all_reduce,2048,2048,4096,7168.0
Qwen/Qwen3-8B-Base,49e3418fbbbca6ecbdf9608b4d22e5a407081db4,basiskv_ag,n/a,1,8,64,,,,,,,n/a,bfloat16,NVIDIA L40S,1,basiskv_ag_b1,projection,0.012512000277638435,0.012223999947309494,0.01696000061929226,all_gather,256,256,512,3584.0
Qwen/Qwen3-8B-Base,49e3418fbbbca6ecbdf9608b4d22e5a407081db4,basiskv_ag,n/a,1,8,64,,,,,,,n/a,bfloat16,NVIDIA L40S,1,basiskv_ag_b1,collective,0.016767999157309532,0.015968000516295433,0.017535999417304993,all_gather,256,256,512,3584.0
Qwen/Qwen3-8B-Base,49e3418fbbbca6ecbdf9608b4d22e5a407081db4,basiskv_ag,n/a,1,8,64,,,,,,,n/a,bfloat16,NVIDIA L40S,1,basiskv_ag_b1,reconstruction,0.027327999472618103,0.0272000003606081,0.027648000046610832,all_gather,256,256,512,3584.0
Qwen/Qwen3-8B-Base,49e3418fbbbca6ecbdf9608b4d22e5a407081db4,basiskv_ag,n/a,1,8,64,,,,,,,n/a,bfloat16,NVIDIA L40S,1,basiskv_ag_b1,total,0.044015999883413315,0.04320000112056732,0.04483199864625931,all_gather,256,256,512,3584.0
Qwen/Qwen3-8B-Base,49e3418fbbbca6ecbdf9608b4d22e5a407081db4,dense_ar,n/a,1,8,64,,,,,,,n/a,bfloat16,NVIDIA L40S,2,dense_ar_b1,projection,0.01500799972563982,0.012864000163972378,0.017855999991297722,all_reduce,4096,4096,8192,14336.0
Qwen/Qwen3-8B-Base,49e3418fbbbca6ecbdf9608b4d22e5a407081db4,dense_ar,n/a,1,8,64,,,,,,,n/a,bfloat16,NVIDIA L40S,2,dense_ar_b1,collective,0.0355679988861084,0.034015998244285583,0.040800001472234726,all_reduce,4096,4096,8192,14336.0
Qwen/Qwen3-8B-Base,49e3418fbbbca6ecbdf9608b4d22e5a407081db4,dense_ar,n/a,1,8,64,,,,,,,n/a,bfloat16,NVIDIA L40S,2,dense_ar_b1,reconstruction,0.012848000042140484,0.009759999811649323,0.01600000075995922,all_reduce,4096,4096,8192,14336.0
Qwen/Qwen3-8B-Base,49e3418fbbbca6ecbdf9608b4d22e5a407081db4,dense_ar,n/a,1,8,64,,,,,,,n/a,bfloat16,NVIDIA L40S,2,dense_ar_b1,total,0.07503999769687653,0.07295999675989151,0.08262400329113007,all_reduce,4096,4096,8192,14336.0
Qwen/Qwen3-8B-Base,49e3418fbbbca6ecbdf9608b4d22e5a407081db4,lr_ar_wire,n/a,1,8,64,,,,,,,n/a,bfloat16,NVIDIA L40S,2,lr_ar_wire_b1,projection,0.019328000023961067,0.01635199971497059,0.02271999977529049,all_reduce,1024,1024,2048,3584.0
Qwen/Qwen3-8B-Base,49e3418fbbbca6ecbdf9608b4d22e5a407081db4,lr_ar_wire,n/a,1,8,64,,,,,,,n/a,bfloat16,NVIDIA L40S,2,lr_ar_wire_b1,collective,0.03728000074625015,0.03612799942493439,0.04102399945259094,all_reduce,1024,1024,2048,3584.0
Qwen/Qwen3-8B-Base,49e3418fbbbca6ecbdf9608b4d22e5a407081db4,lr_ar_wire,n/a,1,8,64,,,,,,,n/a,bfloat16,NVIDIA L40S,2,lr_ar_wire_b1,reconstruction,0.013055999763309956,0.012768000364303589,0.014720000326633453,all_reduce,1024,1024,2048,3584.0
Qwen/Qwen3-8B-Base,49e3418fbbbca6ecbdf9608b4d22e5a407081db4,lr_ar_wire,n/a,1,8,64,,,,,,,n/a,bfloat16,NVIDIA L40S,2,lr_ar_wire_b1,total,0.0721919983625412,0.07043199986219406,0.07945600152015686,all_reduce,1024,1024,2048,3584.0
Qwen/Qwen3-8B-Base,49e3418fbbbca6ecbdf9608b4d22e5a407081db4,lr_ar_cap,n/a,1,8,64,,,,,,,n/a,bfloat16,NVIDIA L40S,2,lr_ar_cap_b1,projection,0.018543999642133713,0.01651199907064438,0.02284800074994564,all_reduce,2048,2048,4096,7168.0
Qwen/Qwen3-8B-Base,49e3418fbbbca6ecbdf9608b4d22e5a407081db4,lr_ar_cap,n/a,1,8,64,,,,,,,n/a,bfloat16,NVIDIA L40S,2,lr_ar_cap_b1,collective,0.03564799949526787,0.03420799970626831,0.04217600077390671,all_reduce,2048,2048,4096,7168.0
Qwen/Qwen3-8B-Base,49e3418fbbbca6ecbdf9608b4d22e5a407081db4,lr_ar_cap,n/a,1,8,64,,,,,,,n/a,bfloat16,NVIDIA L40S,2,lr_ar_cap_b1,reconstruction,0.015776000916957855,0.015615999698638916,0.016575999557971954,all_reduce,2048,2048,4096,7168.0
Qwen/Qwen3-8B-Base,49e3418fbbbca6ecbdf9608b4d22e5a407081db4,lr_ar_cap,n/a,1,8,64,,,,,,,n/a,bfloat16,NVIDIA L40S,2,lr_ar_cap_b1,total,0.07371200248599052,0.07135999947786331,0.08025600016117096,all_reduce,2048,2048,4096,7168.0
Qwen/Qwen3-8B-Base,49e3418fbbbca6ecbdf9608b4d22e5a407081db4,c1_ar,n/a,1,8,64,,,,,,,n/a,bfloat16,NVIDIA L40S,2,c1_ar_b1,projection,0.01774400006979704,0.016992000862956047,0.028991999104619026,all_reduce,2048,2048,4096,7168.0
Qwen/Qwen3-8B-Base,49e3418fbbbca6ecbdf9608b4d22e5a407081db4,c1_ar,n/a,1,8,64,,,,,,,n/a,bfloat16,NVIDIA L40S,2,c1_ar_b1,collective,0.03680000081658363,0.03564799949526787,0.03903999924659729,all_reduce,2048,2048,4096,7168.0
Qwen/Qwen3-8B-Base,49e3418fbbbca6ecbdf9608b4d22e5a407081db4,c1_ar,n/a,1,8,64,,,,,,,n/a,bfloat16,NVIDIA L40S,2,c1_ar_b1,reconstruction,0.02723200060427189,0.02707199938595295,0.02755199931561947,all_reduce,2048,2048,4096,7168.0
Qwen/Qwen3-8B-Base,49e3418fbbbca6ecbdf9608b4d22e5a407081db4,c1_ar,n/a,1,8,64,,,,,,,n/a,bfloat16,NVIDIA L40S,2,c1_ar_b1,total,0.08515200018882751,0.08064000308513641,0.0923520028591156,all_reduce,2048,2048,4096,7168.0
Qwen/Qwen3-8B-Base,49e3418fbbbca6ecbdf9608b4d22e5a407081db4,basiskv_ag,n/a,1,8,64,,,,,,,n/a,bfloat16,NVIDIA L40S,2,basiskv_ag_b1,projection,0.012784000020474195,0.012256000190973282,0.01711999997496605,all_gather,256,256,512,3584.0
Qwen/Qwen3-8B-Base,49e3418fbbbca6ecbdf9608b4d22e5a407081db4,basiskv_ag,n/a,1,8,64,,,,,,,n/a,bfloat16,NVIDIA L40S,2,basiskv_ag_b1,collective,0.016896000131964684,0.01603199914097786,0.017855999991297722,all_gather,256,256,512,3584.0
Qwen/Qwen3-8B-Base,49e3418fbbbca6ecbdf9608b4d22e5a407081db4,basiskv_ag,n/a,1,8,64,,,,,,,n/a,bfloat16,NVIDIA L40S,2,basiskv_ag_b1,reconstruction,0.02707199938595295,0.026944000273942947,0.027295999228954315,all_gather,256,256,512,3584.0
Qwen/Qwen3-8B-Base,49e3418fbbbca6ecbdf9608b4d22e5a407081db4,basiskv_ag,n/a,1,8,64,,,,,,,n/a,bfloat16,NVIDIA L40S,2,basiskv_ag_b1,total,0.044256001710891724,0.043168000876903534,0.05859199911355972,all_gather,256,256,512,3584.0
Qwen/Qwen3-8B-Base,49e3418fbbbca6ecbdf9608b4d22e5a407081db4,dense_ar,n/a,2,8,64,,,,,,,n/a,bfloat16,NVIDIA L40S,0,dense_ar_b2,projection,0.01905599981546402,0.013248000293970108,0.0225600004196167,all_reduce,4096,8192,16384,28672.0
Qwen/Qwen3-8B-Base,49e3418fbbbca6ecbdf9608b4d22e5a407081db4,dense_ar,n/a,2,8,64,,,,,,,n/a,bfloat16,NVIDIA L40S,0,dense_ar_b2,collective,0.03675200045108795,0.03545600175857544,0.03932800143957138,all_reduce,4096,8192,16384,28672.0
Qwen/Qwen3-8B-Base,49e3418fbbbca6ecbdf9608b4d22e5a407081db4,dense_ar,n/a,2,8,64,,,,,,,n/a,bfloat16,NVIDIA L40S,0,dense_ar_b2,reconstruction,0.009983999654650688,0.009759999811649323,0.010528000071644783,all_reduce,4096,8192,16384,28672.0
Qwen/Qwen3-8B-Base,49e3418fbbbca6ecbdf9608b4d22e5a407081db4,dense_ar,n/a,2,8,64,,,,,,,n/a,bfloat16,NVIDIA L40S,0,dense_ar_b2,total,0.07713599875569344,0.07472000271081924,0.08297599852085114,all_reduce,4096,8192,16384,28672.0
Qwen/Qwen3-8B-Base,49e3418fbbbca6ecbdf9608b4d22e5a407081db4,lr_ar_wire,n/a,2,8,64,,,,,,,n/a,bfloat16,NVIDIA L40S,0,lr_ar_wire_b2,projection,0.013344000093638897,0.013055999763309956,0.014368000440299511,all_reduce,1024,2048,4096,7168.0
Qwen/Qwen3-8B-Base,49e3418fbbbca6ecbdf9608b4d22e5a407081db4,lr_ar_wire,n/a,2,8,64,,,,,,,n/a,bfloat16,NVIDIA L40S,0,lr_ar_wire_b2,collective,0.035440001636743546,0.03363199904561043,0.040063999593257904,all_reduce,1024,2048,4096,7168.0
Qwen/Qwen3-8B-Base,49e3418fbbbca6ecbdf9608b4d22e5a407081db4,lr_ar_wire,n/a,2,8,64,,,,,,,n/a,bfloat16,NVIDIA L40S,0,lr_ar_wire_b2,reconstruction,0.014495999552309513,0.014208000153303146,0.015519999898970127,all_reduce,1024,2048,4096,7168.0
Qwen/Qwen3-8B-Base,49e3418fbbbca6ecbdf9608b4d22e5a407081db4,lr_ar_wire,n/a,2,8,64,,,,,,,n/a,bfloat16,NVIDIA L40S,0,lr_ar_wire_b2,total,0.07099199667572975,0.06860800087451935,0.0793600007891655,all_reduce,1024,2048,4096,7168.0
Qwen/Qwen3-8B-Base,49e3418fbbbca6ecbdf9608b4d22e5a407081db4,lr_ar_cap,n/a,2,8,64,,,,,,,n/a,bfloat16,NVIDIA L40S,0,lr_ar_cap_b2,projection,0.013407999649643898,0.013088000006973743,0.014303999952971935,all_reduce,2048,4096,8192,14336.0
Qwen/Qwen3-8B-Base,49e3418fbbbca6ecbdf9608b4d22e5a407081db4,lr_ar_cap,n/a,2,8,64,,,,,,,n/a,bfloat16,NVIDIA L40S,0,lr_ar_cap_b2,collective,0.037408001720905304,0.035551998764276505,0.043136000633239746,all_reduce,2048,4096,8192,14336.0
Qwen/Qwen3-8B-Base,49e3418fbbbca6ecbdf9608b4d22e5a407081db4,lr_ar_cap,n/a,2,8,64,,,,,,,n/a,bfloat16,NVIDIA L40S,0,lr_ar_cap_b2,reconstruction,0.017343999817967415,0.016767999157309532,0.019392000511288643,all_reduce,2048,4096,8192,14336.0
Qwen/Qwen3-8B-Base,49e3418fbbbca6ecbdf9608b4d22e5a407081db4,lr_ar_cap,n/a,2,8,64,,,,,,,n/a,bfloat16,NVIDIA L40S,0,lr_ar_cap_b2,total,0.07054400071501732,0.06860800087451935,0.07827199995517731,all_reduce,2048,4096,8192,14336.0
Qwen/Qwen3-8B-Base,49e3418fbbbca6ecbdf9608b4d22e5a407081db4,c1_ar,n/a,2,8,64,,,,,,,n/a,bfloat16,NVIDIA L40S,0,c1_ar_b2,projection,0.01793600060045719,0.017216000705957413,0.025919999927282333,all_reduce,2048,4096,8192,14336.0
Qwen/Qwen3-8B-Base,49e3418fbbbca6ecbdf9608b4d22e5a407081db4,c1_ar,n/a,2,8,64,,,,,,,n/a,bfloat16,NVIDIA L40S,0,c1_ar_b2,collective,0.0366239994764328,0.03545600175857544,0.0414079986512661,all_reduce,2048,4096,8192,14336.0
Qwen/Qwen3-8B-Base,49e3418fbbbca6ecbdf9608b4d22e5a407081db4,c1_ar,n/a,2,8,64,,,,,,,n/a,bfloat16,NVIDIA L40S,0,c1_ar_b2,reconstruction,0.0208320003002882,0.020160000771284103,0.029055999591946602,all_reduce,2048,4096,8192,14336.0
Qwen/Qwen3-8B-Base,49e3418fbbbca6ecbdf9608b4d22e5a407081db4,c1_ar,n/a,2,8,64,,,,,,,n/a,bfloat16,NVIDIA L40S,0,c1_ar_b2,total,0.09403200075030327,0.08899199962615967,0.10265599936246872,all_reduce,2048,4096,8192,14336.0
Qwen/Qwen3-8B-Base,49e3418fbbbca6ecbdf9608b4d22e5a407081db4,basiskv_ag,n/a,2,8,64,,,,,,,n/a,bfloat16,NVIDIA L40S,0,basiskv_ag_b2,projection,0.012736000120639801,0.012480000033974648,0.014303999952971935,all_gather,256,512,1024,7168.0
Qwen/Qwen3-8B-Base,49e3418fbbbca6ecbdf9608b4d22e5a407081db4,basiskv_ag,n/a,2,8,64,,,,,,,n/a,bfloat16,NVIDIA L40S,0,basiskv_ag_b2,collective,0.01696000061929226,0.01635199971497059,0.018015999346971512,all_gather,256,512,1024,7168.0
Qwen/Qwen3-8B-Base,49e3418fbbbca6ecbdf9608b4d22e5a407081db4,basiskv_ag,n/a,2,8,64,,,,,,,n/a,bfloat16,NVIDIA L40S,0,basiskv_ag_b2,reconstruction,0.020640000700950623,0.01990400068461895,0.02985600009560585,all_gather,256,512,1024,7168.0
Qwen/Qwen3-8B-Base,49e3418fbbbca6ecbdf9608b4d22e5a407081db4,basiskv_ag,n/a,2,8,64,,,,,,,n/a,bfloat16,NVIDIA L40S,0,basiskv_ag_b2,total,0.038656000047922134,0.03779200091958046,0.04156799986958504,all_gather,256,512,1024,7168.0
Qwen/Qwen3-8B-Base,49e3418fbbbca6ecbdf9608b4d22e5a407081db4,dense_ar,n/a,2,8,64,,,,,,,n/a,bfloat16,NVIDIA L40S,1,dense_ar_b2,projection,0.01321600005030632,0.012959999963641167,0.014208000153303146,all_reduce,4096,8192,16384,28672.0
Qwen/Qwen3-8B-Base,49e3418fbbbca6ecbdf9608b4d22e5a407081db4,dense_ar,n/a,2,8,64,,,,,,,n/a,bfloat16,NVIDIA L40S,1,dense_ar_b2,collective,0.03614399954676628,0.03440000116825104,0.04201599955558777,all_reduce,4096,8192,16384,28672.0
Qwen/Qwen3-8B-Base,49e3418fbbbca6ecbdf9608b4d22e5a407081db4,dense_ar,n/a,2,8,64,,,,,,,n/a,bfloat16,NVIDIA L40S,1,dense_ar_b2,reconstruction,0.009983999654650688,0.009759999811649323,0.010751999914646149,all_reduce,4096,8192,16384,28672.0
Qwen/Qwen3-8B-Base,49e3418fbbbca6ecbdf9608b4d22e5a407081db4,dense_ar,n/a,2,8,64,,,,,,,n/a,bfloat16,NVIDIA L40S,1,dense_ar_b2,total,0.07708799839019775,0.0753600001335144,0.08297599852085114,all_reduce,4096,8192,16384,28672.0
Qwen/Qwen3-8B-Base,49e3418fbbbca6ecbdf9608b4d22e5a407081db4,lr_ar_wire,n/a,2,8,64,,,,,,,n/a,bfloat16,NVIDIA L40S,1,lr_ar_wire_b2,projection,0.013488000258803368,0.01321600005030632,0.014911999925971031,all_reduce,1024,2048,4096,7168.0
Qwen/Qwen3-8B-Base,49e3418fbbbca6ecbdf9608b4d22e5a407081db4,lr_ar_wire,n/a,2,8,64,,,,,,,n/a,bfloat16,NVIDIA L40S,1,lr_ar_wire_b2,collective,0.03707199916243553,0.0352960005402565,0.03996799886226654,all_reduce,1024,2048,4096,7168.0
Qwen/Qwen3-8B-Base,49e3418fbbbca6ecbdf9608b4d22e5a407081db4,lr_ar_wire,n/a,2,8,64,,,,,,,n/a,bfloat16,NVIDIA L40S,1,lr_ar_wire_b2,reconstruction,0.0144640002399683,0.014208000153303146,0.01696000061929226,all_reduce,1024,2048,4096,7168.0
Qwen/Qwen3-8B-Base,49e3418fbbbca6ecbdf9608b4d22e5a407081db4,lr_ar_wire,n/a,2,8,64,,,,,,,n/a,bfloat16,NVIDIA L40S,1,lr_ar_wire_b2,total,0.07072000205516815,0.06880000233650208,0.07827199995517731,all_reduce,1024,2048,4096,7168.0
Qwen/Qwen3-8B-Base,49e3418fbbbca6ecbdf9608b4d22e5a407081db4,lr_ar_cap,n/a,2,8,64,,,,,,,n/a,bfloat16,NVIDIA L40S,1,lr_ar_cap_b2,projection,0.013439999893307686,0.013151999562978745,0.016416000202298164,all_reduce,2048,4096,8192,14336.0
Qwen/Qwen3-8B-Base,49e3418fbbbca6ecbdf9608b4d22e5a407081db4,lr_ar_cap,n/a,2,8,64,,,,,,,n/a,bfloat16,NVIDIA L40S,1,lr_ar_cap_b2,collective,0.036079999059438705,0.03455999866127968,0.04076800122857094,all_reduce,2048,4096,8192,14336.0
Qwen/Qwen3-8B-Base,49e3418fbbbca6ecbdf9608b4d22e5a407081db4,lr_ar_cap,n/a,2,8,64,,,,,,,n/a,bfloat16,NVIDIA L40S,1,lr_ar_cap_b2,reconstruction,0.017152000218629837,0.016767999157309532,0.019967999309301376,all_reduce,2048,4096,8192,14336.0
Qwen/Qwen3-8B-Base,49e3418fbbbca6ecbdf9608b4d22e5a407081db4,lr_ar_cap,n/a,2,8,64,,,,,,,n/a,bfloat16,NVIDIA L40S,1,lr_ar_cap_b2,total,0.06908799707889557,0.06691200286149979,0.0772479996085167,all_reduce,2048,4096,8192,14336.0
Qwen/Qwen3-8B-Base,49e3418fbbbca6ecbdf9608b4d22e5a407081db4,c1_ar,n/a,2,8,64,,,,,,,n/a,bfloat16,NVIDIA L40S,1,c1_ar_b2,projection,0.01759999990463257,0.017216000705957413,0.022752000018954277,all_reduce,2048,4096,8192,14336.0
Qwen/Qwen3-8B-Base,49e3418fbbbca6ecbdf9608b4d22e5a407081db4,c1_ar,n/a,2,8,64,,,,,,,n/a,bfloat16,NVIDIA L40S,1,c1_ar_b2,collective,0.03745599836111069,0.036320000886917114,0.040192000567913055,all_reduce,2048,4096,8192,14336.0
Qwen/Qwen3-8B-Base,49e3418fbbbca6ecbdf9608b4d22e5a407081db4,c1_ar,n/a,2,8,64,,,,,,,n/a,bfloat16,NVIDIA L40S,1,c1_ar_b2,reconstruction,0.020640000700950623,0.020191999152302742,0.023679999634623528,all_reduce,2048,4096,8192,14336.0
Qwen/Qwen3-8B-Base,49e3418fbbbca6ecbdf9608b4d22e5a407081db4,c1_ar,n/a,2,8,64,,,,,,,n/a,bfloat16,NVIDIA L40S,1,c1_ar_b2,total,0.09417600184679031,0.091839998960495,0.10185600072145462,all_reduce,2048,4096,8192,14336.0
Qwen/Qwen3-8B-Base,49e3418fbbbca6ecbdf9608b4d22e5a407081db4,basiskv_ag,n/a,2,8,64,,,,,,,n/a,bfloat16,NVIDIA L40S,1,basiskv_ag_b2,projection,0.012927999719977379,0.012480000033974648,0.018559999763965607,all_gather,256,512,1024,7168.0
Qwen/Qwen3-8B-Base,49e3418fbbbca6ecbdf9608b4d22e5a407081db4,basiskv_ag,n/a,2,8,64,,,,,,,n/a,bfloat16,NVIDIA L40S,1,basiskv_ag_b2,collective,0.016704000532627106,0.0161920003592968,0.017535999417304993,all_gather,256,512,1024,7168.0
Qwen/Qwen3-8B-Base,49e3418fbbbca6ecbdf9608b4d22e5a407081db4,basiskv_ag,n/a,2,8,64,,,,,,,n/a,bfloat16,NVIDIA L40S,1,basiskv_ag_b2,reconstruction,0.02054399996995926,0.020096000283956528,0.023615999147295952,all_gather,256,512,1024,7168.0
Qwen/Qwen3-8B-Base,49e3418fbbbca6ecbdf9608b4d22e5a407081db4,basiskv_ag,n/a,2,8,64,,,,,,,n/a,bfloat16,NVIDIA L40S,1,basiskv_ag_b2,total,0.040063999593257904,0.03766399994492531,0.06614399701356888,all_gather,256,512,1024,7168.0
Qwen/Qwen3-8B-Base,49e3418fbbbca6ecbdf9608b4d22e5a407081db4,dense_ar,n/a,2,8,64,,,,,,,n/a,bfloat16,NVIDIA L40S,2,dense_ar_b2,projection,0.01384000014513731,0.013088000006973743,0.017664000391960144,all_reduce,4096,8192,16384,28672.0
Qwen/Qwen3-8B-Base,49e3418fbbbca6ecbdf9608b4d22e5a407081db4,dense_ar,n/a,2,8,64,,,,,,,n/a,bfloat16,NVIDIA L40S,2,dense_ar_b2,collective,0.037167999893426895,0.03558399900794029,0.03999999910593033,all_reduce,4096,8192,16384,28672.0
Qwen/Qwen3-8B-Base,49e3418fbbbca6ecbdf9608b4d22e5a407081db4,dense_ar,n/a,2,8,64,,,,,,,n/a,bfloat16,NVIDIA L40S,2,dense_ar_b2,reconstruction,0.009983999654650688,0.009759999811649323,0.010912000201642513,all_reduce,4096,8192,16384,28672.0
Qwen/Qwen3-8B-Base,49e3418fbbbca6ecbdf9608b4d22e5a407081db4,dense_ar,n/a,2,8,64,,,,,,,n/a,bfloat16,NVIDIA L40S,2,dense_ar_b2,total,0.07542400062084198,0.0727040022611618,0.08128000050783157,all_reduce,4096,8192,16384,28672.0
Qwen/Qwen3-8B-Base,49e3418fbbbca6ecbdf9608b4d22e5a407081db4,lr_ar_wire,n/a,2,8,64,,,,,,,n/a,bfloat16,NVIDIA L40S,2,lr_ar_wire_b2,projection,0.013551999814808369,0.013183999806642532,0.018624000251293182,all_reduce,1024,2048,4096,7168.0
Qwen/Qwen3-8B-Base,49e3418fbbbca6ecbdf9608b4d22e5a407081db4,lr_ar_wire,n/a,2,8,64,,,,,,,n/a,bfloat16,NVIDIA L40S,2,lr_ar_wire_b2,collective,0.03585600107908249,0.033695999532938004,0.038047999143600464,all_reduce,1024,2048,4096,7168.0
Qwen/Qwen3-8B-Base,49e3418fbbbca6ecbdf9608b4d22e5a407081db4,lr_ar_wire,n/a,2,8,64,,,,,,,n/a,bfloat16,NVIDIA L40S,2,lr_ar_wire_b2,reconstruction,0.014431999996304512,0.014208000153303146,0.01500799972563982,all_reduce,1024,2048,4096,7168.0
Qwen/Qwen3-8B-Base,49e3418fbbbca6ecbdf9608b4d22e5a407081db4,lr_ar_wire,n/a,2,8,64,,,,,,,n/a,bfloat16,NVIDIA L40S,2,lr_ar_wire_b2,total,0.06774400174617767,0.06627199798822403,0.07187200337648392,all_reduce,1024,2048,4096,7168.0
Qwen/Qwen3-8B-Base,49e3418fbbbca6ecbdf9608b4d22e5a407081db4,lr_ar_cap,n/a,2,8,64,,,,,,,n/a,bfloat16,NVIDIA L40S,2,lr_ar_cap_b2,projection,0.018880000337958336,0.01321600005030632,0.022431999444961548,all_reduce,2048,4096,8192,14336.0
Qwen/Qwen3-8B-Base,49e3418fbbbca6ecbdf9608b4d22e5a407081db4,lr_ar_cap,n/a,2,8,64,,,,,,,n/a,bfloat16,NVIDIA L40S,2,lr_ar_cap_b2,collective,0.03521599993109703,0.033824000507593155,0.038176000118255615,all_reduce,2048,4096,8192,14336.0
Qwen/Qwen3-8B-Base,49e3418fbbbca6ecbdf9608b4d22e5a407081db4,lr_ar_cap,n/a,2,8,64,,,,,,,n/a,bfloat16,NVIDIA L40S,2,lr_ar_cap_b2,reconstruction,0.017231999896466732,0.016736000776290894,0.01945599913597107,all_reduce,2048,4096,8192,14336.0
Qwen/Qwen3-8B-Base,49e3418fbbbca6ecbdf9608b4d22e5a407081db4,lr_ar_cap,n/a,2,8,64,,,,,,,n/a,bfloat16,NVIDIA L40S,2,lr_ar_cap_b2,total,0.06684800237417221,0.06534399837255478,0.07491199672222137,all_reduce,2048,4096,8192,14336.0
Qwen/Qwen3-8B-Base,49e3418fbbbca6ecbdf9608b4d22e5a407081db4,c1_ar,n/a,2,8,64,,,,,,,n/a,bfloat16,NVIDIA L40S,2,c1_ar_b2,projection,0.022336000576615334,0.019840000197291374,0.025119999423623085,all_reduce,2048,4096,8192,14336.0
Qwen/Qwen3-8B-Base,49e3418fbbbca6ecbdf9608b4d22e5a407081db4,c1_ar,n/a,2,8,64,,,,,,,n/a,bfloat16,NVIDIA L40S,2,c1_ar_b2,collective,0.03630400076508522,0.03488000109791756,0.040511999279260635,all_reduce,2048,4096,8192,14336.0
Qwen/Qwen3-8B-Base,49e3418fbbbca6ecbdf9608b4d22e5a407081db4,c1_ar,n/a,2,8,64,,,,,,,n/a,bfloat16,NVIDIA L40S,2,c1_ar_b2,reconstruction,0.026559999212622643,0.02006400004029274,0.02751999907195568,all_reduce,2048,4096,8192,14336.0
Qwen/Qwen3-8B-Base,49e3418fbbbca6ecbdf9608b4d22e5a407081db4,c1_ar,n/a,2,8,64,,,,,,,n/a,bfloat16,NVIDIA L40S,2,c1_ar_b2,total,0.0936799980700016,0.09164799749851227,0.10227199643850327,all_reduce,2048,4096,8192,14336.0
Qwen/Qwen3-8B-Base,49e3418fbbbca6ecbdf9608b4d22e5a407081db4,basiskv_ag,n/a,2,8,64,,,,,,,n/a,bfloat16,NVIDIA L40S,2,basiskv_ag_b2,projection,0.012703999876976013,0.012384000234305859,0.014303999952971935,all_gather,256,512,1024,7168.0
Qwen/Qwen3-8B-Base,49e3418fbbbca6ecbdf9608b4d22e5a407081db4,basiskv_ag,n/a,2,8,64,,,,,,,n/a,bfloat16,NVIDIA L40S,2,basiskv_ag_b2,collective,0.01692800037562847,0.0163199994713068,0.01775999926030636,all_gather,256,512,1024,7168.0
Qwen/Qwen3-8B-Base,49e3418fbbbca6ecbdf9608b4d22e5a407081db4,basiskv_ag,n/a,2,8,64,,,,,,,n/a,bfloat16,NVIDIA L40S,2,basiskv_ag_b2,reconstruction,0.020576000213623047,0.020031999796628952,0.02723200060427189,all_gather,256,512,1024,7168.0
Qwen/Qwen3-8B-Base,49e3418fbbbca6ecbdf9608b4d22e5a407081db4,basiskv_ag,n/a,2,8,64,,,,,,,n/a,bfloat16,NVIDIA L40S,2,basiskv_ag_b2,total,0.03827200084924698,0.03683200106024742,0.040991999208927155,all_gather,256,512,1024,7168.0
Qwen/Qwen3-8B-Base,49e3418fbbbca6ecbdf9608b4d22e5a407081db4,dense_ar,n/a,4,8,64,,,,,,,n/a,bfloat16,NVIDIA L40S,0,dense_ar_b4,projection,0.013567999936640263,0.01321600005030632,0.01852799952030182,all_reduce,4096,16384,32768,57344.0
Qwen/Qwen3-8B-Base,49e3418fbbbca6ecbdf9608b4d22e5a407081db4,dense_ar,n/a,4,8,64,,,,,,,n/a,bfloat16,NVIDIA L40S,0,dense_ar_b4,collective,0.03532800078392029,0.03315199911594391,0.03824000060558319,all_reduce,4096,16384,32768,57344.0
Qwen/Qwen3-8B-Base,49e3418fbbbca6ecbdf9608b4d22e5a407081db4,dense_ar,n/a,4,8,64,,,,,,,n/a,bfloat16,NVIDIA L40S,0,dense_ar_b4,reconstruction,0.010015999898314476,0.009824000298976898,0.01033599954098463,all_reduce,4096,16384,32768,57344.0
Qwen/Qwen3-8B-Base,49e3418fbbbca6ecbdf9608b4d22e5a407081db4,dense_ar,n/a,4,8,64,,,,,,,n/a,bfloat16,NVIDIA L40S,0,dense_ar_b4,total,0.07368000224232674,0.07235199958086014,0.0817599967122078,all_reduce,4096,16384,32768,57344.0
Qwen/Qwen3-8B-Base,49e3418fbbbca6ecbdf9608b4d22e5a407081db4,lr_ar_wire,n/a,4,8,64,,,,,,,n/a,bfloat16,NVIDIA L40S,0,lr_ar_wire_b4,projection,0.013567999936640263,0.013248000293970108,0.01571200042963028,all_reduce,1024,4096,8192,14336.0
Qwen/Qwen3-8B-Base,49e3418fbbbca6ecbdf9608b4d22e5a407081db4,lr_ar_wire,n/a,4,8,64,,,,,,,n/a,bfloat16,NVIDIA L40S,0,lr_ar_wire_b4,collective,0.03872000053524971,0.03612799942493439,0.04572800174355507,all_reduce,1024,4096,8192,14336.0
Qwen/Qwen3-8B-Base,49e3418fbbbca6ecbdf9608b4d22e5a407081db4,lr_ar_wire,n/a,4,8,64,,,,,,,n/a,bfloat16,NVIDIA L40S,0,lr_ar_wire_b4,reconstruction,0.0144640002399683,0.014208000153303146,0.01539199985563755,all_reduce,1024,4096,8192,14336.0
Qwen/Qwen3-8B-Base,49e3418fbbbca6ecbdf9608b4d22e5a407081db4,lr_ar_wire,n/a,4,8,64,,,,,,,n/a,bfloat16,NVIDIA L40S,0,lr_ar_wire_b4,total,0.06807999685406685,0.0655680000782013,0.07475200295448303,all_reduce,1024,4096,8192,14336.0
Qwen/Qwen3-8B-Base,49e3418fbbbca6ecbdf9608b4d22e5a407081db4,lr_ar_cap,n/a,4,8,64,,,,,,,n/a,bfloat16,NVIDIA L40S,0,lr_ar_cap_b4,projection,0.014112000353634357,0.013120000250637531,0.022431999444961548,all_reduce,2048,8192,16384,28672.0
Qwen/Qwen3-8B-Base,49e3418fbbbca6ecbdf9608b4d22e5a407081db4,lr_ar_cap,n/a,4,8,64,,,,,,,n/a,bfloat16,NVIDIA L40S,0,lr_ar_cap_b4,collective,0.03420799970626831,0.03299200162291527,0.04012800008058548,all_reduce,2048,8192,16384,28672.0
Qwen/Qwen3-8B-Base,49e3418fbbbca6ecbdf9608b4d22e5a407081db4,lr_ar_cap,n/a,4,8,64,,,,,,,n/a,bfloat16,NVIDIA L40S,0,lr_ar_cap_b4,reconstruction,0.01744000054895878,0.017023999243974686,0.019168000668287277,all_reduce,2048,8192,16384,28672.0
Qwen/Qwen3-8B-Base,49e3418fbbbca6ecbdf9608b4d22e5a407081db4,lr_ar_cap,n/a,4,8,64,,,,,,,n/a,bfloat16,NVIDIA L40S,0,lr_ar_cap_b4,total,0.0655519999563694,0.06409599632024765,0.07180800288915634,all_reduce,2048,8192,16384,28672.0
Qwen/Qwen3-8B-Base,49e3418fbbbca6ecbdf9608b4d22e5a407081db4,c1_ar,n/a,4,8,64,,,,,,,n/a,bfloat16,NVIDIA L40S,0,c1_ar_b4,projection,0.017503999173641205,0.01711999997496605,0.021983999758958817,all_reduce,2048,8192,16384,28672.0
Qwen/Qwen3-8B-Base,49e3418fbbbca6ecbdf9608b4d22e5a407081db4,c1_ar,n/a,4,8,64,,,,,,,n/a,bfloat16,NVIDIA L40S,0,c1_ar_b4,collective,0.03750399872660637,0.03622400015592575,0.04198399931192398,all_reduce,2048,8192,16384,28672.0
Qwen/Qwen3-8B-Base,49e3418fbbbca6ecbdf9608b4d22e5a407081db4,c1_ar,n/a,4,8,64,,,,,,,n/a,bfloat16,NVIDIA L40S,0,c1_ar_b4,reconstruction,0.02054399996995926,0.020128000527620316,0.02364799939095974,all_reduce,2048,8192,16384,28672.0
Qwen/Qwen3-8B-Base,49e3418fbbbca6ecbdf9608b4d22e5a407081db4,c1_ar,n/a,4,8,64,,,,,,,n/a,bfloat16,NVIDIA L40S,0,c1_ar_b4,total,0.09006400033831596,0.08803199976682663,0.09904000163078308,all_reduce,2048,8192,16384,28672.0
Qwen/Qwen3-8B-Base,49e3418fbbbca6ecbdf9608b4d22e5a407081db4,basiskv_ag,n/a,4,8,64,,,,,,,n/a,bfloat16,NVIDIA L40S,0,basiskv_ag_b4,projection,0.015456000342965126,0.014336000196635723,0.01836800016462803,all_gather,256,1024,2048,14336.0
Qwen/Qwen3-8B-Base,49e3418fbbbca6ecbdf9608b4d22e5a407081db4,basiskv_ag,n/a,4,8,64,,,,,,,n/a,bfloat16,NVIDIA L40S,0,basiskv_ag_b4,collective,0.017920000478625298,0.01724799908697605,0.018592000007629395,all_gather,256,1024,2048,14336.0
Qwen/Qwen3-8B-Base,49e3418fbbbca6ecbdf9608b4d22e5a407081db4,basiskv_ag,n/a,4,8,64,,,,,,,n/a,bfloat16,NVIDIA L40S,0,basiskv_ag_b4,reconstruction,0.020767999812960625,0.020287999883294106,0.023840000852942467,all_gather,256,1024,2048,14336.0
Qwen/Qwen3-8B-Base,49e3418fbbbca6ecbdf9608b4d22e5a407081db4,basiskv_ag,n/a,4,8,64,,,,,,,n/a,bfloat16,NVIDIA L40S,0,basiskv_ag_b4,total,0.03763199970126152,0.037087999284267426,0.038336001336574554,all_gather,256,1024,2048,14336.0
Qwen/Qwen3-8B-Base,49e3418fbbbca6ecbdf9608b4d22e5a407081db4,dense_ar,n/a,4,8,64,,,,,,,n/a,bfloat16,NVIDIA L40S,1,dense_ar_b4,projection,0.013279999606311321,0.012959999963641167,0.014655999839305878,all_reduce,4096,16384,32768,57344.0
Qwen/Qwen3-8B-Base,49e3418fbbbca6ecbdf9608b4d22e5a407081db4,dense_ar,n/a,4,8,64,,,,,,,n/a,bfloat16,NVIDIA L40S,1,dense_ar_b4,collective,0.0359680000692606,0.034591998904943466,0.0390079990029335,all_reduce,4096,16384,32768,57344.0
Qwen/Qwen3-8B-Base,49e3418fbbbca6ecbdf9608b4d22e5a407081db4,dense_ar,n/a,4,8,64,,,,,,,n/a,bfloat16,NVIDIA L40S,1,dense_ar_b4,reconstruction,0.010080000385642052,0.00979200005531311,0.012640000320971012,all_reduce,4096,16384,32768,57344.0
Qwen/Qwen3-8B-Base,49e3418fbbbca6ecbdf9608b4d22e5a407081db4,dense_ar,n/a,4,8,64,,,,,,,n/a,bfloat16,NVIDIA L40S,1,dense_ar_b4,total,0.07727999985218048,0.07580800354480743,0.08367999643087387,all_reduce,4096,16384,32768,57344.0
Qwen/Qwen3-8B-Base,49e3418fbbbca6ecbdf9608b4d22e5a407081db4,lr_ar_wire,n/a,4,8,64,,,,,,,n/a,bfloat16,NVIDIA L40S,1,lr_ar_wire_b4,projection,0.013472000136971474,0.013183999806642532,0.01756799966096878,all_reduce,1024,4096,8192,14336.0
Qwen/Qwen3-8B-Base,49e3418fbbbca6ecbdf9608b4d22e5a407081db4,lr_ar_wire,n/a,4,8,64,,,,,,,n/a,bfloat16,NVIDIA L40S,1,lr_ar_wire_b4,collective,0.036928001791238785,0.03545600175857544,0.042080000042915344,all_reduce,1024,4096,8192,14336.0
Qwen/Qwen3-8B-Base,49e3418fbbbca6ecbdf9608b4d22e5a407081db4,lr_ar_wire,n/a,4,8,64,,,,,,,n/a,bfloat16,NVIDIA L40S,1,lr_ar_wire_b4,reconstruction,0.015823999419808388,0.014399999752640724,0.018848000094294548,all_reduce,1024,4096,8192,14336.0
Qwen/Qwen3-8B-Base,49e3418fbbbca6ecbdf9608b4d22e5a407081db4,lr_ar_wire,n/a,4,8,64,,,,,,,n/a,bfloat16,NVIDIA L40S,1,lr_ar_wire_b4,total,0.07158400118350983,0.06691200286149979,0.08160000294446945,all_reduce,1024,4096,8192,14336.0
Qwen/Qwen3-8B-Base,49e3418fbbbca6ecbdf9608b4d22e5a407081db4,lr_ar_cap,n/a,4,8,64,,,,,,,n/a,bfloat16,NVIDIA L40S,1,lr_ar_cap_b4,projection,0.013472000136971474,0.01321600005030632,0.014751999638974667,all_reduce,2048,8192,16384,28672.0
Qwen/Qwen3-8B-Base,49e3418fbbbca6ecbdf9608b4d22e5a407081db4,lr_ar_cap,n/a,4,8,64,,,,,,,n/a,bfloat16,NVIDIA L40S,1,lr_ar_cap_b4,collective,0.03572800010442734,0.033663999289274216,0.03916800022125244,all_reduce,2048,8192,16384,28672.0
Qwen/Qwen3-8B-Base,49e3418fbbbca6ecbdf9608b4d22e5a407081db4,lr_ar_cap,n/a,4,8,64,,,,,,,n/a,bfloat16,NVIDIA L40S,1,lr_ar_cap_b4,reconstruction,0.01724799908697605,0.016831999644637108,0.019648000597953796,all_reduce,2048,8192,16384,28672.0
Qwen/Qwen3-8B-Base,49e3418fbbbca6ecbdf9608b4d22e5a407081db4,lr_ar_cap,n/a,4,8,64,,,,,,,n/a,bfloat16,NVIDIA L40S,1,lr_ar_cap_b4,total,0.06784000247716904,0.06592000275850296,0.07372800260782242,all_reduce,2048,8192,16384,28672.0
Qwen/Qwen3-8B-Base,49e3418fbbbca6ecbdf9608b4d22e5a407081db4,c1_ar,n/a,4,8,64,,,,,,,n/a,bfloat16,NVIDIA L40S,1,c1_ar_b4,projection,0.01756799966096878,0.017216000705957413,0.02175999991595745,all_reduce,2048,8192,16384,28672.0
Qwen/Qwen3-8B-Base,49e3418fbbbca6ecbdf9608b4d22e5a407081db4,c1_ar,n/a,4,8,64,,,,,,,n/a,bfloat16,NVIDIA L40S,1,c1_ar_b4,collective,0.03696000017225742,0.03420799970626831,0.04198399931192398,all_reduce,2048,8192,16384,28672.0
Qwen/Qwen3-8B-Base,49e3418fbbbca6ecbdf9608b4d22e5a407081db4,c1_ar,n/a,4,8,64,,,,,,,n/a,bfloat16,NVIDIA L40S,1,c1_ar_b4,reconstruction,0.020735999569296837,0.020255999639630318,0.024768000468611717,all_reduce,2048,8192,16384,28672.0
Qwen/Qwen3-8B-Base,49e3418fbbbca6ecbdf9608b4d22e5a407081db4,c1_ar,n/a,4,8,64,,,,,,,n/a,bfloat16,NVIDIA L40S,1,c1_ar_b4,total,0.09164799749851227,0.08883199840784073,0.10412800312042236,all_reduce,2048,8192,16384,28672.0
Qwen/Qwen3-8B-Base,49e3418fbbbca6ecbdf9608b4d22e5a407081db4,basiskv_ag,n/a,4,8,64,,,,,,,n/a,bfloat16,NVIDIA L40S,1,basiskv_ag_b4,projection,0.012752000242471695,0.012480000033974648,0.013919999822974205,all_gather,256,1024,2048,14336.0
Qwen/Qwen3-8B-Base,49e3418fbbbca6ecbdf9608b4d22e5a407081db4,basiskv_ag,n/a,4,8,64,,,,,,,n/a,bfloat16,NVIDIA L40S,1,basiskv_ag_b4,collective,0.017839999869465828,0.01724799908697605,0.018624000251293182,all_gather,256,1024,2048,14336.0
Qwen/Qwen3-8B-Base,49e3418fbbbca6ecbdf9608b4d22e5a407081db4,basiskv_ag,n/a,4,8,64,,,,,,,n/a,bfloat16,NVIDIA L40S,1,basiskv_ag_b4,reconstruction,0.02407999988645315,0.020800000056624413,0.028543999418616295,all_gather,256,1024,2048,14336.0
Qwen/Qwen3-8B-Base,49e3418fbbbca6ecbdf9608b4d22e5a407081db4,basiskv_ag,n/a,4,8,64,,,,,,,n/a,bfloat16,NVIDIA L40S,1,basiskv_ag_b4,total,0.03832000121474266,0.03734400123357773,0.04095999896526337,all_gather,256,1024,2048,14336.0
Qwen/Qwen3-8B-Base,49e3418fbbbca6ecbdf9608b4d22e5a407081db4,dense_ar,n/a,4,8,64,,,,,,,n/a,bfloat16,NVIDIA L40S,2,dense_ar_b4,projection,0.013407999649643898,0.013024000450968742,0.019039999693632126,all_reduce,4096,16384,32768,57344.0
Qwen/Qwen3-8B-Base,49e3418fbbbca6ecbdf9608b4d22e5a407081db4,dense_ar,n/a,4,8,64,,,,,,,n/a,bfloat16,NVIDIA L40S,2,dense_ar_b4,collective,0.03673600032925606,0.03526400029659271,0.04076800122857094,all_reduce,4096,16384,32768,57344.0
Qwen/Qwen3-8B-Base,49e3418fbbbca6ecbdf9608b4d22e5a407081db4,dense_ar,n/a,4,8,64,,,,,,,n/a,bfloat16,NVIDIA L40S,2,dense_ar_b4,reconstruction,0.010464000049978495,0.009855999611318111,0.019200000911951065,all_reduce,4096,16384,32768,57344.0
Qwen/Qwen3-8B-Base,49e3418fbbbca6ecbdf9608b4d22e5a407081db4,dense_ar,n/a,4,8,64,,,,,,,n/a,bfloat16,NVIDIA L40S,2,dense_ar_b4,total,0.07316799834370613,0.07158400118350983,0.0796160027384758,all_reduce,4096,16384,32768,57344.0
Qwen/Qwen3-8B-Base,49e3418fbbbca6ecbdf9608b4d22e5a407081db4,lr_ar_wire,n/a,4,8,64,,,,,,,n/a,bfloat16,NVIDIA L40S,2,lr_ar_wire_b4,projection,0.013376000337302685,0.013120000250637531,0.014816000126302242,all_reduce,1024,4096,8192,14336.0
Qwen/Qwen3-8B-Base,49e3418fbbbca6ecbdf9608b4d22e5a407081db4,lr_ar_wire,n/a,4,8,64,,,,,,,n/a,bfloat16,NVIDIA L40S,2,lr_ar_wire_b4,collective,0.03542400151491165,0.034015998244285583,0.03743999823927879,all_reduce,1024,4096,8192,14336.0
Qwen/Qwen3-8B-Base,49e3418fbbbca6ecbdf9608b4d22e5a407081db4,lr_ar_wire,n/a,4,8,64,,,,,,,n/a,bfloat16,NVIDIA L40S,2,lr_ar_wire_b4,reconstruction,0.014431999996304512,0.014240000396966934,0.015072000212967396,all_reduce,1024,4096,8192,14336.0
Qwen/Qwen3-8B-Base,49e3418fbbbca6ecbdf9608b4d22e5a407081db4,lr_ar_wire,n/a,4,8,64,,,,,,,n/a,bfloat16,NVIDIA L40S,2,lr_ar_wire_b4,total,0.06939199939370155,0.0655680000782013,0.07939200103282928,all_reduce,1024,4096,8192,14336.0
Qwen/Qwen3-8B-Base,49e3418fbbbca6ecbdf9608b4d22e5a407081db4,lr_ar_cap,n/a,4,8,64,,,,,,,n/a,bfloat16,NVIDIA L40S,2,lr_ar_cap_b4,projection,0.013376000337302685,0.013120000250637531,0.014336000196635723,all_reduce,2048,8192,16384,28672.0
Qwen/Qwen3-8B-Base,49e3418fbbbca6ecbdf9608b4d22e5a407081db4,lr_ar_cap,n/a,4,8,64,,,,,,,n/a,bfloat16,NVIDIA L40S,2,lr_ar_cap_b4,collective,0.03718400001525879,0.03561599925160408,0.04249599948525429,all_reduce,2048,8192,16384,28672.0
Qwen/Qwen3-8B-Base,49e3418fbbbca6ecbdf9608b4d22e5a407081db4,lr_ar_cap,n/a,4,8,64,,,,,,,n/a,bfloat16,NVIDIA L40S,2,lr_ar_cap_b4,reconstruction,0.017376000061631203,0.016896000131964684,0.022272000089287758,all_reduce,2048,8192,16384,28672.0
Qwen/Qwen3-8B-Base,49e3418fbbbca6ecbdf9608b4d22e5a407081db4,lr_ar_cap,n/a,4,8,64,,,,,,,n/a,bfloat16,NVIDIA L40S,2,lr_ar_cap_b4,total,0.06347199901938438,0.061824001371860504,0.0679360032081604,all_reduce,2048,8192,16384,28672.0
Qwen/Qwen3-8B-Base,49e3418fbbbca6ecbdf9608b4d22e5a407081db4,c1_ar,n/a,4,8,64,,,,,,,n/a,bfloat16,NVIDIA L40S,2,c1_ar_b4,projection,0.018031999468803406,0.017216000705957413,0.024032000452280045,all_reduce,2048,8192,16384,28672.0
Qwen/Qwen3-8B-Base,49e3418fbbbca6ecbdf9608b4d22e5a407081db4,c1_ar,n/a,4,8,64,,,,,,,n/a,bfloat16,NVIDIA L40S,2,c1_ar_b4,collective,0.0359519999474287,0.03484800085425377,0.03977600112557411,all_reduce,2048,8192,16384,28672.0
Qwen/Qwen3-8B-Base,49e3418fbbbca6ecbdf9608b4d22e5a407081db4,c1_ar,n/a,4,8,64,,,,,,,n/a,bfloat16,NVIDIA L40S,2,c1_ar_b4,reconstruction,0.020576000213623047,0.020191999152302742,0.024159999564290047,all_reduce,2048,8192,16384,28672.0
Qwen/Qwen3-8B-Base,49e3418fbbbca6ecbdf9608b4d22e5a407081db4,c1_ar,n/a,4,8,64,,,,,,,n/a,bfloat16,NVIDIA L40S,2,c1_ar_b4,total,0.0931360013782978,0.09071999788284302,0.10080000013113022,all_reduce,2048,8192,16384,28672.0
Qwen/Qwen3-8B-Base,49e3418fbbbca6ecbdf9608b4d22e5a407081db4,basiskv_ag,n/a,4,8,64,,,,,,,n/a,bfloat16,NVIDIA L40S,2,basiskv_ag_b4,projection,0.012799999676644802,0.012512000277638435,0.014911999925971031,all_gather,256,1024,2048,14336.0
Qwen/Qwen3-8B-Base,49e3418fbbbca6ecbdf9608b4d22e5a407081db4,basiskv_ag,n/a,4,8,64,,,,,,,n/a,bfloat16,NVIDIA L40S,2,basiskv_ag_b4,collective,0.01775999926030636,0.01724799908697605,0.018592000007629395,all_gather,256,1024,2048,14336.0
Qwen/Qwen3-8B-Base,49e3418fbbbca6ecbdf9608b4d22e5a407081db4,basiskv_ag,n/a,4,8,64,,,,,,,n/a,bfloat16,NVIDIA L40S,2,basiskv_ag_b4,reconstruction,0.021263999864459038,0.020640000700950623,0.02425600029528141,all_gather,256,1024,2048,14336.0
Qwen/Qwen3-8B-Base,49e3418fbbbca6ecbdf9608b4d22e5a407081db4,basiskv_ag,n/a,4,8,64,,,,,,,n/a,bfloat16,NVIDIA L40S,2,basiskv_ag_b4,total,0.037808001041412354,0.03711999952793121,0.03977600112557411,all_gather,256,1024,2048,14336.0
Qwen/Qwen3-8B-Base,49e3418fbbbca6ecbdf9608b4d22e5a407081db4,dense_ar,n/a,8,8,64,,,,,,,n/a,bfloat16,NVIDIA L40S,0,dense_ar_b8,projection,0.013311999849975109,0.013024000450968742,0.016063999384641647,all_reduce,4096,32768,65536,114688.0
Qwen/Qwen3-8B-Base,49e3418fbbbca6ecbdf9608b4d22e5a407081db4,dense_ar,n/a,8,8,64,,,,,,,n/a,bfloat16,NVIDIA L40S,0,dense_ar_b8,collective,0.03587200120091438,0.03455999866127968,0.03932800143957138,all_reduce,4096,32768,65536,114688.0
Qwen/Qwen3-8B-Base,49e3418fbbbca6ecbdf9608b4d22e5a407081db4,dense_ar,n/a,8,8,64,,,,,,,n/a,bfloat16,NVIDIA L40S,0,dense_ar_b8,reconstruction,0.009936000220477581,0.009727999567985535,0.010495999827980995,all_reduce,4096,32768,65536,114688.0
Qwen/Qwen3-8B-Base,49e3418fbbbca6ecbdf9608b4d22e5a407081db4,dense_ar,n/a,8,8,64,,,,,,,n/a,bfloat16,NVIDIA L40S,0,dense_ar_b8,total,0.07849600166082382,0.0759039968252182,0.08691199868917465,all_reduce,4096,32768,65536,114688.0
Qwen/Qwen3-8B-Base,49e3418fbbbca6ecbdf9608b4d22e5a407081db4,lr_ar_wire,n/a,8,8,64,,,,,,,n/a,bfloat16,NVIDIA L40S,0,lr_ar_wire_b8,projection,0.013504000380635262,0.013248000293970108,0.014944000169634819,all_reduce,1024,8192,16384,28672.0
Qwen/Qwen3-8B-Base,49e3418fbbbca6ecbdf9608b4d22e5a407081db4,lr_ar_wire,n/a,8,8,64,,,,,,,n/a,bfloat16,NVIDIA L40S,0,lr_ar_wire_b8,collective,0.03569599986076355,0.03328000009059906,0.040063999593257904,all_reduce,1024,8192,16384,28672.0
Qwen/Qwen3-8B-Base,49e3418fbbbca6ecbdf9608b4d22e5a407081db4,lr_ar_wire,n/a,8,8,64,,,,,,,n/a,bfloat16,NVIDIA L40S,0,lr_ar_wire_b8,reconstruction,0.014560000039637089,0.014336000196635723,0.016767999157309532,all_reduce,1024,8192,16384,28672.0
Qwen/Qwen3-8B-Base,49e3418fbbbca6ecbdf9608b4d22e5a407081db4,lr_ar_wire,n/a,8,8,64,,,,,,,n/a,bfloat16,NVIDIA L40S,0,lr_ar_wire_b8,total,0.07030399888753891,0.06812799721956253,0.0772159993648529,all_reduce,1024,8192,16384,28672.0
Qwen/Qwen3-8B-Base,49e3418fbbbca6ecbdf9608b4d22e5a407081db4,lr_ar_cap,n/a,8,8,64,,,,,,,n/a,bfloat16,NVIDIA L40S,0,lr_ar_cap_b8,projection,0.015984000638127327,0.013311999849975109,0.018848000094294548,all_reduce,2048,16384,32768,57344.0
Qwen/Qwen3-8B-Base,49e3418fbbbca6ecbdf9608b4d22e5a407081db4,lr_ar_cap,n/a,8,8,64,,,,,,,n/a,bfloat16,NVIDIA L40S,0,lr_ar_cap_b8,collective,0.03494400158524513,0.03392000123858452,0.04009599983692169,all_reduce,2048,16384,32768,57344.0
Qwen/Qwen3-8B-Base,49e3418fbbbca6ecbdf9608b4d22e5a407081db4,lr_ar_cap,n/a,8,8,64,,,,,,,n/a,bfloat16,NVIDIA L40S,0,lr_ar_cap_b8,reconstruction,0.01732799969613552,0.016863999888300896,0.01958400011062622,all_reduce,2048,16384,32768,57344.0
Qwen/Qwen3-8B-Base,49e3418fbbbca6ecbdf9608b4d22e5a407081db4,lr_ar_cap,n/a,8,8,64,,,,,,,n/a,bfloat16,NVIDIA L40S,0,lr_ar_cap_b8,total,0.06977600231766701,0.0652799978852272,0.08006399869918823,all_reduce,2048,16384,32768,57344.0
Qwen/Qwen3-8B-Base,49e3418fbbbca6ecbdf9608b4d22e5a407081db4,c1_ar,n/a,8,8,64,,,,,,,n/a,bfloat16,NVIDIA L40S,0,c1_ar_b8,projection,0.01756799966096878,0.017152000218629837,0.02236800082027912,all_reduce,2048,16384,32768,57344.0
Qwen/Qwen3-8B-Base,49e3418fbbbca6ecbdf9608b4d22e5a407081db4,c1_ar,n/a,8,8,64,,,,,,,n/a,bfloat16,NVIDIA L40S,0,c1_ar_b8,collective,0.03683200106024742,0.03561599925160408,0.04032000154256821,all_reduce,2048,16384,32768,57344.0
Qwen/Qwen3-8B-Base,49e3418fbbbca6ecbdf9608b4d22e5a407081db4,c1_ar,n/a,8,8,64,,,,,,,n/a,bfloat16,NVIDIA L40S,0,c1_ar_b8,reconstruction,0.017952000722289085,0.017696000635623932,0.01849599927663803,all_reduce,2048,16384,32768,57344.0
Qwen/Qwen3-8B-Base,49e3418fbbbca6ecbdf9608b4d22e5a407081db4,c1_ar,n/a,8,8,64,,,,,,,n/a,bfloat16,NVIDIA L40S,0,c1_ar_b8,total,0.08552000299096107,0.08345600217580795,0.09382399916648865,all_reduce,2048,16384,32768,57344.0
Qwen/Qwen3-8B-Base,49e3418fbbbca6ecbdf9608b4d22e5a407081db4,basiskv_ag,n/a,8,8,64,,,,,,,n/a,bfloat16,NVIDIA L40S,0,basiskv_ag_b8,projection,0.012736000120639801,0.012512000277638435,0.013728000223636627,all_gather,256,2048,4096,28672.0
Qwen/Qwen3-8B-Base,49e3418fbbbca6ecbdf9608b4d22e5a407081db4,basiskv_ag,n/a,8,8,64,,,,,,,n/a,bfloat16,NVIDIA L40S,0,basiskv_ag_b8,collective,0.01942400075495243,0.018912000581622124,0.019967999309301376,all_gather,256,2048,4096,28672.0
Qwen/Qwen3-8B-Base,49e3418fbbbca6ecbdf9608b4d22e5a407081db4,basiskv_ag,n/a,8,8,64,,,,,,,n/a,bfloat16,NVIDIA L40S,0,basiskv_ag_b8,reconstruction,0.018112000077962875,0.017920000478625298,0.018559999763965607,all_gather,256,2048,4096,28672.0
Qwen/Qwen3-8B-Base,49e3418fbbbca6ecbdf9608b4d22e5a407081db4,basiskv_ag,n/a,8,8,64,,,,,,,n/a,bfloat16,NVIDIA L40S,0,basiskv_ag_b8,total,0.03923200070858002,0.03843199834227562,0.046911999583244324,all_gather,256,2048,4096,28672.0
Qwen/Qwen3-8B-Base,49e3418fbbbca6ecbdf9608b4d22e5a407081db4,dense_ar,n/a,8,8,64,,,,,,,n/a,bfloat16,NVIDIA L40S,1,dense_ar_b8,projection,0.018447999842464924,0.013055999763309956,0.022431999444961548,all_reduce,4096,32768,65536,114688.0
Qwen/Qwen3-8B-Base,49e3418fbbbca6ecbdf9608b4d22e5a407081db4,dense_ar,n/a,8,8,64,,,,,,,n/a,bfloat16,NVIDIA L40S,1,dense_ar_b8,collective,0.03726400062441826,0.035392001271247864,0.04028800129890442,all_reduce,4096,32768,65536,114688.0
Qwen/Qwen3-8B-Base,49e3418fbbbca6ecbdf9608b4d22e5a407081db4,dense_ar,n/a,8,8,64,,,,,,,n/a,bfloat16,NVIDIA L40S,1,dense_ar_b8,reconstruction,0.010048000141978264,0.009824000298976898,0.01056000031530857,all_reduce,4096,32768,65536,114688.0
Qwen/Qwen3-8B-Base,49e3418fbbbca6ecbdf9608b4d22e5a407081db4,dense_ar,n/a,8,8,64,,,,,,,n/a,bfloat16,NVIDIA L40S,1,dense_ar_b8,total,0.07468800246715546,0.07289600372314453,0.08364800363779068,all_reduce,4096,32768,65536,114688.0
Qwen/Qwen3-8B-Base,49e3418fbbbca6ecbdf9608b4d22e5a407081db4,lr_ar_wire,n/a,8,8,64,,,,,,,n/a,bfloat16,NVIDIA L40S,1,lr_ar_wire_b8,projection,0.013391999993473291,0.013120000250637531,0.01500799972563982,all_reduce,1024,8192,16384,28672.0
Qwen/Qwen3-8B-Base,49e3418fbbbca6ecbdf9608b4d22e5a407081db4,lr_ar_wire,n/a,8,8,64,,,,,,,n/a,bfloat16,NVIDIA L40S,1,lr_ar_wire_b8,collective,0.036448001861572266,0.03526400029659271,0.03840000182390213,all_reduce,1024,8192,16384,28672.0
Qwen/Qwen3-8B-Base,49e3418fbbbca6ecbdf9608b4d22e5a407081db4,lr_ar_wire,n/a,8,8,64,,,,,,,n/a,bfloat16,NVIDIA L40S,1,lr_ar_wire_b8,reconstruction,0.014688000082969666,0.014399999752640724,0.01817600056529045,all_reduce,1024,8192,16384,28672.0
Qwen/Qwen3-8B-Base,49e3418fbbbca6ecbdf9608b4d22e5a407081db4,lr_ar_wire,n/a,8,8,64,,,,,,,n/a,bfloat16,NVIDIA L40S,1,lr_ar_wire_b8,total,0.06931199878454208,0.06752000004053116,0.07577600330114365,all_reduce,1024,8192,16384,28672.0
Qwen/Qwen3-8B-Base,49e3418fbbbca6ecbdf9608b4d22e5a407081db4,lr_ar_cap,n/a,8,8,64,,,,,,,n/a,bfloat16,NVIDIA L40S,1,lr_ar_cap_b8,projection,0.013632000423967838,0.013183999806642532,0.018848000094294548,all_reduce,2048,16384,32768,57344.0
Qwen/Qwen3-8B-Base,49e3418fbbbca6ecbdf9608b4d22e5a407081db4,lr_ar_cap,n/a,8,8,64,,,,,,,n/a,bfloat16,NVIDIA L40S,1,lr_ar_cap_b8,collective,0.03862399980425835,0.036896001547575,0.043455999344587326,all_reduce,2048,16384,32768,57344.0
Qwen/Qwen3-8B-Base,49e3418fbbbca6ecbdf9608b4d22e5a407081db4,lr_ar_cap,n/a,8,8,64,,,,,,,n/a,bfloat16,NVIDIA L40S,1,lr_ar_cap_b8,reconstruction,0.017343999817967415,0.016896000131964684,0.01961600035429001,all_reduce,2048,16384,32768,57344.0
Qwen/Qwen3-8B-Base,49e3418fbbbca6ecbdf9608b4d22e5a407081db4,lr_ar_cap,n/a,8,8,64,,,,,,,n/a,bfloat16,NVIDIA L40S,1,lr_ar_cap_b8,total,0.06833599880337715,0.06595200300216675,0.07609599828720093,all_reduce,2048,16384,32768,57344.0
Qwen/Qwen3-8B-Base,49e3418fbbbca6ecbdf9608b4d22e5a407081db4,c1_ar,n/a,8,8,64,,,,,,,n/a,bfloat16,NVIDIA L40S,1,c1_ar_b8,projection,0.017551999539136887,0.01724799908697605,0.020767999812960625,all_reduce,2048,16384,32768,57344.0
Qwen/Qwen3-8B-Base,49e3418fbbbca6ecbdf9608b4d22e5a407081db4,c1_ar,n/a,8,8,64,,,,,,,n/a,bfloat16,NVIDIA L40S,1,c1_ar_b8,collective,0.036928001791238785,0.03551999852061272,0.045152001082897186,all_reduce,2048,16384,32768,57344.0
Qwen/Qwen3-8B-Base,49e3418fbbbca6ecbdf9608b4d22e5a407081db4,c1_ar,n/a,8,8,64,,,,,,,n/a,bfloat16,NVIDIA L40S,1,c1_ar_b8,reconstruction,0.017920000478625298,0.017696000635623932,0.018559999763965607,all_reduce,2048,16384,32768,57344.0
Qwen/Qwen3-8B-Base,49e3418fbbbca6ecbdf9608b4d22e5a407081db4,c1_ar,n/a,8,8,64,,,,,,,n/a,bfloat16,NVIDIA L40S,1,c1_ar_b8,total,0.08966399729251862,0.0872960016131401,0.0976639986038208,all_reduce,2048,16384,32768,57344.0
Qwen/Qwen3-8B-Base,49e3418fbbbca6ecbdf9608b4d22e5a407081db4,basiskv_ag,n/a,8,8,64,,,,,,,n/a,bfloat16,NVIDIA L40S,1,basiskv_ag_b8,projection,0.012768000364303589,0.012480000033974648,0.01414399966597557,all_gather,256,2048,4096,28672.0
Qwen/Qwen3-8B-Base,49e3418fbbbca6ecbdf9608b4d22e5a407081db4,basiskv_ag,n/a,8,8,64,,,,,,,n/a,bfloat16,NVIDIA L40S,1,basiskv_ag_b8,collective,0.01945599913597107,0.019071999937295914,0.020128000527620316,all_gather,256,2048,4096,28672.0
Qwen/Qwen3-8B-Base,49e3418fbbbca6ecbdf9608b4d22e5a407081db4,basiskv_ag,n/a,8,8,64,,,,,,,n/a,bfloat16,NVIDIA L40S,1,basiskv_ag_b8,reconstruction,0.018463999964296818,0.018015999346971512,0.02672000043094158,all_gather,256,2048,4096,28672.0
Qwen/Qwen3-8B-Base,49e3418fbbbca6ecbdf9608b4d22e5a407081db4,basiskv_ag,n/a,8,8,64,,,,,,,n/a,bfloat16,NVIDIA L40S,1,basiskv_ag_b8,total,0.039135999977588654,0.03843199834227562,0.04012800008058548,all_gather,256,2048,4096,28672.0
Qwen/Qwen3-8B-Base,49e3418fbbbca6ecbdf9608b4d22e5a407081db4,dense_ar,n/a,8,8,64,,,,,,,n/a,bfloat16,NVIDIA L40S,2,dense_ar_b8,projection,0.013376000337302685,0.013120000250637531,0.016063999384641647,all_reduce,4096,32768,65536,114688.0
Qwen/Qwen3-8B-Base,49e3418fbbbca6ecbdf9608b4d22e5a407081db4,dense_ar,n/a,8,8,64,,,,,,,n/a,bfloat16,NVIDIA L40S,2,dense_ar_b8,collective,0.03694400005042553,0.03548799827694893,0.03929600119590759,all_reduce,4096,32768,65536,114688.0
Qwen/Qwen3-8B-Base,49e3418fbbbca6ecbdf9608b4d22e5a407081db4,dense_ar,n/a,8,8,64,,,,,,,n/a,bfloat16,NVIDIA L40S,2,dense_ar_b8,reconstruction,0.010015999898314476,0.009759999811649323,0.011136000044643879,all_reduce,4096,32768,65536,114688.0
Qwen/Qwen3-8B-Base,49e3418fbbbca6ecbdf9608b4d22e5a407081db4,dense_ar,n/a,8,8,64,,,,,,,n/a,bfloat16,NVIDIA L40S,2,dense_ar_b8,total,0.07739200070500374,0.07369600236415863,0.08211199939250946,all_reduce,4096,32768,65536,114688.0
Qwen/Qwen3-8B-Base,49e3418fbbbca6ecbdf9608b4d22e5a407081db4,lr_ar_wire,n/a,8,8,64,,,,,,,n/a,bfloat16,NVIDIA L40S,2,lr_ar_wire_b8,projection,0.013327999971807003,0.013088000006973743,0.015807999297976494,all_reduce,1024,8192,16384,28672.0
Qwen/Qwen3-8B-Base,49e3418fbbbca6ecbdf9608b4d22e5a407081db4,lr_ar_wire,n/a,8,8,64,,,,,,,n/a,bfloat16,NVIDIA L40S,2,lr_ar_wire_b8,collective,0.03649599850177765,0.0352960005402565,0.039135999977588654,all_reduce,1024,8192,16384,28672.0
Qwen/Qwen3-8B-Base,49e3418fbbbca6ecbdf9608b4d22e5a407081db4,lr_ar_wire,n/a,8,8,64,,,,,,,n/a,bfloat16,NVIDIA L40S,2,lr_ar_wire_b8,reconstruction,0.014527999795973301,0.014303999952971935,0.015263999812304974,all_reduce,1024,8192,16384,28672.0
Qwen/Qwen3-8B-Base,49e3418fbbbca6ecbdf9608b4d22e5a407081db4,lr_ar_wire,n/a,8,8,64,,,,,,,n/a,bfloat16,NVIDIA L40S,2,lr_ar_wire_b8,total,0.0689919963479042,0.06588800251483917,0.07619199901819229,all_reduce,1024,8192,16384,28672.0
Qwen/Qwen3-8B-Base,49e3418fbbbca6ecbdf9608b4d22e5a407081db4,lr_ar_cap,n/a,8,8,64,,,,,,,n/a,bfloat16,NVIDIA L40S,2,lr_ar_cap_b8,projection,0.01600000075995922,0.01484800036996603,0.018751999363303185,all_reduce,2048,16384,32768,57344.0
Qwen/Qwen3-8B-Base,49e3418fbbbca6ecbdf9608b4d22e5a407081db4,lr_ar_cap,n/a,8,8,64,,,,,,,n/a,bfloat16,NVIDIA L40S,2,lr_ar_cap_b8,collective,0.03675200045108795,0.035392001271247864,0.039455998688936234,all_reduce,2048,16384,32768,57344.0
Qwen/Qwen3-8B-Base,49e3418fbbbca6ecbdf9608b4d22e5a407081db4,lr_ar_cap,n/a,8,8,64,,,,,,,n/a,bfloat16,NVIDIA L40S,2,lr_ar_cap_b8,reconstruction,0.01740800030529499,0.01696000061929226,0.019231999292969704,all_reduce,2048,16384,32768,57344.0
Qwen/Qwen3-8B-Base,49e3418fbbbca6ecbdf9608b4d22e5a407081db4,lr_ar_cap,n/a,8,8,64,,,,,,,n/a,bfloat16,NVIDIA L40S,2,lr_ar_cap_b8,total,0.06956800073385239,0.06806399673223495,0.07552000135183334,all_reduce,2048,16384,32768,57344.0
Qwen/Qwen3-8B-Base,49e3418fbbbca6ecbdf9608b4d22e5a407081db4,c1_ar,n/a,8,8,64,,,,,,,n/a,bfloat16,NVIDIA L40S,2,c1_ar_b8,projection,0.021631999872624874,0.017343999817967415,0.025280000641942024,all_reduce,2048,16384,32768,57344.0
Qwen/Qwen3-8B-Base,49e3418fbbbca6ecbdf9608b4d22e5a407081db4,c1_ar,n/a,8,8,64,,,,,,,n/a,bfloat16,NVIDIA L40S,2,c1_ar_b8,collective,0.03846399858593941,0.036928001791238785,0.04460800066590309,all_reduce,2048,16384,32768,57344.0
Qwen/Qwen3-8B-Base,49e3418fbbbca6ecbdf9608b4d22e5a407081db4,c1_ar,n/a,8,8,64,,,,,,,n/a,bfloat16,NVIDIA L40S,2,c1_ar_b8,reconstruction,0.017872000113129616,0.017632000148296356,0.018624000251293182,all_reduce,2048,16384,32768,57344.0
Qwen/Qwen3-8B-Base,49e3418fbbbca6ecbdf9608b4d22e5a407081db4,c1_ar,n/a,8,8,64,,,,,,,n/a,bfloat16,NVIDIA L40S,2,c1_ar_b8,total,0.0899839997291565,0.08566399663686752,0.09830400347709656,all_reduce,2048,16384,32768,57344.0
Qwen/Qwen3-8B-Base,49e3418fbbbca6ecbdf9608b4d22e5a407081db4,basiskv_ag,n/a,8,8,64,,,,,,,n/a,bfloat16,NVIDIA L40S,2,basiskv_ag_b8,projection,0.015776000916957855,0.014879999682307243,0.01865600049495697,all_gather,256,2048,4096,28672.0
Qwen/Qwen3-8B-Base,49e3418fbbbca6ecbdf9608b4d22e5a407081db4,basiskv_ag,n/a,8,8,64,,,,,,,n/a,bfloat16,NVIDIA L40S,2,basiskv_ag_b8,collective,0.02147199958562851,0.019519999623298645,0.024607999250292778,all_gather,256,2048,4096,28672.0
Qwen/Qwen3-8B-Base,49e3418fbbbca6ecbdf9608b4d22e5a407081db4,basiskv_ag,n/a,8,8,64,,,,,,,n/a,bfloat16,NVIDIA L40S,2,basiskv_ag_b8,reconstruction,0.01817600056529045,0.017952000722289085,0.018559999763965607,all_gather,256,2048,4096,28672.0
Qwen/Qwen3-8B-Base,49e3418fbbbca6ecbdf9608b4d22e5a407081db4,basiskv_ag,n/a,8,8,64,,,,,,,n/a,bfloat16,NVIDIA L40S,2,basiskv_ag_b8,total,0.03916800022125244,0.03852799907326698,0.040192000567913055,all_gather,256,2048,4096,28672.0
Qwen/Qwen3-8B-Base,49e3418fbbbca6ecbdf9608b4d22e5a407081db4,dense_ar,n/a,16,8,64,,,,,,,n/a,bfloat16,NVIDIA L40S,0,dense_ar_b16,projection,0.013376000337302685,0.013088000006973743,0.016767999157309532,all_reduce,4096,65536,131072,229376.0
Qwen/Qwen3-8B-Base,49e3418fbbbca6ecbdf9608b4d22e5a407081db4,dense_ar,n/a,16,8,64,,,,,,,n/a,bfloat16,NVIDIA L40S,0,dense_ar_b16,collective,0.04944000020623207,0.04879999905824661,0.050655998289585114,all_reduce,4096,65536,131072,229376.0
Qwen/Qwen3-8B-Base,49e3418fbbbca6ecbdf9608b4d22e5a407081db4,dense_ar,n/a,16,8,64,,,,,,,n/a,bfloat16,NVIDIA L40S,0,dense_ar_b16,reconstruction,0.010015999898314476,0.00979200005531311,0.010975999757647514,all_reduce,4096,65536,131072,229376.0
Qwen/Qwen3-8B-Base,49e3418fbbbca6ecbdf9608b4d22e5a407081db4,dense_ar,n/a,16,8,64,,,,,,,n/a,bfloat16,NVIDIA L40S,0,dense_ar_b16,total,0.0772479996085167,0.07417599856853485,0.08771199733018875,all_reduce,4096,65536,131072,229376.0
Qwen/Qwen3-8B-Base,49e3418fbbbca6ecbdf9608b4d22e5a407081db4,lr_ar_wire,n/a,16,8,64,,,,,,,n/a,bfloat16,NVIDIA L40S,0,lr_ar_wire_b16,projection,0.013423999771475792,0.013120000250637531,0.013919999822974205,all_reduce,1024,16384,32768,57344.0
Qwen/Qwen3-8B-Base,49e3418fbbbca6ecbdf9608b4d22e5a407081db4,lr_ar_wire,n/a,16,8,64,,,,,,,n/a,bfloat16,NVIDIA L40S,0,lr_ar_wire_b16,collective,0.03617599979043007,0.03519999980926514,0.04102399945259094,all_reduce,1024,16384,32768,57344.0
Qwen/Qwen3-8B-Base,49e3418fbbbca6ecbdf9608b4d22e5a407081db4,lr_ar_wire,n/a,16,8,64,,,,,,,n/a,bfloat16,NVIDIA L40S,0,lr_ar_wire_b16,reconstruction,0.01548799965530634,0.015231999568641186,0.018239999189972878,all_reduce,1024,16384,32768,57344.0
Qwen/Qwen3-8B-Base,49e3418fbbbca6ecbdf9608b4d22e5a407081db4,lr_ar_wire,n/a,16,8,64,,,,,,,n/a,bfloat16,NVIDIA L40S,0,lr_ar_wire_b16,total,0.0679360032081604,0.06643199920654297,0.07468800246715546,all_reduce,1024,16384,32768,57344.0
Qwen/Qwen3-8B-Base,49e3418fbbbca6ecbdf9608b4d22e5a407081db4,lr_ar_cap,n/a,16,8,64,,,,,,,n/a,bfloat16,NVIDIA L40S,0,lr_ar_cap_b16,projection,0.01616000011563301,0.015359999611973763,0.018848000094294548,all_reduce,2048,32768,65536,114688.0
Qwen/Qwen3-8B-Base,49e3418fbbbca6ecbdf9608b4d22e5a407081db4,lr_ar_cap,n/a,16,8,64,,,,,,,n/a,bfloat16,NVIDIA L40S,0,lr_ar_cap_b16,collective,0.037967998534440994,0.03619199991226196,0.04278400167822838,all_reduce,2048,32768,65536,114688.0
Qwen/Qwen3-8B-Base,49e3418fbbbca6ecbdf9608b4d22e5a407081db4,lr_ar_cap,n/a,16,8,64,,,,,,,n/a,bfloat16,NVIDIA L40S,0,lr_ar_cap_b16,reconstruction,0.01727999933063984,0.016704000532627106,0.0197759997099638,all_reduce,2048,32768,65536,114688.0
Qwen/Qwen3-8B-Base,49e3418fbbbca6ecbdf9608b4d22e5a407081db4,lr_ar_cap,n/a,16,8,64,,,,,,,n/a,bfloat16,NVIDIA L40S,0,lr_ar_cap_b16,total,0.06788800284266472,0.0655680000782013,0.07913599908351898,all_reduce,2048,32768,65536,114688.0
Qwen/Qwen3-8B-Base,49e3418fbbbca6ecbdf9608b4d22e5a407081db4,c1_ar,n/a,16,8,64,,,,,,,n/a,bfloat16,NVIDIA L40S,0,c1_ar_b16,projection,0.0175199992954731,0.017184000462293625,0.020864000543951988,all_reduce,2048,32768,65536,114688.0
Qwen/Qwen3-8B-Base,49e3418fbbbca6ecbdf9608b4d22e5a407081db4,c1_ar,n/a,16,8,64,,,,,,,n/a,bfloat16,NVIDIA L40S,0,c1_ar_b16,collective,0.03641600161790848,0.0350399985909462,0.04224000126123428,all_reduce,2048,32768,65536,114688.0
Qwen/Qwen3-8B-Base,49e3418fbbbca6ecbdf9608b4d22e5a407081db4,c1_ar,n/a,16,8,64,,,,,,,n/a,bfloat16,NVIDIA L40S,0,c1_ar_b16,reconstruction,0.02067199908196926,0.020479999482631683,0.02099199965596199,all_reduce,2048,32768,65536,114688.0
Qwen/Qwen3-8B-Base,49e3418fbbbca6ecbdf9608b4d22e5a407081db4,c1_ar,n/a,16,8,64,,,,,,,n/a,bfloat16,NVIDIA L40S,0,c1_ar_b16,total,0.08964799717068672,0.08771199733018875,0.09779199957847595,all_reduce,2048,32768,65536,114688.0
Qwen/Qwen3-8B-Base,49e3418fbbbca6ecbdf9608b4d22e5a407081db4,basiskv_ag,n/a,16,8,64,,,,,,,n/a,bfloat16,NVIDIA L40S,0,basiskv_ag_b16,projection,0.012799999676644802,0.01244799979031086,0.01724799908697605,all_gather,256,4096,8192,57344.0
Qwen/Qwen3-8B-Base,49e3418fbbbca6ecbdf9608b4d22e5a407081db4,basiskv_ag,n/a,16,8,64,,,,,,,n/a,bfloat16,NVIDIA L40S,0,basiskv_ag_b16,collective,0.020800000056624413,0.02022399939596653,0.021407999098300934,all_gather,256,4096,8192,57344.0
Qwen/Qwen3-8B-Base,49e3418fbbbca6ecbdf9608b4d22e5a407081db4,basiskv_ag,n/a,16,8,64,,,,,,,n/a,bfloat16,NVIDIA L40S,0,basiskv_ag_b16,reconstruction,0.020447999238967896,0.02022399939596653,0.020800000056624413,all_gather,256,4096,8192,57344.0
Qwen/Qwen3-8B-Base,49e3418fbbbca6ecbdf9608b4d22e5a407081db4,basiskv_ag,n/a,16,8,64,,,,,,,n/a,bfloat16,NVIDIA L40S,0,basiskv_ag_b16,total,0.04358400031924248,0.04255999997258186,0.058240000158548355,all_gather,256,4096,8192,57344.0
Qwen/Qwen3-8B-Base,49e3418fbbbca6ecbdf9608b4d22e5a407081db4,dense_ar,n/a,16,8,64,,,,,,,n/a,bfloat16,NVIDIA L40S,1,dense_ar_b16,projection,0.015424000099301338,0.013120000250637531,0.018719999119639397,all_reduce,4096,65536,131072,229376.0
Qwen/Qwen3-8B-Base,49e3418fbbbca6ecbdf9608b4d22e5a407081db4,dense_ar,n/a,16,8,64,,,,,,,n/a,bfloat16,NVIDIA L40S,1,dense_ar_b16,collective,0.049456000328063965,0.048895999789237976,0.050464000552892685,all_reduce,4096,65536,131072,229376.0
Qwen/Qwen3-8B-Base,49e3418fbbbca6ecbdf9608b4d22e5a407081db4,dense_ar,n/a,16,8,64,,,,,,,n/a,bfloat16,NVIDIA L40S,1,dense_ar_b16,reconstruction,0.010111999697983265,0.009824000298976898,0.012415999546647072,all_reduce,4096,65536,131072,229376.0
Qwen/Qwen3-8B-Base,49e3418fbbbca6ecbdf9608b4d22e5a407081db4,dense_ar,n/a,16,8,64,,,,,,,n/a,bfloat16,NVIDIA L40S,1,dense_ar_b16,total,0.07795199751853943,0.0761599987745285,0.08339200168848038,all_reduce,4096,65536,131072,229376.0
Qwen/Qwen3-8B-Base,49e3418fbbbca6ecbdf9608b4d22e5a407081db4,lr_ar_wire,n/a,16,8,64,,,,,,,n/a,bfloat16,NVIDIA L40S,1,lr_ar_wire_b16,projection,0.013344000093638897,0.013055999763309956,0.015135999768972397,all_reduce,1024,16384,32768,57344.0
Qwen/Qwen3-8B-Base,49e3418fbbbca6ecbdf9608b4d22e5a407081db4,lr_ar_wire,n/a,16,8,64,,,,,,,n/a,bfloat16,NVIDIA L40S,1,lr_ar_wire_b16,collective,0.03702399879693985,0.03519999980926514,0.04396799951791763,all_reduce,1024,16384,32768,57344.0
Qwen/Qwen3-8B-Base,49e3418fbbbca6ecbdf9608b4d22e5a407081db4,lr_ar_wire,n/a,16,8,64,,,,,,,n/a,bfloat16,NVIDIA L40S,1,lr_ar_wire_b16,reconstruction,0.015456000342965126,0.015135999768972397,0.02131200022995472,all_reduce,1024,16384,32768,57344.0
Qwen/Qwen3-8B-Base,49e3418fbbbca6ecbdf9608b4d22e5a407081db4,lr_ar_wire,n/a,16,8,64,,,,,,,n/a,bfloat16,NVIDIA L40S,1,lr_ar_wire_b16,total,0.06796800345182419,0.06649599969387054,0.07353600114583969,all_reduce,1024,16384,32768,57344.0
Qwen/Qwen3-8B-Base,49e3418fbbbca6ecbdf9608b4d22e5a407081db4,lr_ar_cap,n/a,16,8,64,,,,,,,n/a,bfloat16,NVIDIA L40S,1,lr_ar_cap_b16,projection,0.017664000391960144,0.014271999709308147,0.021856000646948814,all_reduce,2048,32768,65536,114688.0
Qwen/Qwen3-8B-Base,49e3418fbbbca6ecbdf9608b4d22e5a407081db4,lr_ar_cap,n/a,16,8,64,,,,,,,n/a,bfloat16,NVIDIA L40S,1,lr_ar_cap_b16,collective,0.037728000432252884,0.03574400022625923,0.040991999208927155,all_reduce,2048,32768,65536,114688.0
Qwen/Qwen3-8B-Base,49e3418fbbbca6ecbdf9608b4d22e5a407081db4,lr_ar_cap,n/a,16,8,64,,,,,,,n/a,bfloat16,NVIDIA L40S,1,lr_ar_cap_b16,reconstruction,0.016992000862956047,0.01664000004529953,0.01817600056529045,all_reduce,2048,32768,65536,114688.0
Qwen/Qwen3-8B-Base,49e3418fbbbca6ecbdf9608b4d22e5a407081db4,lr_ar_cap,n/a,16,8,64,,,,,,,n/a,bfloat16,NVIDIA L40S,1,lr_ar_cap_b16,total,0.0679520033299923,0.06652799993753433,0.07715199887752533,all_reduce,2048,32768,65536,114688.0
Qwen/Qwen3-8B-Base,49e3418fbbbca6ecbdf9608b4d22e5a407081db4,c1_ar,n/a,16,8,64,,,,,,,n/a,bfloat16,NVIDIA L40S,1,c1_ar_b16,projection,0.021727999672293663,0.01711999997496605,0.025919999927282333,all_reduce,2048,32768,65536,114688.0
Qwen/Qwen3-8B-Base,49e3418fbbbca6ecbdf9608b4d22e5a407081db4,c1_ar,n/a,16,8,64,,,,,,,n/a,bfloat16,NVIDIA L40S,1,c1_ar_b16,collective,0.036607999354600906,0.03519999980926514,0.0387520007789135,all_reduce,2048,32768,65536,114688.0
Qwen/Qwen3-8B-Base,49e3418fbbbca6ecbdf9608b4d22e5a407081db4,c1_ar,n/a,16,8,64,,,,,,,n/a,bfloat16,NVIDIA L40S,1,c1_ar_b16,reconstruction,0.020608000457286835,0.020447999238967896,0.0208320003002882,all_reduce,2048,32768,65536,114688.0
Qwen/Qwen3-8B-Base,49e3418fbbbca6ecbdf9608b4d22e5a407081db4,c1_ar,n/a,16,8,64,,,,,,,n/a,bfloat16,NVIDIA L40S,1,c1_ar_b16,total,0.08871999755501747,0.08575999736785889,0.0976639986038208,all_reduce,2048,32768,65536,114688.0
Qwen/Qwen3-8B-Base,49e3418fbbbca6ecbdf9608b4d22e5a407081db4,basiskv_ag,n/a,16,8,64,,,,,,,n/a,bfloat16,NVIDIA L40S,1,basiskv_ag_b16,projection,0.013024000450968742,0.012703999876976013,0.014015999622642994,all_gather,256,4096,8192,57344.0
Qwen/Qwen3-8B-Base,49e3418fbbbca6ecbdf9608b4d22e5a407081db4,basiskv_ag,n/a,16,8,64,,,,,,,n/a,bfloat16,NVIDIA L40S,1,basiskv_ag_b16,collective,0.020864000543951988,0.020320000126957893,0.022336000576615334,all_gather,256,4096,8192,57344.0
Qwen/Qwen3-8B-Base,49e3418fbbbca6ecbdf9608b4d22e5a407081db4,basiskv_ag,n/a,16,8,64,,,,,,,n/a,bfloat16,NVIDIA L40S,1,basiskv_ag_b16,reconstruction,0.022288000211119652,0.020416000857949257,0.02566399984061718,all_gather,256,4096,8192,57344.0
Qwen/Qwen3-8B-Base,49e3418fbbbca6ecbdf9608b4d22e5a407081db4,basiskv_ag,n/a,16,8,64,,,,,,,n/a,bfloat16,NVIDIA L40S,1,basiskv_ag_b16,total,0.04310400038957596,0.042399998754262924,0.04403200000524521,all_gather,256,4096,8192,57344.0
Qwen/Qwen3-8B-Base,49e3418fbbbca6ecbdf9608b4d22e5a407081db4,dense_ar,n/a,16,8,64,,,,,,,n/a,bfloat16,NVIDIA L40S,2,dense_ar_b16,projection,0.013248000293970108,0.012927999719977379,0.014047999866306782,all_reduce,4096,65536,131072,229376.0
Qwen/Qwen3-8B-Base,49e3418fbbbca6ecbdf9608b4d22e5a407081db4,dense_ar,n/a,16,8,64,,,,,,,n/a,bfloat16,NVIDIA L40S,2,dense_ar_b16,collective,0.04942400008440018,0.048895999789237976,0.05052800104022026,all_reduce,4096,65536,131072,229376.0
Qwen/Qwen3-8B-Base,49e3418fbbbca6ecbdf9608b4d22e5a407081db4,dense_ar,n/a,16,8,64,,,,,,,n/a,bfloat16,NVIDIA L40S,2,dense_ar_b16,reconstruction,0.010080000385642052,0.009824000298976898,0.010591999627649784,all_reduce,4096,65536,131072,229376.0
Qwen/Qwen3-8B-Base,49e3418fbbbca6ecbdf9608b4d22e5a407081db4,dense_ar,n/a,16,8,64,,,,,,,n/a,bfloat16,NVIDIA L40S,2,dense_ar_b16,total,0.07711999863386154,0.07491199672222137,0.08479999750852585,all_reduce,4096,65536,131072,229376.0
Qwen/Qwen3-8B-Base,49e3418fbbbca6ecbdf9608b4d22e5a407081db4,lr_ar_wire,n/a,16,8,64,,,,,,,n/a,bfloat16,NVIDIA L40S,2,lr_ar_wire_b16,projection,0.013376000337302685,0.013120000250637531,0.015231999568641186,all_reduce,1024,16384,32768,57344.0
Qwen/Qwen3-8B-Base,49e3418fbbbca6ecbdf9608b4d22e5a407081db4,lr_ar_wire,n/a,16,8,64,,,,,,,n/a,bfloat16,NVIDIA L40S,2,lr_ar_wire_b16,collective,0.03622400015592575,0.03488000109791756,0.03836800158023834,all_reduce,1024,16384,32768,57344.0
Qwen/Qwen3-8B-Base,49e3418fbbbca6ecbdf9608b4d22e5a407081db4,lr_ar_wire,n/a,16,8,64,,,,,,,n/a,bfloat16,NVIDIA L40S,2,lr_ar_wire_b16,reconstruction,0.015359999611973763,0.015168000012636185,0.016063999384641647,all_reduce,1024,16384,32768,57344.0
Qwen/Qwen3-8B-Base,49e3418fbbbca6ecbdf9608b4d22e5a407081db4,lr_ar_wire,n/a,16,8,64,,,,,,,n/a,bfloat16,NVIDIA L40S,2,lr_ar_wire_b16,total,0.06468800082802773,0.06310400366783142,0.07254400104284286,all_reduce,1024,16384,32768,57344.0
Qwen/Qwen3-8B-Base,49e3418fbbbca6ecbdf9608b4d22e5a407081db4,lr_ar_cap,n/a,16,8,64,,,,,,,n/a,bfloat16,NVIDIA L40S,2,lr_ar_cap_b16,projection,0.013376000337302685,0.013088000006973743,0.016992000862956047,all_reduce,2048,32768,65536,114688.0
Qwen/Qwen3-8B-Base,49e3418fbbbca6ecbdf9608b4d22e5a407081db4,lr_ar_cap,n/a,16,8,64,,,,,,,n/a,bfloat16,NVIDIA L40S,2,lr_ar_cap_b16,collective,0.03643200173974037,0.03488000109791756,0.04156799986958504,all_reduce,2048,32768,65536,114688.0
Qwen/Qwen3-8B-Base,49e3418fbbbca6ecbdf9608b4d22e5a407081db4,lr_ar_cap,n/a,16,8,64,,,,,,,n/a,bfloat16,NVIDIA L40S,2,lr_ar_cap_b16,reconstruction,0.017216000705957413,0.01679999940097332,0.018464000895619392,all_reduce,2048,32768,65536,114688.0
Qwen/Qwen3-8B-Base,49e3418fbbbca6ecbdf9608b4d22e5a407081db4,lr_ar_cap,n/a,16,8,64,,,,,,,n/a,bfloat16,NVIDIA L40S,2,lr_ar_cap_b16,total,0.0674079991877079,0.06524799764156342,0.07459200173616409,all_reduce,2048,32768,65536,114688.0
Qwen/Qwen3-8B-Base,49e3418fbbbca6ecbdf9608b4d22e5a407081db4,c1_ar,n/a,16,8,64,,,,,,,n/a,bfloat16,NVIDIA L40S,2,c1_ar_b16,projection,0.017503999173641205,0.017184000462293625,0.025919999927282333,all_reduce,2048,32768,65536,114688.0
Qwen/Qwen3-8B-Base,49e3418fbbbca6ecbdf9608b4d22e5a407081db4,c1_ar,n/a,16,8,64,,,,,,,n/a,bfloat16,NVIDIA L40S,2,c1_ar_b16,collective,0.037728000432252884,0.03328000009059906,0.041600000113248825,all_reduce,2048,32768,65536,114688.0
Qwen/Qwen3-8B-Base,49e3418fbbbca6ecbdf9608b4d22e5a407081db4,c1_ar,n/a,16,8,64,,,,,,,n/a,bfloat16,NVIDIA L40S,2,c1_ar_b16,reconstruction,0.023552000522613525,0.021536000072956085,0.026528000831604004,all_reduce,2048,32768,65536,114688.0
Qwen/Qwen3-8B-Base,49e3418fbbbca6ecbdf9608b4d22e5a407081db4,c1_ar,n/a,16,8,64,,,,,,,n/a,bfloat16,NVIDIA L40S,2,c1_ar_b16,total,0.08851200342178345,0.08505599945783615,0.09487999975681305,all_reduce,2048,32768,65536,114688.0
Qwen/Qwen3-8B-Base,49e3418fbbbca6ecbdf9608b4d22e5a407081db4,basiskv_ag,n/a,16,8,64,,,,,,,n/a,bfloat16,NVIDIA L40S,2,basiskv_ag_b16,projection,0.012640000320971012,0.012415999546647072,0.013824000023305416,all_gather,256,4096,8192,57344.0
Qwen/Qwen3-8B-Base,49e3418fbbbca6ecbdf9608b4d22e5a407081db4,basiskv_ag,n/a,16,8,64,,,,,,,n/a,bfloat16,NVIDIA L40S,2,basiskv_ag_b16,collective,0.020767999812960625,0.020255999639630318,0.021407999098300934,all_gather,256,4096,8192,57344.0
Qwen/Qwen3-8B-Base,49e3418fbbbca6ecbdf9608b4d22e5a407081db4,basiskv_ag,n/a,16,8,64,,,,,,,n/a,bfloat16,NVIDIA L40S,2,basiskv_ag_b16,reconstruction,0.020479999482631683,0.020255999639630318,0.020767999812960625,all_gather,256,4096,8192,57344.0
Qwen/Qwen3-8B-Base,49e3418fbbbca6ecbdf9608b4d22e5a407081db4,basiskv_ag,n/a,16,8,64,,,,,,,n/a,bfloat16,NVIDIA L40S,2,basiskv_ag_b16,total,0.04310400038957596,0.04243199899792671,0.04390399903059006,all_gather,256,4096,8192,57344.0
Qwen/Qwen3-8B-Base,49e3418fbbbca6ecbdf9608b4d22e5a407081db4,dense_ar,n/a,32,8,64,,,,,,,n/a,bfloat16,NVIDIA L40S,0,dense_ar_b32,projection,0.019519999623298645,0.013279999606311321,0.022207999601960182,all_reduce,4096,131072,262144,458752.0
Qwen/Qwen3-8B-Base,49e3418fbbbca6ecbdf9608b4d22e5a407081db4,dense_ar,n/a,32,8,64,,,,,,,n/a,bfloat16,NVIDIA L40S,0,dense_ar_b32,collective,0.0817599967122078,0.081216000020504,0.08249600231647491,all_reduce,4096,131072,262144,458752.0
Qwen/Qwen3-8B-Base,49e3418fbbbca6ecbdf9608b4d22e5a407081db4,dense_ar,n/a,32,8,64,,,,,,,n/a,bfloat16,NVIDIA L40S,0,dense_ar_b32,reconstruction,0.010111999697983265,0.009855999611318111,0.010816000401973724,all_reduce,4096,131072,262144,458752.0
Qwen/Qwen3-8B-Base,49e3418fbbbca6ecbdf9608b4d22e5a407081db4,dense_ar,n/a,32,8,64,,,,,,,n/a,bfloat16,NVIDIA L40S,0,dense_ar_b32,total,0.09062399715185165,0.08975999802350998,0.09212800115346909,all_reduce,4096,131072,262144,458752.0
Qwen/Qwen3-8B-Base,49e3418fbbbca6ecbdf9608b4d22e5a407081db4,lr_ar_wire,n/a,32,8,64,,,,,,,n/a,bfloat16,NVIDIA L40S,0,lr_ar_wire_b32,projection,0.013439999893307686,0.013151999562978745,0.014399999752640724,all_reduce,1024,32768,65536,114688.0
Qwen/Qwen3-8B-Base,49e3418fbbbca6ecbdf9608b4d22e5a407081db4,lr_ar_wire,n/a,32,8,64,,,,,,,n/a,bfloat16,NVIDIA L40S,0,lr_ar_wire_b32,collective,0.03711999952793121,0.03558399900794029,0.040511999279260635,all_reduce,1024,32768,65536,114688.0
Qwen/Qwen3-8B-Base,49e3418fbbbca6ecbdf9608b4d22e5a407081db4,lr_ar_wire,n/a,32,8,64,,,,,,,n/a,bfloat16,NVIDIA L40S,0,lr_ar_wire_b32,reconstruction,0.015936000272631645,0.015744000673294067,0.01651199907064438,all_reduce,1024,32768,65536,114688.0
Qwen/Qwen3-8B-Base,49e3418fbbbca6ecbdf9608b4d22e5a407081db4,lr_ar_wire,n/a,32,8,64,,,,,,,n/a,bfloat16,NVIDIA L40S,0,lr_ar_wire_b32,total,0.06828799843788147,0.06592000275850296,0.07571200281381607,all_reduce,1024,32768,65536,114688.0
Qwen/Qwen3-8B-Base,49e3418fbbbca6ecbdf9608b4d22e5a407081db4,lr_ar_cap,n/a,32,8,64,,,,,,,n/a,bfloat16,NVIDIA L40S,0,lr_ar_cap_b32,projection,0.013632000423967838,0.01321600005030632,0.015424000099301338,all_reduce,2048,65536,131072,229376.0
Qwen/Qwen3-8B-Base,49e3418fbbbca6ecbdf9608b4d22e5a407081db4,lr_ar_cap,n/a,32,8,64,,,,,,,n/a,bfloat16,NVIDIA L40S,0,lr_ar_cap_b32,collective,0.04947200044989586,0.0488319993019104,0.050464000552892685,all_reduce,2048,65536,131072,229376.0
Qwen/Qwen3-8B-Base,49e3418fbbbca6ecbdf9608b4d22e5a407081db4,lr_ar_cap,n/a,32,8,64,,,,,,,n/a,bfloat16,NVIDIA L40S,0,lr_ar_cap_b32,reconstruction,0.017152000218629837,0.016896000131964684,0.017791999503970146,all_reduce,2048,65536,131072,229376.0
Qwen/Qwen3-8B-Base,49e3418fbbbca6ecbdf9608b4d22e5a407081db4,lr_ar_cap,n/a,32,8,64,,,,,,,n/a,bfloat16,NVIDIA L40S,0,lr_ar_cap_b32,total,0.07072000205516815,0.06995200365781784,0.0729919970035553,all_reduce,2048,65536,131072,229376.0
Qwen/Qwen3-8B-Base,49e3418fbbbca6ecbdf9608b4d22e5a407081db4,c1_ar,n/a,32,8,64,,,,,,,n/a,bfloat16,NVIDIA L40S,0,c1_ar_b32,projection,0.01756799966096878,0.017216000705957413,0.021023999899625778,all_reduce,2048,65536,131072,229376.0
Qwen/Qwen3-8B-Base,49e3418fbbbca6ecbdf9608b4d22e5a407081db4,c1_ar,n/a,32,8,64,,,,,,,n/a,bfloat16,NVIDIA L40S,0,c1_ar_b32,collective,0.04934399947524071,0.04873599857091904,0.050335999578237534,all_reduce,2048,65536,131072,229376.0
Qwen/Qwen3-8B-Base,49e3418fbbbca6ecbdf9608b4d22e5a407081db4,c1_ar,n/a,32,8,64,,,,,,,n/a,bfloat16,NVIDIA L40S,0,c1_ar_b32,reconstruction,0.020816000178456306,0.02067199908196926,0.021056000143289566,all_reduce,2048,65536,131072,229376.0
Qwen/Qwen3-8B-Base,49e3418fbbbca6ecbdf9608b4d22e5a407081db4,c1_ar,n/a,32,8,64,,,,,,,n/a,bfloat16,NVIDIA L40S,0,c1_ar_b32,total,0.09100800007581711,0.08819200098514557,0.09955199807882309,all_reduce,2048,65536,131072,229376.0
Qwen/Qwen3-8B-Base,49e3418fbbbca6ecbdf9608b4d22e5a407081db4,basiskv_ag,n/a,32,8,64,,,,,,,n/a,bfloat16,NVIDIA L40S,0,basiskv_ag_b32,projection,0.012768000364303589,0.012480000033974648,0.01568000018596649,all_gather,256,8192,16384,114688.0
Qwen/Qwen3-8B-Base,49e3418fbbbca6ecbdf9608b4d22e5a407081db4,basiskv_ag,n/a,32,8,64,,,,,,,n/a,bfloat16,NVIDIA L40S,0,basiskv_ag_b32,collective,0.029632000252604485,0.028831999748945236,0.030751999467611313,all_gather,256,8192,16384,114688.0
Qwen/Qwen3-8B-Base,49e3418fbbbca6ecbdf9608b4d22e5a407081db4,basiskv_ag,n/a,32,8,64,,,,,,,n/a,bfloat16,NVIDIA L40S,0,basiskv_ag_b32,reconstruction,0.020927999168634415,0.020800000056624413,0.02115200087428093,all_gather,256,8192,16384,114688.0
Qwen/Qwen3-8B-Base,49e3418fbbbca6ecbdf9608b4d22e5a407081db4,basiskv_ag,n/a,32,8,64,,,,,,,n/a,bfloat16,NVIDIA L40S,0,basiskv_ag_b32,total,0.05236800014972687,0.0514880008995533,0.05337600037455559,all_gather,256,8192,16384,114688.0
Qwen/Qwen3-8B-Base,49e3418fbbbca6ecbdf9608b4d22e5a407081db4,dense_ar,n/a,32,8,64,,,,,,,n/a,bfloat16,NVIDIA L40S,1,dense_ar_b32,projection,0.013407999649643898,0.013120000250637531,0.014431999996304512,all_reduce,4096,131072,262144,458752.0
Qwen/Qwen3-8B-Base,49e3418fbbbca6ecbdf9608b4d22e5a407081db4,dense_ar,n/a,32,8,64,,,,,,,n/a,bfloat16,NVIDIA L40S,1,dense_ar_b32,collective,0.08177599683403969,0.08111999928951263,0.08303999900817871,all_reduce,4096,131072,262144,458752.0
Qwen/Qwen3-8B-Base,49e3418fbbbca6ecbdf9608b4d22e5a407081db4,dense_ar,n/a,32,8,64,,,,,,,n/a,bfloat16,NVIDIA L40S,1,dense_ar_b32,reconstruction,0.010080000385642052,0.009824000298976898,0.010847999714314938,all_reduce,4096,131072,262144,458752.0
Qwen/Qwen3-8B-Base,49e3418fbbbca6ecbdf9608b4d22e5a407081db4,dense_ar,n/a,32,8,64,,,,,,,n/a,bfloat16,NVIDIA L40S,1,dense_ar_b32,total,0.09067199751734734,0.08979199826717377,0.091839998960495,all_reduce,4096,131072,262144,458752.0
Qwen/Qwen3-8B-Base,49e3418fbbbca6ecbdf9608b4d22e5a407081db4,lr_ar_wire,n/a,32,8,64,,,,,,,n/a,bfloat16,NVIDIA L40S,1,lr_ar_wire_b32,projection,0.014879999682307243,0.013279999606311321,0.01849599927663803,all_reduce,1024,32768,65536,114688.0
Qwen/Qwen3-8B-Base,49e3418fbbbca6ecbdf9608b4d22e5a407081db4,lr_ar_wire,n/a,32,8,64,,,,,,,n/a,bfloat16,NVIDIA L40S,1,lr_ar_wire_b32,collective,0.03625600039958954,0.034752000123262405,0.03903999924659729,all_reduce,1024,32768,65536,114688.0
Qwen/Qwen3-8B-Base,49e3418fbbbca6ecbdf9608b4d22e5a407081db4,lr_ar_wire,n/a,32,8,64,,,,,,,n/a,bfloat16,NVIDIA L40S,1,lr_ar_wire_b32,reconstruction,0.015968000516295433,0.015776000916957855,0.017023999243974686,all_reduce,1024,32768,65536,114688.0
Qwen/Qwen3-8B-Base,49e3418fbbbca6ecbdf9608b4d22e5a407081db4,lr_ar_wire,n/a,32,8,64,,,,,,,n/a,bfloat16,NVIDIA L40S,1,lr_ar_wire_b32,total,0.06892800331115723,0.0671359971165657,0.07513599842786789,all_reduce,1024,32768,65536,114688.0
Qwen/Qwen3-8B-Base,49e3418fbbbca6ecbdf9608b4d22e5a407081db4,lr_ar_cap,n/a,32,8,64,,,,,,,n/a,bfloat16,NVIDIA L40S,1,lr_ar_cap_b32,projection,0.013407999649643898,0.013120000250637531,0.01587199978530407,all_reduce,2048,65536,131072,229376.0
Qwen/Qwen3-8B-Base,49e3418fbbbca6ecbdf9608b4d22e5a407081db4,lr_ar_cap,n/a,32,8,64,,,,,,,n/a,bfloat16,NVIDIA L40S,1,lr_ar_cap_b32,collective,0.04944000020623207,0.048895999789237976,0.050655998289585114,all_reduce,2048,65536,131072,229376.0
Qwen/Qwen3-8B-Base,49e3418fbbbca6ecbdf9608b4d22e5a407081db4,lr_ar_cap,n/a,32,8,64,,,,,,,n/a,bfloat16,NVIDIA L40S,1,lr_ar_cap_b32,reconstruction,0.017023999243974686,0.016863999888300896,0.017472000792622566,all_reduce,2048,65536,131072,229376.0
Qwen/Qwen3-8B-Base,49e3418fbbbca6ecbdf9608b4d22e5a407081db4,lr_ar_cap,n/a,32,8,64,,,,,,,n/a,bfloat16,NVIDIA L40S,1,lr_ar_cap_b32,total,0.07107199728488922,0.07036799937486649,0.07222399860620499,all_reduce,2048,65536,131072,229376.0
Qwen/Qwen3-8B-Base,49e3418fbbbca6ecbdf9608b4d22e5a407081db4,c1_ar,n/a,32,8,64,,,,,,,n/a,bfloat16,NVIDIA L40S,1,c1_ar_b32,projection,0.019807999953627586,0.01740800030529499,0.02332800067961216,all_reduce,2048,65536,131072,229376.0
Qwen/Qwen3-8B-Base,49e3418fbbbca6ecbdf9608b4d22e5a407081db4,c1_ar,n/a,32,8,64,,,,,,,n/a,bfloat16,NVIDIA L40S,1,c1_ar_b32,collective,0.04944000020623207,0.04886399954557419,0.05036799982190132,all_reduce,2048,65536,131072,229376.0
Qwen/Qwen3-8B-Base,49e3418fbbbca6ecbdf9608b4d22e5a407081db4,c1_ar,n/a,32,8,64,,,,,,,n/a,bfloat16,NVIDIA L40S,1,c1_ar_b32,reconstruction,0.020864000543951988,0.02067199908196926,0.021056000143289566,all_reduce,2048,65536,131072,229376.0
Qwen/Qwen3-8B-Base,49e3418fbbbca6ecbdf9608b4d22e5a407081db4,c1_ar,n/a,32,8,64,,,,,,,n/a,bfloat16,NVIDIA L40S,1,c1_ar_b32,total,0.0899679996073246,0.08806400001049042,0.09935999661684036,all_reduce,2048,65536,131072,229376.0
Qwen/Qwen3-8B-Base,49e3418fbbbca6ecbdf9608b4d22e5a407081db4,basiskv_ag,n/a,32,8,64,,,,,,,n/a,bfloat16,NVIDIA L40S,1,basiskv_ag_b32,projection,0.012768000364303589,0.012480000033974648,0.01484800036996603,all_gather,256,8192,16384,114688.0
Qwen/Qwen3-8B-Base,49e3418fbbbca6ecbdf9608b4d22e5a407081db4,basiskv_ag,n/a,32,8,64,,,,,,,n/a,bfloat16,NVIDIA L40S,1,basiskv_ag_b32,collective,0.029664000496268272,0.02879999950528145,0.03049599938094616,all_gather,256,8192,16384,114688.0
Qwen/Qwen3-8B-Base,49e3418fbbbca6ecbdf9608b4d22e5a407081db4,basiskv_ag,n/a,32,8,64,,,,,,,n/a,bfloat16,NVIDIA L40S,1,basiskv_ag_b32,reconstruction,0.020927999168634415,0.020767999812960625,0.021695999428629875,all_gather,256,8192,16384,114688.0
Qwen/Qwen3-8B-Base,49e3418fbbbca6ecbdf9608b4d22e5a407081db4,basiskv_ag,n/a,32,8,64,,,,,,,n/a,bfloat16,NVIDIA L40S,1,basiskv_ag_b32,total,0.052352000027894974,0.05145600065588951,0.05363199859857559,all_gather,256,8192,16384,114688.0
Qwen/Qwen3-8B-Base,49e3418fbbbca6ecbdf9608b4d22e5a407081db4,dense_ar,n/a,32,8,64,,,,,,,n/a,bfloat16,NVIDIA L40S,2,dense_ar_b32,projection,0.015503999777138233,0.01321600005030632,0.01817600056529045,all_reduce,4096,131072,262144,458752.0
Qwen/Qwen3-8B-Base,49e3418fbbbca6ecbdf9608b4d22e5a407081db4,dense_ar,n/a,32,8,64,,,,,,,n/a,bfloat16,NVIDIA L40S,2,dense_ar_b32,collective,0.0817599967122078,0.08124800026416779,0.08256000280380249,all_reduce,4096,131072,262144,458752.0
Qwen/Qwen3-8B-Base,49e3418fbbbca6ecbdf9608b4d22e5a407081db4,dense_ar,n/a,32,8,64,,,,,,,n/a,bfloat16,NVIDIA L40S,2,dense_ar_b32,reconstruction,0.009983999654650688,0.009759999811649323,0.010367999784648418,all_reduce,4096,131072,262144,458752.0
Qwen/Qwen3-8B-Base,49e3418fbbbca6ecbdf9608b4d22e5a407081db4,dense_ar,n/a,32,8,64,,,,,,,n/a,bfloat16,NVIDIA L40S,2,dense_ar_b32,total,0.0905120000243187,0.08975999802350998,0.09174399822950363,all_reduce,4096,131072,262144,458752.0
Qwen/Qwen3-8B-Base,49e3418fbbbca6ecbdf9608b4d22e5a407081db4,lr_ar_wire,n/a,32,8,64,,,,,,,n/a,bfloat16,NVIDIA L40S,2,lr_ar_wire_b32,projection,0.019456000067293644,0.013376000337302685,0.02284800074994564,all_reduce,1024,32768,65536,114688.0
Qwen/Qwen3-8B-Base,49e3418fbbbca6ecbdf9608b4d22e5a407081db4,lr_ar_wire,n/a,32,8,64,,,,,,,n/a,bfloat16,NVIDIA L40S,2,lr_ar_wire_b32,collective,0.03739200159907341,0.03574400022625923,0.03977600112557411,all_reduce,1024,32768,65536,114688.0
Qwen/Qwen3-8B-Base,49e3418fbbbca6ecbdf9608b4d22e5a407081db4,lr_ar_wire,n/a,32,8,64,,,,,,,n/a,bfloat16,NVIDIA L40S,2,lr_ar_wire_b32,reconstruction,0.015968000516295433,0.015776000916957855,0.016736000776290894,all_reduce,1024,32768,65536,114688.0
Qwen/Qwen3-8B-Base,49e3418fbbbca6ecbdf9608b4d22e5a407081db4,lr_ar_wire,n/a,32,8,64,,,,,,,n/a,bfloat16,NVIDIA L40S,2,lr_ar_wire_b32,total,0.0684799998998642,0.06665600091218948,0.07686399668455124,all_reduce,1024,32768,65536,114688.0
Qwen/Qwen3-8B-Base,49e3418fbbbca6ecbdf9608b4d22e5a407081db4,lr_ar_cap,n/a,32,8,64,,,,,,,n/a,bfloat16,NVIDIA L40S,2,lr_ar_cap_b32,projection,0.013423999771475792,0.013120000250637531,0.01539199985563755,all_reduce,2048,65536,131072,229376.0
Qwen/Qwen3-8B-Base,49e3418fbbbca6ecbdf9608b4d22e5a407081db4,lr_ar_cap,n/a,32,8,64,,,,,,,n/a,bfloat16,NVIDIA L40S,2,lr_ar_cap_b32,collective,0.04947200044989586,0.0488319993019104,0.05049600079655647,all_reduce,2048,65536,131072,229376.0
Qwen/Qwen3-8B-Base,49e3418fbbbca6ecbdf9608b4d22e5a407081db4,lr_ar_cap,n/a,32,8,64,,,,,,,n/a,bfloat16,NVIDIA L40S,2,lr_ar_cap_b32,reconstruction,0.017136000096797943,0.016896000131964684,0.017855999991297722,all_reduce,2048,65536,131072,229376.0
Qwen/Qwen3-8B-Base,49e3418fbbbca6ecbdf9608b4d22e5a407081db4,lr_ar_cap,n/a,32,8,64,,,,,,,n/a,bfloat16,NVIDIA L40S,2,lr_ar_cap_b32,total,0.07095999643206596,0.07004799693822861,0.07391999661922455,all_reduce,2048,65536,131072,229376.0
Qwen/Qwen3-8B-Base,49e3418fbbbca6ecbdf9608b4d22e5a407081db4,c1_ar,n/a,32,8,64,,,,,,,n/a,bfloat16,NVIDIA L40S,2,c1_ar_b32,projection,0.02566399984061718,0.017216000705957413,0.030592000111937523,all_reduce,2048,65536,131072,229376.0
Qwen/Qwen3-8B-Base,49e3418fbbbca6ecbdf9608b4d22e5a407081db4,c1_ar,n/a,32,8,64,,,,,,,n/a,bfloat16,NVIDIA L40S,2,c1_ar_b32,collective,0.04947200044989586,0.048895999789237976,0.05020799860358238,all_reduce,2048,65536,131072,229376.0
Qwen/Qwen3-8B-Base,49e3418fbbbca6ecbdf9608b4d22e5a407081db4,c1_ar,n/a,32,8,64,,,,,,,n/a,bfloat16,NVIDIA L40S,2,c1_ar_b32,reconstruction,0.025248000398278236,0.020735999569296837,0.029279999434947968,all_reduce,2048,65536,131072,229376.0
Qwen/Qwen3-8B-Base,49e3418fbbbca6ecbdf9608b4d22e5a407081db4,c1_ar,n/a,32,8,64,,,,,,,n/a,bfloat16,NVIDIA L40S,2,c1_ar_b32,total,0.08665599673986435,0.08441600203514099,0.09536000341176987,all_reduce,2048,65536,131072,229376.0
Qwen/Qwen3-8B-Base,49e3418fbbbca6ecbdf9608b4d22e5a407081db4,basiskv_ag,n/a,32,8,64,,,,,,,n/a,bfloat16,NVIDIA L40S,2,basiskv_ag_b32,projection,0.012768000364303589,0.012512000277638435,0.013504000380635262,all_gather,256,8192,16384,114688.0
Qwen/Qwen3-8B-Base,49e3418fbbbca6ecbdf9608b4d22e5a407081db4,basiskv_ag,n/a,32,8,64,,,,,,,n/a,bfloat16,NVIDIA L40S,2,basiskv_ag_b32,collective,0.02956799976527691,0.028672000393271446,0.030688000842928886,all_gather,256,8192,16384,114688.0
Qwen/Qwen3-8B-Base,49e3418fbbbca6ecbdf9608b4d22e5a407081db4,basiskv_ag,n/a,32,8,64,,,,,,,n/a,bfloat16,NVIDIA L40S,2,basiskv_ag_b32,reconstruction,0.020927999168634415,0.020735999569296837,0.021215999498963356,all_gather,256,8192,16384,114688.0
Qwen/Qwen3-8B-Base,49e3418fbbbca6ecbdf9608b4d22e5a407081db4,basiskv_ag,n/a,32,8,64,,,,,,,n/a,bfloat16,NVIDIA L40S,2,basiskv_ag_b32,total,0.052400000393390656,0.05145600065588951,0.05331199988722801,all_gather,256,8192,16384,114688.0
Qwen/Qwen3-8B-Base,49e3418fbbbca6ecbdf9608b4d22e5a407081db4,dense_ar,n/a,1,8,64,,,,,,,n/a,bfloat16,NVIDIA L40S,0,dense_ar_b1,projection,0.013232000172138214,0.012927999719977379,0.015263999812304974,all_reduce,4096,4096,8192,14336.0
Qwen/Qwen3-8B-Base,49e3418fbbbca6ecbdf9608b4d22e5a407081db4,dense_ar,n/a,1,8,64,,,,,,,n/a,bfloat16,NVIDIA L40S,0,dense_ar_b1,collective,0.036639999598264694,0.03542400151491165,0.03951999917626381,all_reduce,4096,4096,8192,14336.0
Qwen/Qwen3-8B-Base,49e3418fbbbca6ecbdf9608b4d22e5a407081db4,dense_ar,n/a,1,8,64,,,,,,,n/a,bfloat16,NVIDIA L40S,0,dense_ar_b1,reconstruction,0.0098879998549819,0.009696000255644321,0.010528000071644783,all_reduce,4096,4096,8192,14336.0
Qwen/Qwen3-8B-Base,49e3418fbbbca6ecbdf9608b4d22e5a407081db4,dense_ar,n/a,1,8,64,,,,,,,n/a,bfloat16,NVIDIA L40S,0,dense_ar_b1,total,0.07257600128650665,0.07027199864387512,0.08214399963617325,all_reduce,4096,4096,8192,14336.0
Qwen/Qwen3-8B-Base,49e3418fbbbca6ecbdf9608b4d22e5a407081db4,lr_ar_wire,n/a,1,8,64,,,,,,,n/a,bfloat16,NVIDIA L40S,0,lr_ar_wire_b1,projection,0.01860800012946129,0.01635199971497059,0.022975999861955643,all_reduce,1024,1024,2048,3584.0
Qwen/Qwen3-8B-Base,49e3418fbbbca6ecbdf9608b4d22e5a407081db4,lr_ar_wire,n/a,1,8,64,,,,,,,n/a,bfloat16,NVIDIA L40S,0,lr_ar_wire_b1,collective,0.0360959991812706,0.034591998904943466,0.03920000046491623,all_reduce,1024,1024,2048,3584.0
Qwen/Qwen3-8B-Base,49e3418fbbbca6ecbdf9608b4d22e5a407081db4,lr_ar_wire,n/a,1,8,64,,,,,,,n/a,bfloat16,NVIDIA L40S,0,lr_ar_wire_b1,reconstruction,0.013024000450968742,0.012736000120639801,0.016287999227643013,all_reduce,1024,1024,2048,3584.0
Qwen/Qwen3-8B-Base,49e3418fbbbca6ecbdf9608b4d22e5a407081db4,lr_ar_wire,n/a,1,8,64,,,,,,,n/a,bfloat16,NVIDIA L40S,0,lr_ar_wire_b1,total,0.07123199850320816,0.06956800073385239,0.07887999713420868,all_reduce,1024,1024,2048,3584.0
Qwen/Qwen3-8B-Base,49e3418fbbbca6ecbdf9608b4d22e5a407081db4,lr_ar_cap,n/a,1,8,64,,,,,,,n/a,bfloat16,NVIDIA L40S,0,lr_ar_cap_b1,projection,0.01664000004529953,0.016416000202298164,0.018751999363303185,all_reduce,2048,2048,4096,7168.0
Qwen/Qwen3-8B-Base,49e3418fbbbca6ecbdf9608b4d22e5a407081db4,lr_ar_cap,n/a,1,8,64,,,,,,,n/a,bfloat16,NVIDIA L40S,0,lr_ar_cap_b1,collective,0.036896001547575,0.03516799956560135,0.04179200157523155,all_reduce,2048,2048,4096,7168.0
Qwen/Qwen3-8B-Base,49e3418fbbbca6ecbdf9608b4d22e5a407081db4,lr_ar_cap,n/a,1,8,64,,,,,,,n/a,bfloat16,NVIDIA L40S,0,lr_ar_cap_b1,reconstruction,0.01943999994546175,0.01571200042963028,0.022143999114632607,all_reduce,2048,2048,4096,7168.0
Qwen/Qwen3-8B-Base,49e3418fbbbca6ecbdf9608b4d22e5a407081db4,lr_ar_cap,n/a,1,8,64,,,,,,,n/a,bfloat16,NVIDIA L40S,0,lr_ar_cap_b1,total,0.07030399888753891,0.06588800251483917,0.07788799703121185,all_reduce,2048,2048,4096,7168.0
Qwen/Qwen3-8B-Base,49e3418fbbbca6ecbdf9608b4d22e5a407081db4,c1_ar,n/a,1,8,64,,,,,,,n/a,bfloat16,NVIDIA L40S,0,c1_ar_b1,projection,0.02160000056028366,0.01711999997496605,0.024447999894618988,all_reduce,2048,2048,4096,7168.0
Qwen/Qwen3-8B-Base,49e3418fbbbca6ecbdf9608b4d22e5a407081db4,c1_ar,n/a,1,8,64,,,,,,,n/a,bfloat16,NVIDIA L40S,0,c1_ar_b1,collective,0.03654399886727333,0.035232000052928925,0.03852799907326698,all_reduce,2048,2048,4096,7168.0
Qwen/Qwen3-8B-Base,49e3418fbbbca6ecbdf9608b4d22e5a407081db4,c1_ar,n/a,1,8,64,,,,,,,n/a,bfloat16,NVIDIA L40S,0,c1_ar_b1,reconstruction,0.02768000029027462,0.02755199931561947,0.027871999889612198,all_reduce,2048,2048,4096,7168.0
Qwen/Qwen3-8B-Base,49e3418fbbbca6ecbdf9608b4d22e5a407081db4,c1_ar,n/a,1,8,64,,,,,,,n/a,bfloat16,NVIDIA L40S,0,c1_ar_b1,total,0.08614400029182434,0.08444800227880478,0.09551999717950821,all_reduce,2048,2048,4096,7168.0
Qwen/Qwen3-8B-Base,49e3418fbbbca6ecbdf9608b4d22e5a407081db4,basiskv_ag,n/a,1,8,64,,,,,,,n/a,bfloat16,NVIDIA L40S,0,basiskv_ag_b1,projection,0.012480000033974648,0.012191999703645706,0.013632000423967838,all_gather,256,256,512,3584.0
Qwen/Qwen3-8B-Base,49e3418fbbbca6ecbdf9608b4d22e5a407081db4,basiskv_ag,n/a,1,8,64,,,,,,,n/a,bfloat16,NVIDIA L40S,0,basiskv_ag_b1,collective,0.016863999888300896,0.016063999384641647,0.017920000478625298,all_gather,256,256,512,3584.0
Qwen/Qwen3-8B-Base,49e3418fbbbca6ecbdf9608b4d22e5a407081db4,basiskv_ag,n/a,1,8,64,,,,,,,n/a,bfloat16,NVIDIA L40S,0,basiskv_ag_b1,reconstruction,0.027615999802947044,0.027488000690937042,0.02783999964594841,all_gather,256,256,512,3584.0
Qwen/Qwen3-8B-Base,49e3418fbbbca6ecbdf9608b4d22e5a407081db4,basiskv_ag,n/a,1,8,64,,,,,,,n/a,bfloat16,NVIDIA L40S,0,basiskv_ag_b1,total,0.04483199864625931,0.04403200000524521,0.045823998749256134,all_gather,256,256,512,3584.0
Qwen/Qwen3-8B-Base,49e3418fbbbca6ecbdf9608b4d22e5a407081db4,dense_ar,n/a,1,8,64,,,,,,,n/a,bfloat16,NVIDIA L40S,1,dense_ar_b1,projection,0.012864000163972378,0.012640000320971012,0.015968000516295433,all_reduce,4096,4096,8192,14336.0
Qwen/Qwen3-8B-Base,49e3418fbbbca6ecbdf9608b4d22e5a407081db4,dense_ar,n/a,1,8,64,,,,,,,n/a,bfloat16,NVIDIA L40S,1,dense_ar_b1,collective,0.037296000868082047,0.03519999980926514,0.04262400045990944,all_reduce,4096,4096,8192,14336.0
Qwen/Qwen3-8B-Base,49e3418fbbbca6ecbdf9608b4d22e5a407081db4,dense_ar,n/a,1,8,64,,,,,,,n/a,bfloat16,NVIDIA L40S,1,dense_ar_b1,reconstruction,0.010015999898314476,0.00979200005531311,0.010751999914646149,all_reduce,4096,4096,8192,14336.0
Qwen/Qwen3-8B-Base,49e3418fbbbca6ecbdf9608b4d22e5a407081db4,dense_ar,n/a,1,8,64,,,,,,,n/a,bfloat16,NVIDIA L40S,1,dense_ar_b1,total,0.07430399954319,0.07273600250482559,0.0801599994301796,all_reduce,4096,4096,8192,14336.0
Qwen/Qwen3-8B-Base,49e3418fbbbca6ecbdf9608b4d22e5a407081db4,lr_ar_wire,n/a,1,8,64,,,,,,,n/a,bfloat16,NVIDIA L40S,1,lr_ar_wire_b1,projection,0.0163199994713068,0.016063999384641647,0.020576000213623047,all_reduce,1024,1024,2048,3584.0
Qwen/Qwen3-8B-Base,49e3418fbbbca6ecbdf9608b4d22e5a407081db4,lr_ar_wire,n/a,1,8,64,,,,,,,n/a,bfloat16,NVIDIA L40S,1,lr_ar_wire_b1,collective,0.036288000643253326,0.03497600182890892,0.04070400074124336,all_reduce,1024,1024,2048,3584.0
Qwen/Qwen3-8B-Base,49e3418fbbbca6ecbdf9608b4d22e5a407081db4,lr_ar_wire,n/a,1,8,64,,,,,,,n/a,bfloat16,NVIDIA L40S,1,lr_ar_wire_b1,reconstruction,0.012992000207304955,0.012703999876976013,0.013919999822974205,all_reduce,1024,1024,2048,3584.0
Qwen/Qwen3-8B-Base,49e3418fbbbca6ecbdf9608b4d22e5a407081db4,lr_ar_wire,n/a,1,8,64,,,,,,,n/a,bfloat16,NVIDIA L40S,1,lr_ar_wire_b1,total,0.0711359977722168,0.06924799829721451,0.07689599692821503,all_reduce,1024,1024,2048,3584.0
Qwen/Qwen3-8B-Base,49e3418fbbbca6ecbdf9608b4d22e5a407081db4,lr_ar_cap,n/a,1,8,64,,,,,,,n/a,bfloat16,NVIDIA L40S,1,lr_ar_cap_b1,projection,0.01942400075495243,0.016672000288963318,0.022463999688625336,all_reduce,2048,2048,4096,7168.0
Qwen/Qwen3-8B-Base,49e3418fbbbca6ecbdf9608b4d22e5a407081db4,lr_ar_cap,n/a,1,8,64,,,,,,,n/a,bfloat16,NVIDIA L40S,1,lr_ar_cap_b1,collective,0.03742399998009205,0.03548799827694893,0.04364800080657005,all_reduce,2048,2048,4096,7168.0
Qwen/Qwen3-8B-Base,49e3418fbbbca6ecbdf9608b4d22e5a407081db4,lr_ar_cap,n/a,1,8,64,,,,,,,n/a,bfloat16,NVIDIA L40S,1,lr_ar_cap_b1,reconstruction,0.016063999384641647,0.015584000386297703,0.01852799952030182,all_reduce,2048,2048,4096,7168.0
Qwen/Qwen3-8B-Base,49e3418fbbbca6ecbdf9608b4d22e5a407081db4,lr_ar_cap,n/a,1,8,64,,,,,,,n/a,bfloat16,NVIDIA L40S,1,lr_ar_cap_b1,total,0.07182400301098824,0.0700799971818924,0.07795199751853943,all_reduce,2048,2048,4096,7168.0
Qwen/Qwen3-8B-Base,49e3418fbbbca6ecbdf9608b4d22e5a407081db4,c1_ar,n/a,1,8,64,,,,,,,n/a,bfloat16,NVIDIA L40S,1,c1_ar_b1,projection,0.017216000705957413,0.016831999644637108,0.021503999829292297,all_reduce,2048,2048,4096,7168.0
Qwen/Qwen3-8B-Base,49e3418fbbbca6ecbdf9608b4d22e5a407081db4,c1_ar,n/a,1,8,64,,,,,,,n/a,bfloat16,NVIDIA L40S,1,c1_ar_b1,collective,0.033440001308918,0.03209599852561951,0.03824000060558319,all_reduce,2048,2048,4096,7168.0
Qwen/Qwen3-8B-Base,49e3418fbbbca6ecbdf9608b4d22e5a407081db4,c1_ar,n/a,1,8,64,,,,,,,n/a,bfloat16,NVIDIA L40S,1,c1_ar_b1,reconstruction,0.02755199931561947,0.027424000203609467,0.027744000777602196,all_reduce,2048,2048,4096,7168.0
Qwen/Qwen3-8B-Base,49e3418fbbbca6ecbdf9608b4d22e5a407081db4,c1_ar,n/a,1,8,64,,,,,,,n/a,bfloat16,NVIDIA L40S,1,c1_ar_b1,total,0.08611200004816055,0.08432000130414963,0.09455999732017517,all_reduce,2048,2048,4096,7168.0
Qwen/Qwen3-8B-Base,49e3418fbbbca6ecbdf9608b4d22e5a407081db4,basiskv_ag,n/a,1,8,64,,,,,,,n/a,bfloat16,NVIDIA L40S,1,basiskv_ag_b1,projection,0.012608000077307224,0.012256000190973282,0.019039999693632126,all_gather,256,256,512,3584.0
Qwen/Qwen3-8B-Base,49e3418fbbbca6ecbdf9608b4d22e5a407081db4,basiskv_ag,n/a,1,8,64,,,,,,,n/a,bfloat16,NVIDIA L40S,1,basiskv_ag_b1,collective,0.028511999174952507,0.016383999958634377,0.03254399821162224,all_gather,256,256,512,3584.0
Qwen/Qwen3-8B-Base,49e3418fbbbca6ecbdf9608b4d22e5a407081db4,basiskv_ag,n/a,1,8,64,,,,,,,n/a,bfloat16,NVIDIA L40S,1,basiskv_ag_b1,reconstruction,0.02751999907195568,0.02739199995994568,0.02783999964594841,all_gather,256,256,512,3584.0
Qwen/Qwen3-8B-Base,49e3418fbbbca6ecbdf9608b4d22e5a407081db4,basiskv_ag,n/a,1,8,64,,,,,,,n/a,bfloat16,NVIDIA L40S,1,basiskv_ag_b1,total,0.04467200115323067,0.04383999854326248,0.04585599899291992,all_gather,256,256,512,3584.0
Qwen/Qwen3-8B-Base,49e3418fbbbca6ecbdf9608b4d22e5a407081db4,dense_ar,n/a,1,8,64,,,,,,,n/a,bfloat16,NVIDIA L40S,2,dense_ar_b1,projection,0.012896000407636166,0.012640000320971012,0.013535999692976475,all_reduce,4096,4096,8192,14336.0
Qwen/Qwen3-8B-Base,49e3418fbbbca6ecbdf9608b4d22e5a407081db4,dense_ar,n/a,1,8,64,,,,,,,n/a,bfloat16,NVIDIA L40S,2,dense_ar_b1,collective,0.035840000957250595,0.03440000116825104,0.04102399945259094,all_reduce,4096,4096,8192,14336.0
Qwen/Qwen3-8B-Base,49e3418fbbbca6ecbdf9608b4d22e5a407081db4,dense_ar,n/a,1,8,64,,,,,,,n/a,bfloat16,NVIDIA L40S,2,dense_ar_b1,reconstruction,0.009999999776482582,0.009759999811649323,0.010751999914646149,all_reduce,4096,4096,8192,14336.0
Qwen/Qwen3-8B-Base,49e3418fbbbca6ecbdf9608b4d22e5a407081db4,dense_ar,n/a,1,8,64,,,,,,,n/a,bfloat16,NVIDIA L40S,2,dense_ar_b1,total,0.07478400319814682,0.07337599992752075,0.08323200047016144,all_reduce,4096,4096,8192,14336.0
Qwen/Qwen3-8B-Base,49e3418fbbbca6ecbdf9608b4d22e5a407081db4,lr_ar_wire,n/a,1,8,64,,,,,,,n/a,bfloat16,NVIDIA L40S,2,lr_ar_wire_b1,projection,0.016831999644637108,0.016095999628305435,0.02537599951028824,all_reduce,1024,1024,2048,3584.0
Qwen/Qwen3-8B-Base,49e3418fbbbca6ecbdf9608b4d22e5a407081db4,lr_ar_wire,n/a,1,8,64,,,,,,,n/a,bfloat16,NVIDIA L40S,2,lr_ar_wire_b1,collective,0.036720000207424164,0.033695999532938004,0.03968000039458275,all_reduce,1024,1024,2048,3584.0
Qwen/Qwen3-8B-Base,49e3418fbbbca6ecbdf9608b4d22e5a407081db4,lr_ar_wire,n/a,1,8,64,,,,,,,n/a,bfloat16,NVIDIA L40S,2,lr_ar_wire_b1,reconstruction,0.01321600005030632,0.012768000364303589,0.020896000787615776,all_reduce,1024,1024,2048,3584.0
Qwen/Qwen3-8B-Base,49e3418fbbbca6ecbdf9608b4d22e5a407081db4,lr_ar_wire,n/a,1,8,64,,,,,,,n/a,bfloat16,NVIDIA L40S,2,lr_ar_wire_b1,total,0.0719359964132309,0.06982400268316269,0.08089599758386612,all_reduce,1024,1024,2048,3584.0
Qwen/Qwen3-8B-Base,49e3418fbbbca6ecbdf9608b4d22e5a407081db4,lr_ar_cap,n/a,1,8,64,,,,,,,n/a,bfloat16,NVIDIA L40S,2,lr_ar_cap_b1,projection,0.016672000288963318,0.016383999958634377,0.02143999934196472,all_reduce,2048,2048,4096,7168.0
Qwen/Qwen3-8B-Base,49e3418fbbbca6ecbdf9608b4d22e5a407081db4,lr_ar_cap,n/a,1,8,64,,,,,,,n/a,bfloat16,NVIDIA L40S,2,lr_ar_cap_b1,collective,0.03652799874544144,0.03488000109791756,0.04255999997258186,all_reduce,2048,2048,4096,7168.0
Qwen/Qwen3-8B-Base,49e3418fbbbca6ecbdf9608b4d22e5a407081db4,lr_ar_cap,n/a,1,8,64,,,,,,,n/a,bfloat16,NVIDIA L40S,2,lr_ar_cap_b1,reconstruction,0.015807999297976494,0.015552000142633915,0.017920000478625298,all_reduce,2048,2048,4096,7168.0
Qwen/Qwen3-8B-Base,49e3418fbbbca6ecbdf9608b4d22e5a407081db4,lr_ar_cap,n/a,1,8,64,,,,,,,n/a,bfloat16,NVIDIA L40S,2,lr_ar_cap_b1,total,0.07153600081801414,0.07014399766921997,0.07664000242948532,all_reduce,2048,2048,4096,7168.0
Qwen/Qwen3-8B-Base,49e3418fbbbca6ecbdf9608b4d22e5a407081db4,c1_ar,n/a,1,8,64,,,,,,,n/a,bfloat16,NVIDIA L40S,2,c1_ar_b1,projection,0.01740800030529499,0.01696000061929226,0.02304000034928322,all_reduce,2048,2048,4096,7168.0
Qwen/Qwen3-8B-Base,49e3418fbbbca6ecbdf9608b4d22e5a407081db4,c1_ar,n/a,1,8,64,,,,,,,n/a,bfloat16,NVIDIA L40S,2,c1_ar_b1,collective,0.03622400015592575,0.03372799977660179,0.040031999349594116,all_reduce,2048,2048,4096,7168.0
Qwen/Qwen3-8B-Base,49e3418fbbbca6ecbdf9608b4d22e5a407081db4,c1_ar,n/a,1,8,64,,,,,,,n/a,bfloat16,NVIDIA L40S,2,c1_ar_b1,reconstruction,0.027456000447273254,0.027295999228954315,0.02768000029027462,all_reduce,2048,2048,4096,7168.0
Qwen/Qwen3-8B-Base,49e3418fbbbca6ecbdf9608b4d22e5a407081db4,c1_ar,n/a,1,8,64,,,,,,,n/a,bfloat16,NVIDIA L40S,2,c1_ar_b1,total,0.08302399888634682,0.08156800270080566,0.09241600334644318,all_reduce,2048,2048,4096,7168.0
Qwen/Qwen3-8B-Base,49e3418fbbbca6ecbdf9608b4d22e5a407081db4,basiskv_ag,n/a,1,8,64,,,,,,,n/a,bfloat16,NVIDIA L40S,2,basiskv_ag_b1,projection,0.012415999546647072,0.012191999703645706,0.015039999969303608,all_gather,256,256,512,3584.0
Qwen/Qwen3-8B-Base,49e3418fbbbca6ecbdf9608b4d22e5a407081db4,basiskv_ag,n/a,1,8,64,,,,,,,n/a,bfloat16,NVIDIA L40S,2,basiskv_ag_b1,collective,0.022111999802291393,0.016575999557971954,0.024671999737620354,all_gather,256,256,512,3584.0
Qwen/Qwen3-8B-Base,49e3418fbbbca6ecbdf9608b4d22e5a407081db4,basiskv_ag,n/a,1,8,64,,,,,,,n/a,bfloat16,NVIDIA L40S,2,basiskv_ag_b1,reconstruction,0.027408000081777573,0.027264000847935677,0.02768000029027462,all_gather,256,256,512,3584.0
Qwen/Qwen3-8B-Base,49e3418fbbbca6ecbdf9608b4d22e5a407081db4,basiskv_ag,n/a,1,8,64,,,,,,,n/a,bfloat16,NVIDIA L40S,2,basiskv_ag_b1,total,0.04464000090956688,0.04383999854326248,0.045471999794244766,all_gather,256,256,512,3584.0
Qwen/Qwen3-8B-Base,49e3418fbbbca6ecbdf9608b4d22e5a407081db4,dense_ar,n/a,2,8,64,,,,,,,n/a,bfloat16,NVIDIA L40S,0,dense_ar_b2,projection,0.01321600005030632,0.012959999963641167,0.014112000353634357,all_reduce,4096,8192,16384,28672.0
Qwen/Qwen3-8B-Base,49e3418fbbbca6ecbdf9608b4d22e5a407081db4,dense_ar,n/a,2,8,64,,,,,,,n/a,bfloat16,NVIDIA L40S,0,dense_ar_b2,collective,0.03649599850177765,0.03385600075125694,0.03968000039458275,all_reduce,4096,8192,16384,28672.0
Qwen/Qwen3-8B-Base,49e3418fbbbca6ecbdf9608b4d22e5a407081db4,dense_ar,n/a,2,8,64,,,,,,,n/a,bfloat16,NVIDIA L40S,0,dense_ar_b2,reconstruction,0.009983999654650688,0.009727999567985535,0.010751999914646149,all_reduce,4096,8192,16384,28672.0
Qwen/Qwen3-8B-Base,49e3418fbbbca6ecbdf9608b4d22e5a407081db4,dense_ar,n/a,2,8,64,,,,,,,n/a,bfloat16,NVIDIA L40S,0,dense_ar_b2,total,0.07659200206398964,0.0735040009021759,0.08524800091981888,all_reduce,4096,8192,16384,28672.0
Qwen/Qwen3-8B-Base,49e3418fbbbca6ecbdf9608b4d22e5a407081db4,lr_ar_wire,n/a,2,8,64,,,,,,,n/a,bfloat16,NVIDIA L40S,0,lr_ar_wire_b2,projection,0.013376000337302685,0.013055999763309956,0.01724799908697605,all_reduce,1024,2048,4096,7168.0
Qwen/Qwen3-8B-Base,49e3418fbbbca6ecbdf9608b4d22e5a407081db4,lr_ar_wire,n/a,2,8,64,,,,,,,n/a,bfloat16,NVIDIA L40S,0,lr_ar_wire_b2,collective,0.036288000643253326,0.0350399985909462,0.03891199827194214,all_reduce,1024,2048,4096,7168.0
Qwen/Qwen3-8B-Base,49e3418fbbbca6ecbdf9608b4d22e5a407081db4,lr_ar_wire,n/a,2,8,64,,,,,,,n/a,bfloat16,NVIDIA L40S,0,lr_ar_wire_b2,reconstruction,0.014368000440299511,0.014175999909639359,0.015615999698638916,all_reduce,1024,2048,4096,7168.0
Qwen/Qwen3-8B-Base,49e3418fbbbca6ecbdf9608b4d22e5a407081db4,lr_ar_wire,n/a,2,8,64,,,,,,,n/a,bfloat16,NVIDIA L40S,0,lr_ar_wire_b2,total,0.0695360004901886,0.06803199648857117,0.07539200037717819,all_reduce,1024,2048,4096,7168.0
Qwen/Qwen3-8B-Base,49e3418fbbbca6ecbdf9608b4d22e5a407081db4,lr_ar_cap,n/a,2,8,64,,,,,,,n/a,bfloat16,NVIDIA L40S,0,lr_ar_cap_b2,projection,0.013344000093638897,0.013088000006973743,0.015968000516295433,all_reduce,2048,4096,8192,14336.0
Qwen/Qwen3-8B-Base,49e3418fbbbca6ecbdf9608b4d22e5a407081db4,lr_ar_cap,n/a,2,8,64,,,,,,,n/a,bfloat16,NVIDIA L40S,0,lr_ar_cap_b2,collective,0.035711999982595444,0.03455999866127968,0.04137599840760231,all_reduce,2048,4096,8192,14336.0
Qwen/Qwen3-8B-Base,49e3418fbbbca6ecbdf9608b4d22e5a407081db4,lr_ar_cap,n/a,2,8,64,,,,,,,n/a,bfloat16,NVIDIA L40S,0,lr_ar_cap_b2,reconstruction,0.02131200022995472,0.017152000218629837,0.02409599907696247,all_reduce,2048,4096,8192,14336.0
Qwen/Qwen3-8B-Base,49e3418fbbbca6ecbdf9608b4d22e5a407081db4,lr_ar_cap,n/a,2,8,64,,,,,,,n/a,bfloat16,NVIDIA L40S,0,lr_ar_cap_b2,total,0.06753600016236305,0.06355199962854385,0.07372800260782242,all_reduce,2048,4096,8192,14336.0
Qwen/Qwen3-8B-Base,49e3418fbbbca6ecbdf9608b4d22e5a407081db4,c1_ar,n/a,2,8,64,,,,,,,n/a,bfloat16,NVIDIA L40S,0,c1_ar_b2,projection,0.01756799966096878,0.017152000218629837,0.022272000089287758,all_reduce,2048,4096,8192,14336.0
Qwen/Qwen3-8B-Base,49e3418fbbbca6ecbdf9608b4d22e5a407081db4,c1_ar,n/a,2,8,64,,,,,,,n/a,bfloat16,NVIDIA L40S,0,c1_ar_b2,collective,0.03641600161790848,0.03532800078392029,0.03843199834227562,all_reduce,2048,4096,8192,14336.0
Qwen/Qwen3-8B-Base,49e3418fbbbca6ecbdf9608b4d22e5a407081db4,c1_ar,n/a,2,8,64,,,,,,,n/a,bfloat16,NVIDIA L40S,0,c1_ar_b2,reconstruction,0.020576000213623047,0.020128000527620316,0.02348800003528595,all_reduce,2048,4096,8192,14336.0
Qwen/Qwen3-8B-Base,49e3418fbbbca6ecbdf9608b4d22e5a407081db4,c1_ar,n/a,2,8,64,,,,,,,n/a,bfloat16,NVIDIA L40S,0,c1_ar_b2,total,0.094224002212286,0.09193599969148636,0.1043199971318245,all_reduce,2048,4096,8192,14336.0
Qwen/Qwen3-8B-Base,49e3418fbbbca6ecbdf9608b4d22e5a407081db4,basiskv_ag,n/a,2,8,64,,,,,,,n/a,bfloat16,NVIDIA L40S,0,basiskv_ag_b2,projection,0.012703999876976013,0.01244799979031086,0.01360000018030405,all_gather,256,512,1024,7168.0
Qwen/Qwen3-8B-Base,49e3418fbbbca6ecbdf9608b4d22e5a407081db4,basiskv_ag,n/a,2,8,64,,,,,,,n/a,bfloat16,NVIDIA L40S,0,basiskv_ag_b2,collective,0.01679999940097332,0.016287999227643013,0.017791999503970146,all_gather,256,512,1024,7168.0
Qwen/Qwen3-8B-Base,49e3418fbbbca6ecbdf9608b4d22e5a407081db4,basiskv_ag,n/a,2,8,64,,,,,,,n/a,bfloat16,NVIDIA L40S,0,basiskv_ag_b2,reconstruction,0.020416000857949257,0.019999999552965164,0.023520000278949738,all_gather,256,512,1024,7168.0
Qwen/Qwen3-8B-Base,49e3418fbbbca6ecbdf9608b4d22e5a407081db4,basiskv_ag,n/a,2,8,64,,,,,,,n/a,bfloat16,NVIDIA L40S,0,basiskv_ag_b2,total,0.05337600037455559,0.036959998309612274,0.0629120022058487,all_gather,256,512,1024,7168.0
Qwen/Qwen3-8B-Base,49e3418fbbbca6ecbdf9608b4d22e5a407081db4,dense_ar,n/a,2,8,64,,,,,,,n/a,bfloat16,NVIDIA L40S,1,dense_ar_b2,projection,0.013120000250637531,0.012864000163972378,0.01462399959564209,all_reduce,4096,8192,16384,28672.0
Qwen/Qwen3-8B-Base,49e3418fbbbca6ecbdf9608b4d22e5a407081db4,dense_ar,n/a,2,8,64,,,,,,,n/a,bfloat16,NVIDIA L40S,1,dense_ar_b2,collective,0.03670400008559227,0.035392001271247864,0.041280001401901245,all_reduce,4096,8192,16384,28672.0
Qwen/Qwen3-8B-Base,49e3418fbbbca6ecbdf9608b4d22e5a407081db4,dense_ar,n/a,2,8,64,,,,,,,n/a,bfloat16,NVIDIA L40S,1,dense_ar_b2,reconstruction,0.010239999741315842,0.0098879998549819,0.010751999914646149,all_reduce,4096,8192,16384,28672.0
Qwen/Qwen3-8B-Base,49e3418fbbbca6ecbdf9608b4d22e5a407081db4,dense_ar,n/a,2,8,64,,,,,,,n/a,bfloat16,NVIDIA L40S,1,dense_ar_b2,total,0.07703999802470207,0.07542400062084198,0.0817599967122078,all_reduce,4096,8192,16384,28672.0
Qwen/Qwen3-8B-Base,49e3418fbbbca6ecbdf9608b4d22e5a407081db4,lr_ar_wire,n/a,2,8,64,,,,,,,n/a,bfloat16,NVIDIA L40S,1,lr_ar_wire_b2,projection,0.01360000018030405,0.013183999806642532,0.018783999606966972,all_reduce,1024,2048,4096,7168.0
Qwen/Qwen3-8B-Base,49e3418fbbbca6ecbdf9608b4d22e5a407081db4,lr_ar_wire,n/a,2,8,64,,,,,,,n/a,bfloat16,NVIDIA L40S,1,lr_ar_wire_b2,collective,0.03643200173974037,0.035232000052928925,0.03846399858593941,all_reduce,1024,2048,4096,7168.0
Qwen/Qwen3-8B-Base,49e3418fbbbca6ecbdf9608b4d22e5a407081db4,lr_ar_wire,n/a,2,8,64,,,,,,,n/a,bfloat16,NVIDIA L40S,1,lr_ar_wire_b2,reconstruction,0.014336000196635723,0.014112000353634357,0.017023999243974686,all_reduce,1024,2048,4096,7168.0
Qwen/Qwen3-8B-Base,49e3418fbbbca6ecbdf9608b4d22e5a407081db4,lr_ar_wire,n/a,2,8,64,,,,,,,n/a,bfloat16,NVIDIA L40S,1,lr_ar_wire_b2,total,0.06992000341415405,0.06841599941253662,0.07699199765920639,all_reduce,1024,2048,4096,7168.0
Qwen/Qwen3-8B-Base,49e3418fbbbca6ecbdf9608b4d22e5a407081db4,lr_ar_cap,n/a,2,8,64,,,,,,,n/a,bfloat16,NVIDIA L40S,1,lr_ar_cap_b2,projection,0.013376000337302685,0.013088000006973743,0.014368000440299511,all_reduce,2048,4096,8192,14336.0
Qwen/Qwen3-8B-Base,49e3418fbbbca6ecbdf9608b4d22e5a407081db4,lr_ar_cap,n/a,2,8,64,,,,,,,n/a,bfloat16,NVIDIA L40S,1,lr_ar_cap_b2,collective,0.03830400109291077,0.03702399879693985,0.045024000108242035,all_reduce,2048,4096,8192,14336.0
Qwen/Qwen3-8B-Base,49e3418fbbbca6ecbdf9608b4d22e5a407081db4,lr_ar_cap,n/a,2,8,64,,,,,,,n/a,bfloat16,NVIDIA L40S,1,lr_ar_cap_b2,reconstruction,0.017343999817967415,0.016831999644637108,0.0225600004196167,all_reduce,2048,4096,8192,14336.0
Qwen/Qwen3-8B-Base,49e3418fbbbca6ecbdf9608b4d22e5a407081db4,lr_ar_cap,n/a,2,8,64,,,,,,,n/a,bfloat16,NVIDIA L40S,1,lr_ar_cap_b2,total,0.06851200014352798,0.06672000139951706,0.07366400212049484,all_reduce,2048,4096,8192,14336.0
Qwen/Qwen3-8B-Base,49e3418fbbbca6ecbdf9608b4d22e5a407081db4,c1_ar,n/a,2,8,64,,,,,,,n/a,bfloat16,NVIDIA L40S,1,c1_ar_b2,projection,0.017535999417304993,0.017184000462293625,0.021183999255299568,all_reduce,2048,4096,8192,14336.0
Qwen/Qwen3-8B-Base,49e3418fbbbca6ecbdf9608b4d22e5a407081db4,c1_ar,n/a,2,8,64,,,,,,,n/a,bfloat16,NVIDIA L40S,1,c1_ar_b2,collective,0.03611199930310249,0.03468799963593483,0.04531199857592583,all_reduce,2048,4096,8192,14336.0
Qwen/Qwen3-8B-Base,49e3418fbbbca6ecbdf9608b4d22e5a407081db4,c1_ar,n/a,2,8,64,,,,,,,n/a,bfloat16,NVIDIA L40S,1,c1_ar_b2,reconstruction,0.02059200033545494,0.020160000771284103,0.02412799932062626,all_reduce,2048,4096,8192,14336.0
Qwen/Qwen3-8B-Base,49e3418fbbbca6ecbdf9608b4d22e5a407081db4,c1_ar,n/a,2,8,64,,,,,,,n/a,bfloat16,NVIDIA L40S,1,c1_ar_b2,total,0.09187199920415878,0.09004800021648407,0.09929600358009338,all_reduce,2048,4096,8192,14336.0
Qwen/Qwen3-8B-Base,49e3418fbbbca6ecbdf9608b4d22e5a407081db4,basiskv_ag,n/a,2,8,64,,,,,,,n/a,bfloat16,NVIDIA L40S,1,basiskv_ag_b2,projection,0.012655999977141619,0.01235199999064207,0.014783999882638454,all_gather,256,512,1024,7168.0
Qwen/Qwen3-8B-Base,49e3418fbbbca6ecbdf9608b4d22e5a407081db4,basiskv_ag,n/a,2,8,64,,,,,,,n/a,bfloat16,NVIDIA L40S,1,basiskv_ag_b2,collective,0.016767999157309532,0.016256000846624374,0.01772800087928772,all_gather,256,512,1024,7168.0
Qwen/Qwen3-8B-Base,49e3418fbbbca6ecbdf9608b4d22e5a407081db4,basiskv_ag,n/a,2,8,64,,,,,,,n/a,bfloat16,NVIDIA L40S,1,basiskv_ag_b2,reconstruction,0.020479999482631683,0.019999999552965164,0.023615999147295952,all_gather,256,512,1024,7168.0
Qwen/Qwen3-8B-Base,49e3418fbbbca6ecbdf9608b4d22e5a407081db4,basiskv_ag,n/a,2,8,64,,,,,,,n/a,bfloat16,NVIDIA L40S,1,basiskv_ag_b2,total,0.05382400006055832,0.036320000886917114,0.06467200070619583,all_gather,256,512,1024,7168.0
Qwen/Qwen3-8B-Base,49e3418fbbbca6ecbdf9608b4d22e5a407081db4,dense_ar,n/a,2,8,64,,,,,,,n/a,bfloat16,NVIDIA L40S,2,dense_ar_b2,projection,0.013344000093638897,0.013055999763309956,0.01414399966597557,all_reduce,4096,8192,16384,28672.0
Qwen/Qwen3-8B-Base,49e3418fbbbca6ecbdf9608b4d22e5a407081db4,dense_ar,n/a,2,8,64,,,,,,,n/a,bfloat16,NVIDIA L40S,2,dense_ar_b2,collective,0.03643200173974037,0.03500799834728241,0.0382080003619194,all_reduce,4096,8192,16384,28672.0
Qwen/Qwen3-8B-Base,49e3418fbbbca6ecbdf9608b4d22e5a407081db4,dense_ar,n/a,2,8,64,,,,,,,n/a,bfloat16,NVIDIA L40S,2,dense_ar_b2,reconstruction,0.009983999654650688,0.009727999567985535,0.011552000418305397,all_reduce,4096,8192,16384,28672.0
Qwen/Qwen3-8B-Base,49e3418fbbbca6ecbdf9608b4d22e5a407081db4,dense_ar,n/a,2,8,64,,,,,,,n/a,bfloat16,NVIDIA L40S,2,dense_ar_b2,total,0.07731200009584427,0.07555200159549713,0.08476799726486206,all_reduce,4096,8192,16384,28672.0
Qwen/Qwen3-8B-Base,49e3418fbbbca6ecbdf9608b4d22e5a407081db4,lr_ar_wire,n/a,2,8,64,,,,,,,n/a,bfloat16,NVIDIA L40S,2,lr_ar_wire_b2,projection,0.013344000093638897,0.013024000450968742,0.015904000028967857,all_reduce,1024,2048,4096,7168.0
Qwen/Qwen3-8B-Base,49e3418fbbbca6ecbdf9608b4d22e5a407081db4,lr_ar_wire,n/a,2,8,64,,,,,,,n/a,bfloat16,NVIDIA L40S,2,lr_ar_wire_b2,collective,0.03606399893760681,0.03500799834728241,0.03852799907326698,all_reduce,1024,2048,4096,7168.0
Qwen/Qwen3-8B-Base,49e3418fbbbca6ecbdf9608b4d22e5a407081db4,lr_ar_wire,n/a,2,8,64,,,,,,,n/a,bfloat16,NVIDIA L40S,2,lr_ar_wire_b2,reconstruction,0.014336000196635723,0.014112000353634357,0.015072000212967396,all_reduce,1024,2048,4096,7168.0
Qwen/Qwen3-8B-Base,49e3418fbbbca6ecbdf9608b4d22e5a407081db4,lr_ar_wire,n/a,2,8,64,,,,,,,n/a,bfloat16,NVIDIA L40S,2,lr_ar_wire_b2,total,0.0687200017273426,0.06406400352716446,0.07462400197982788,all_reduce,1024,2048,4096,7168.0
Qwen/Qwen3-8B-Base,49e3418fbbbca6ecbdf9608b4d22e5a407081db4,lr_ar_cap,n/a,2,8,64,,,,,,,n/a,bfloat16,NVIDIA L40S,2,lr_ar_cap_b2,projection,0.013311999849975109,0.013024000450968742,0.014431999996304512,all_reduce,2048,4096,8192,14336.0
Qwen/Qwen3-8B-Base,49e3418fbbbca6ecbdf9608b4d22e5a407081db4,lr_ar_cap,n/a,2,8,64,,,,,,,n/a,bfloat16,NVIDIA L40S,2,lr_ar_cap_b2,collective,0.03739200159907341,0.03593600168824196,0.04009599983692169,all_reduce,2048,4096,8192,14336.0
Qwen/Qwen3-8B-Base,49e3418fbbbca6ecbdf9608b4d22e5a407081db4,lr_ar_cap,n/a,2,8,64,,,,,,,n/a,bfloat16,NVIDIA L40S,2,lr_ar_cap_b2,reconstruction,0.019759999588131905,0.01696000061929226,0.023391999304294586,all_reduce,2048,4096,8192,14336.0
Qwen/Qwen3-8B-Base,49e3418fbbbca6ecbdf9608b4d22e5a407081db4,lr_ar_cap,n/a,2,8,64,,,,,,,n/a,bfloat16,NVIDIA L40S,2,lr_ar_cap_b2,total,0.07368000224232674,0.06623999774456024,0.08819200098514557,all_reduce,2048,4096,8192,14336.0
Qwen/Qwen3-8B-Base,49e3418fbbbca6ecbdf9608b4d22e5a407081db4,c1_ar,n/a,2,8,64,,,,,,,n/a,bfloat16,NVIDIA L40S,2,c1_ar_b2,projection,0.02187200076878071,0.018783999606966972,0.02595200017094612,all_reduce,2048,4096,8192,14336.0
Qwen/Qwen3-8B-Base,49e3418fbbbca6ecbdf9608b4d22e5a407081db4,c1_ar,n/a,2,8,64,,,,,,,n/a,bfloat16,NVIDIA L40S,2,c1_ar_b2,collective,0.03814399987459183,0.03488000109791756,0.04742399975657463,all_reduce,2048,4096,8192,14336.0
Qwen/Qwen3-8B-Base,49e3418fbbbca6ecbdf9608b4d22e5a407081db4,c1_ar,n/a,2,8,64,,,,,,,n/a,bfloat16,NVIDIA L40S,2,c1_ar_b2,reconstruction,0.023552000522613525,0.020576000213623047,0.026976000517606735,all_reduce,2048,4096,8192,14336.0
Qwen/Qwen3-8B-Base,49e3418fbbbca6ecbdf9608b4d22e5a407081db4,c1_ar,n/a,2,8,64,,,,,,,n/a,bfloat16,NVIDIA L40S,2,c1_ar_b2,total,0.09886400029063225,0.09167999774217606,0.11241599917411804,all_reduce,2048,4096,8192,14336.0
Qwen/Qwen3-8B-Base,49e3418fbbbca6ecbdf9608b4d22e5a407081db4,basiskv_ag,n/a,2,8,64,,,,,,,n/a,bfloat16,NVIDIA L40S,2,basiskv_ag_b2,projection,0.02131200022995472,0.01881599985063076,0.02518399991095066,all_gather,256,512,1024,7168.0
Qwen/Qwen3-8B-Base,49e3418fbbbca6ecbdf9608b4d22e5a407081db4,basiskv_ag,n/a,2,8,64,,,,,,,n/a,bfloat16,NVIDIA L40S,2,basiskv_ag_b2,collective,0.01732799969613552,0.016575999557971954,0.0191040001809597,all_gather,256,512,1024,7168.0
Qwen/Qwen3-8B-Base,49e3418fbbbca6ecbdf9608b4d22e5a407081db4,basiskv_ag,n/a,2,8,64,,,,,,,n/a,bfloat16,NVIDIA L40S,2,basiskv_ag_b2,reconstruction,0.021727999672293663,0.02022399939596653,0.02486399933695793,all_gather,256,512,1024,7168.0
Qwen/Qwen3-8B-Base,49e3418fbbbca6ecbdf9608b4d22e5a407081db4,basiskv_ag,n/a,2,8,64,,,,,,,n/a,bfloat16,NVIDIA L40S,2,basiskv_ag_b2,total,0.04057599976658821,0.03651199862360954,0.051872000098228455,all_gather,256,512,1024,7168.0
Qwen/Qwen3-8B-Base,49e3418fbbbca6ecbdf9608b4d22e5a407081db4,dense_ar,n/a,4,8,64,,,,,,,n/a,bfloat16,NVIDIA L40S,0,dense_ar_b4,projection,0.013535999692976475,0.013024000450968742,0.018912000581622124,all_reduce,4096,16384,32768,57344.0
Qwen/Qwen3-8B-Base,49e3418fbbbca6ecbdf9608b4d22e5a407081db4,dense_ar,n/a,4,8,64,,,,,,,n/a,bfloat16,NVIDIA L40S,0,dense_ar_b4,collective,0.03604799881577492,0.03446400165557861,0.04278400167822838,all_reduce,4096,16384,32768,57344.0
Qwen/Qwen3-8B-Base,49e3418fbbbca6ecbdf9608b4d22e5a407081db4,dense_ar,n/a,4,8,64,,,,,,,n/a,bfloat16,NVIDIA L40S,0,dense_ar_b4,reconstruction,0.010080000385642052,0.009824000298976898,0.012256000190973282,all_reduce,4096,16384,32768,57344.0
Qwen/Qwen3-8B-Base,49e3418fbbbca6ecbdf9608b4d22e5a407081db4,dense_ar,n/a,4,8,64,,,,,,,n/a,bfloat16,NVIDIA L40S,0,dense_ar_b4,total,0.07811199873685837,0.07347200065851212,0.09292799979448318,all_reduce,4096,16384,32768,57344.0
Qwen/Qwen3-8B-Base,49e3418fbbbca6ecbdf9608b4d22e5a407081db4,lr_ar_wire,n/a,4,8,64,,,,,,,n/a,bfloat16,NVIDIA L40S,0,lr_ar_wire_b4,projection,0.020304000005126,0.01775999926030636,0.023711999878287315,all_reduce,1024,4096,8192,14336.0
Qwen/Qwen3-8B-Base,49e3418fbbbca6ecbdf9608b4d22e5a407081db4,lr_ar_wire,n/a,4,8,64,,,,,,,n/a,bfloat16,NVIDIA L40S,0,lr_ar_wire_b4,collective,0.03915200009942055,0.0344959981739521,0.04598399996757507,all_reduce,1024,4096,8192,14336.0
Qwen/Qwen3-8B-Base,49e3418fbbbca6ecbdf9608b4d22e5a407081db4,lr_ar_wire,n/a,4,8,64,,,,,,,n/a,bfloat16,NVIDIA L40S,0,lr_ar_wire_b4,reconstruction,0.01696000061929226,0.014816000126302242,0.020320000126957893,all_reduce,1024,4096,8192,14336.0
Qwen/Qwen3-8B-Base,49e3418fbbbca6ecbdf9608b4d22e5a407081db4,lr_ar_wire,n/a,4,8,64,,,,,,,n/a,bfloat16,NVIDIA L40S,0,lr_ar_wire_b4,total,0.07097600027918816,0.06649599969387054,0.08233600109815598,all_reduce,1024,4096,8192,14336.0
Qwen/Qwen3-8B-Base,49e3418fbbbca6ecbdf9608b4d22e5a407081db4,lr_ar_cap,n/a,4,8,64,,,,,,,n/a,bfloat16,NVIDIA L40S,0,lr_ar_cap_b4,projection,0.016607999801635742,0.015424000099301338,0.020416000857949257,all_reduce,2048,8192,16384,28672.0
Qwen/Qwen3-8B-Base,49e3418fbbbca6ecbdf9608b4d22e5a407081db4,lr_ar_cap,n/a,4,8,64,,,,,,,n/a,bfloat16,NVIDIA L40S,0,lr_ar_cap_b4,collective,0.036720000207424164,0.035232000052928925,0.04182400181889534,all_reduce,2048,8192,16384,28672.0
Qwen/Qwen3-8B-Base,49e3418fbbbca6ecbdf9608b4d22e5a407081db4,lr_ar_cap,n/a,4,8,64,,,,,,,n/a,bfloat16,NVIDIA L40S,0,lr_ar_cap_b4,reconstruction,0.017583999782800674,0.016992000862956047,0.02070399932563305,all_reduce,2048,8192,16384,28672.0
Qwen/Qwen3-8B-Base,49e3418fbbbca6ecbdf9608b4d22e5a407081db4,lr_ar_cap,n/a,4,8,64,,,,,,,n/a,bfloat16,NVIDIA L40S,0,lr_ar_cap_b4,total,0.06937599927186966,0.06771200150251389,0.07843200117349625,all_reduce,2048,8192,16384,28672.0
Qwen/Qwen3-8B-Base,49e3418fbbbca6ecbdf9608b4d22e5a407081db4,c1_ar,n/a,4,8,64,,,,,,,n/a,bfloat16,NVIDIA L40S,0,c1_ar_b4,projection,0.020368000492453575,0.01711999997496605,0.02505600079894066,all_reduce,2048,8192,16384,28672.0
Qwen/Qwen3-8B-Base,49e3418fbbbca6ecbdf9608b4d22e5a407081db4,c1_ar,n/a,4,8,64,,,,,,,n/a,bfloat16,NVIDIA L40S,0,c1_ar_b4,collective,0.03787200152873993,0.03641600161790848,0.0432640016078949,all_reduce,2048,8192,16384,28672.0
Qwen/Qwen3-8B-Base,49e3418fbbbca6ecbdf9608b4d22e5a407081db4,c1_ar,n/a,4,8,64,,,,,,,n/a,bfloat16,NVIDIA L40S,0,c1_ar_b4,reconstruction,0.024639999493956566,0.023231999948620796,0.02672000043094158,all_reduce,2048,8192,16384,28672.0
Qwen/Qwen3-8B-Base,49e3418fbbbca6ecbdf9608b4d22e5a407081db4,c1_ar,n/a,4,8,64,,,,,,,n/a,bfloat16,NVIDIA L40S,0,c1_ar_b4,total,0.09545599669218063,0.091839998960495,0.10937599837779999,all_reduce,2048,8192,16384,28672.0
Qwen/Qwen3-8B-Base,49e3418fbbbca6ecbdf9608b4d22e5a407081db4,basiskv_ag,n/a,4,8,64,,,,,,,n/a,bfloat16,NVIDIA L40S,0,basiskv_ag_b4,projection,0.012768000364303589,0.012415999546647072,0.017216000705957413,all_gather,256,1024,2048,14336.0
Qwen/Qwen3-8B-Base,49e3418fbbbca6ecbdf9608b4d22e5a407081db4,basiskv_ag,n/a,4,8,64,,,,,,,n/a,bfloat16,NVIDIA L40S,0,basiskv_ag_b4,collective,0.017983999103307724,0.01740800030529499,0.01881599985063076,all_gather,256,1024,2048,14336.0
Qwen/Qwen3-8B-Base,49e3418fbbbca6ecbdf9608b4d22e5a407081db4,basiskv_ag,n/a,4,8,64,,,,,,,n/a,bfloat16,NVIDIA L40S,0,basiskv_ag_b4,reconstruction,0.02051199972629547,0.019999999552965164,0.02425600029528141,all_gather,256,1024,2048,14336.0
Qwen/Qwen3-8B-Base,49e3418fbbbca6ecbdf9608b4d22e5a407081db4,basiskv_ag,n/a,4,8,64,,,,,,,n/a,bfloat16,NVIDIA L40S,0,basiskv_ag_b4,total,0.0384799987077713,0.03734400123357773,0.04419200122356415,all_gather,256,1024,2048,14336.0
Qwen/Qwen3-8B-Base,49e3418fbbbca6ecbdf9608b4d22e5a407081db4,dense_ar,n/a,4,8,64,,,,,,,n/a,bfloat16,NVIDIA L40S,1,dense_ar_b4,projection,0.013327999971807003,0.012927999719977379,0.01696000061929226,all_reduce,4096,16384,32768,57344.0
Qwen/Qwen3-8B-Base,49e3418fbbbca6ecbdf9608b4d22e5a407081db4,dense_ar,n/a,4,8,64,,,,,,,n/a,bfloat16,NVIDIA L40S,1,dense_ar_b4,collective,0.034272000193595886,0.03276799991726875,0.04156799986958504,all_reduce,4096,16384,32768,57344.0
Qwen/Qwen3-8B-Base,49e3418fbbbca6ecbdf9608b4d22e5a407081db4,dense_ar,n/a,4,8,64,,,,,,,n/a,bfloat16,NVIDIA L40S,1,dense_ar_b4,reconstruction,0.009983999654650688,0.009759999811649323,0.012927999719977379,all_reduce,4096,16384,32768,57344.0
Qwen/Qwen3-8B-Base,49e3418fbbbca6ecbdf9608b4d22e5a407081db4,dense_ar,n/a,4,8,64,,,,,,,n/a,bfloat16,NVIDIA L40S,1,dense_ar_b4,total,0.07795199751853943,0.07443200051784515,0.09359999746084213,all_reduce,4096,16384,32768,57344.0
Qwen/Qwen3-8B-Base,49e3418fbbbca6ecbdf9608b4d22e5a407081db4,lr_ar_wire,n/a,4,8,64,,,,,,,n/a,bfloat16,NVIDIA L40S,1,lr_ar_wire_b4,projection,0.013728000223636627,0.013183999806642532,0.018688000738620758,all_reduce,1024,4096,8192,14336.0
Qwen/Qwen3-8B-Base,49e3418fbbbca6ecbdf9608b4d22e5a407081db4,lr_ar_wire,n/a,4,8,64,,,,,,,n/a,bfloat16,NVIDIA L40S,1,lr_ar_wire_b4,collective,0.03604799881577492,0.03440000116825104,0.04419200122356415,all_reduce,1024,4096,8192,14336.0
Qwen/Qwen3-8B-Base,49e3418fbbbca6ecbdf9608b4d22e5a407081db4,lr_ar_wire,n/a,4,8,64,,,,,,,n/a,bfloat16,NVIDIA L40S,1,lr_ar_wire_b4,reconstruction,0.016224000602960587,0.014560000039637089,0.018912000581622124,all_reduce,1024,4096,8192,14336.0
Qwen/Qwen3-8B-Base,49e3418fbbbca6ecbdf9608b4d22e5a407081db4,lr_ar_wire,n/a,4,8,64,,,,,,,n/a,bfloat16,NVIDIA L40S,1,lr_ar_wire_b4,total,0.06945599988102913,0.06678400188684464,0.08249600231647491,all_reduce,1024,4096,8192,14336.0
Qwen/Qwen3-8B-Base,49e3418fbbbca6ecbdf9608b4d22e5a407081db4,lr_ar_cap,n/a,4,8,64,,,,,,,n/a,bfloat16,NVIDIA L40S,1,lr_ar_cap_b4,projection,0.014527999795973301,0.013183999806642532,0.018592000007629395,all_reduce,2048,8192,16384,28672.0
Qwen/Qwen3-8B-Base,49e3418fbbbca6ecbdf9608b4d22e5a407081db4,lr_ar_cap,n/a,4,8,64,,,,,,,n/a,bfloat16,NVIDIA L40S,1,lr_ar_cap_b4,collective,0.03617599979043007,0.034623999148607254,0.043935999274253845,all_reduce,2048,8192,16384,28672.0
Qwen/Qwen3-8B-Base,49e3418fbbbca6ecbdf9608b4d22e5a407081db4,lr_ar_cap,n/a,4,8,64,,,,,,,n/a,bfloat16,NVIDIA L40S,1,lr_ar_cap_b4,reconstruction,0.017775999382138252,0.016767999157309532,0.021088000386953354,all_reduce,2048,8192,16384,28672.0
Qwen/Qwen3-8B-Base,49e3418fbbbca6ecbdf9608b4d22e5a407081db4,lr_ar_cap,n/a,4,8,64,,,,,,,n/a,bfloat16,NVIDIA L40S,1,lr_ar_cap_b4,total,0.06801600009202957,0.06620799750089645,0.07897599786520004,all_reduce,2048,8192,16384,28672.0
Qwen/Qwen3-8B-Base,49e3418fbbbca6ecbdf9608b4d22e5a407081db4,c1_ar,n/a,4,8,64,,,,,,,n/a,bfloat16,NVIDIA L40S,1,c1_ar_b4,projection,0.01775999926030636,0.017216000705957413,0.02486399933695793,all_reduce,2048,8192,16384,28672.0
Qwen/Qwen3-8B-Base,49e3418fbbbca6ecbdf9608b4d22e5a407081db4,c1_ar,n/a,4,8,64,,,,,,,n/a,bfloat16,NVIDIA L40S,1,c1_ar_b4,collective,0.035999998450279236,0.034143999218940735,0.041152000427246094,all_reduce,2048,8192,16384,28672.0
Qwen/Qwen3-8B-Base,49e3418fbbbca6ecbdf9608b4d22e5a407081db4,c1_ar,n/a,4,8,64,,,,,,,n/a,bfloat16,NVIDIA L40S,1,c1_ar_b4,reconstruction,0.024191999807953835,0.020416000857949257,0.02643200010061264,all_reduce,2048,8192,16384,28672.0
Qwen/Qwen3-8B-Base,49e3418fbbbca6ecbdf9608b4d22e5a407081db4,c1_ar,n/a,4,8,64,,,,,,,n/a,bfloat16,NVIDIA L40S,1,c1_ar_b4,total,0.09347200021147728,0.09116800129413605,0.1035199984908104,all_reduce,2048,8192,16384,28672.0
Qwen/Qwen3-8B-Base,49e3418fbbbca6ecbdf9608b4d22e5a407081db4,basiskv_ag,n/a,4,8,64,,,,,,,n/a,bfloat16,NVIDIA L40S,1,basiskv_ag_b4,projection,0.012736000120639801,0.01244799979031086,0.016063999384641647,all_gather,256,1024,2048,14336.0
Qwen/Qwen3-8B-Base,49e3418fbbbca6ecbdf9608b4d22e5a407081db4,basiskv_ag,n/a,4,8,64,,,,,,,n/a,bfloat16,NVIDIA L40S,1,basiskv_ag_b4,collective,0.017872000113129616,0.017376000061631203,0.018719999119639397,all_gather,256,1024,2048,14336.0
Qwen/Qwen3-8B-Base,49e3418fbbbca6ecbdf9608b4d22e5a407081db4,basiskv_ag,n/a,4,8,64,,,,,,,n/a,bfloat16,NVIDIA L40S,1,basiskv_ag_b4,reconstruction,0.02070399932563305,0.020191999152302742,0.024032000452280045,all_gather,256,1024,2048,14336.0
Qwen/Qwen3-8B-Base,49e3418fbbbca6ecbdf9608b4d22e5a407081db4,basiskv_ag,n/a,4,8,64,,,,,,,n/a,bfloat16,NVIDIA L40S,1,basiskv_ag_b4,total,0.037856001406908035,0.03721600025892258,0.03932800143957138,all_gather,256,1024,2048,14336.0
Qwen/Qwen3-8B-Base,49e3418fbbbca6ecbdf9608b4d22e5a407081db4,dense_ar,n/a,4,8,64,,,,,,,n/a,bfloat16,NVIDIA L40S,2,dense_ar_b4,projection,0.013344000093638897,0.013055999763309956,0.017023999243974686,all_reduce,4096,16384,32768,57344.0
Qwen/Qwen3-8B-Base,49e3418fbbbca6ecbdf9608b4d22e5a407081db4,dense_ar,n/a,4,8,64,,,,,,,n/a,bfloat16,NVIDIA L40S,2,dense_ar_b4,collective,0.0395519994199276,0.036031998693943024,0.0549440011382103,all_reduce,4096,16384,32768,57344.0
Qwen/Qwen3-8B-Base,49e3418fbbbca6ecbdf9608b4d22e5a407081db4,dense_ar,n/a,4,8,64,,,,,,,n/a,bfloat16,NVIDIA L40S,2,dense_ar_b4,reconstruction,0.010288000106811523,0.009824000298976898,0.013824000023305416,all_reduce,4096,16384,32768,57344.0
Qwen/Qwen3-8B-Base,49e3418fbbbca6ecbdf9608b4d22e5a407081db4,dense_ar,n/a,4,8,64,,,,,,,n/a,bfloat16,NVIDIA L40S,2,dense_ar_b4,total,0.07747200131416321,0.07427199929952621,0.09414400160312653,all_reduce,4096,16384,32768,57344.0
Qwen/Qwen3-8B-Base,49e3418fbbbca6ecbdf9608b4d22e5a407081db4,lr_ar_wire,n/a,4,8,64,,,,,,,n/a,bfloat16,NVIDIA L40S,2,lr_ar_wire_b4,projection,0.013439999893307686,0.013024000450968742,0.01727999933063984,all_reduce,1024,4096,8192,14336.0
Qwen/Qwen3-8B-Base,49e3418fbbbca6ecbdf9608b4d22e5a407081db4,lr_ar_wire,n/a,4,8,64,,,,,,,n/a,bfloat16,NVIDIA L40S,2,lr_ar_wire_b4,collective,0.03580800071358681,0.034432001411914825,0.04028800129890442,all_reduce,1024,4096,8192,14336.0
Qwen/Qwen3-8B-Base,49e3418fbbbca6ecbdf9608b4d22e5a407081db4,lr_ar_wire,n/a,4,8,64,,,,,,,n/a,bfloat16,NVIDIA L40S,2,lr_ar_wire_b4,reconstruction,0.014527999795973301,0.014240000396966934,0.016896000131964684,all_reduce,1024,4096,8192,14336.0
Qwen/Qwen3-8B-Base,49e3418fbbbca6ecbdf9608b4d22e5a407081db4,lr_ar_wire,n/a,4,8,64,,,,,,,n/a,bfloat16,NVIDIA L40S,2,lr_ar_wire_b4,total,0.06585600227117538,0.06355199962854385,0.07715199887752533,all_reduce,1024,4096,8192,14336.0
Qwen/Qwen3-8B-Base,49e3418fbbbca6ecbdf9608b4d22e5a407081db4,lr_ar_cap,n/a,4,8,64,,,,,,,n/a,bfloat16,NVIDIA L40S,2,lr_ar_cap_b4,projection,0.015647999942302704,0.013120000250637531,0.018751999363303185,all_reduce,2048,8192,16384,28672.0
Qwen/Qwen3-8B-Base,49e3418fbbbca6ecbdf9608b4d22e5a407081db4,lr_ar_cap,n/a,4,8,64,,,,,,,n/a,bfloat16,NVIDIA L40S,2,lr_ar_cap_b4,collective,0.03622400015592575,0.03392000123858452,0.04294399917125702,all_reduce,2048,8192,16384,28672.0
Qwen/Qwen3-8B-Base,49e3418fbbbca6ecbdf9608b4d22e5a407081db4,lr_ar_cap,n/a,4,8,64,,,,,,,n/a,bfloat16,NVIDIA L40S,2,lr_ar_cap_b4,reconstruction,0.017791999503970146,0.016992000862956047,0.020191999152302742,all_reduce,2048,8192,16384,28672.0
Qwen/Qwen3-8B-Base,49e3418fbbbca6ecbdf9608b4d22e5a407081db4,lr_ar_cap,n/a,4,8,64,,,,,,,n/a,bfloat16,NVIDIA L40S,2,lr_ar_cap_b4,total,0.07001599669456482,0.06800000369548798,0.08259200304746628,all_reduce,2048,8192,16384,28672.0
Qwen/Qwen3-8B-Base,49e3418fbbbca6ecbdf9608b4d22e5a407081db4,c1_ar,n/a,4,8,64,,,,,,,n/a,bfloat16,NVIDIA L40S,2,c1_ar_b4,projection,0.01744000054895878,0.017023999243974686,0.02160000056028366,all_reduce,2048,8192,16384,28672.0
Qwen/Qwen3-8B-Base,49e3418fbbbca6ecbdf9608b4d22e5a407081db4,c1_ar,n/a,4,8,64,,,,,,,n/a,bfloat16,NVIDIA L40S,2,c1_ar_b4,collective,0.03473600000143051,0.033504001796245575,0.04265600070357323,all_reduce,2048,8192,16384,28672.0
Qwen/Qwen3-8B-Base,49e3418fbbbca6ecbdf9608b4d22e5a407081db4,c1_ar,n/a,4,8,64,,,,,,,n/a,bfloat16,NVIDIA L40S,2,c1_ar_b4,reconstruction,0.02062400057911873,0.020128000527620316,0.024992000311613083,all_reduce,2048,8192,16384,28672.0
Qwen/Qwen3-8B-Base,49e3418fbbbca6ecbdf9608b4d22e5a407081db4,c1_ar,n/a,4,8,64,,,,,,,n/a,bfloat16,NVIDIA L40S,2,c1_ar_b4,total,0.08924800157546997,0.08671999722719193,0.09830400347709656,all_reduce,2048,8192,16384,28672.0
Qwen/Qwen3-8B-Base,49e3418fbbbca6ecbdf9608b4d22e5a407081db4,basiskv_ag,n/a,4,8,64,,,,,,,n/a,bfloat16,NVIDIA L40S,2,basiskv_ag_b4,projection,0.012992000207304955,0.012480000033974648,0.017855999991297722,all_gather,256,1024,2048,14336.0
Qwen/Qwen3-8B-Base,49e3418fbbbca6ecbdf9608b4d22e5a407081db4,basiskv_ag,n/a,4,8,64,,,,,,,n/a,bfloat16,NVIDIA L40S,2,basiskv_ag_b4,collective,0.027967999689280987,0.01759999990463257,0.03465599939227104,all_gather,256,1024,2048,14336.0
Qwen/Qwen3-8B-Base,49e3418fbbbca6ecbdf9608b4d22e5a407081db4,basiskv_ag,n/a,4,8,64,,,,,,,n/a,bfloat16,NVIDIA L40S,2,basiskv_ag_b4,reconstruction,0.02127999998629093,0.020576000213623047,0.02412799932062626,all_gather,256,1024,2048,14336.0
Qwen/Qwen3-8B-Base,49e3418fbbbca6ecbdf9608b4d22e5a407081db4,basiskv_ag,n/a,4,8,64,,,,,,,n/a,bfloat16,NVIDIA L40S,2,basiskv_ag_b4,total,0.04249599948525429,0.03836800158023834,0.05692800134420395,all_gather,256,1024,2048,14336.0
Qwen/Qwen3-8B-Base,49e3418fbbbca6ecbdf9608b4d22e5a407081db4,dense_ar,n/a,8,8,64,,,,,,,n/a,bfloat16,NVIDIA L40S,0,dense_ar_b8,projection,0.013344000093638897,0.012992000207304955,0.017216000705957413,all_reduce,4096,32768,65536,114688.0
Qwen/Qwen3-8B-Base,49e3418fbbbca6ecbdf9608b4d22e5a407081db4,dense_ar,n/a,8,8,64,,,,,,,n/a,bfloat16,NVIDIA L40S,0,dense_ar_b8,collective,0.0363520011305809,0.035071998834609985,0.03932800143957138,all_reduce,4096,32768,65536,114688.0
Qwen/Qwen3-8B-Base,49e3418fbbbca6ecbdf9608b4d22e5a407081db4,dense_ar,n/a,8,8,64,,,,,,,n/a,bfloat16,NVIDIA L40S,0,dense_ar_b8,reconstruction,0.009952000342309475,0.009696000255644321,0.011008000001311302,all_reduce,4096,32768,65536,114688.0
Qwen/Qwen3-8B-Base,49e3418fbbbca6ecbdf9608b4d22e5a407081db4,dense_ar,n/a,8,8,64,,,,,,,n/a,bfloat16,NVIDIA L40S,0,dense_ar_b8,total,0.07612799853086472,0.07260800153017044,0.08390399813652039,all_reduce,4096,32768,65536,114688.0
Qwen/Qwen3-8B-Base,49e3418fbbbca6ecbdf9608b4d22e5a407081db4,lr_ar_wire,n/a,8,8,64,,,,,,,n/a,bfloat16,NVIDIA L40S,0,lr_ar_wire_b8,projection,0.019680000841617584,0.013248000293970108,0.023231999948620796,all_reduce,1024,8192,16384,28672.0
Qwen/Qwen3-8B-Base,49e3418fbbbca6ecbdf9608b4d22e5a407081db4,lr_ar_wire,n/a,8,8,64,,,,,,,n/a,bfloat16,NVIDIA L40S,0,lr_ar_wire_b8,collective,0.03670400008559227,0.03564799949526787,0.04287999868392944,all_reduce,1024,8192,16384,28672.0
Qwen/Qwen3-8B-Base,49e3418fbbbca6ecbdf9608b4d22e5a407081db4,lr_ar_wire,n/a,8,8,64,,,,,,,n/a,bfloat16,NVIDIA L40S,0,lr_ar_wire_b8,reconstruction,0.014655999839305878,0.014368000440299511,0.017791999503970146,all_reduce,1024,8192,16384,28672.0
Qwen/Qwen3-8B-Base,49e3418fbbbca6ecbdf9608b4d22e5a407081db4,lr_ar_wire,n/a,8,8,64,,,,,,,n/a,bfloat16,NVIDIA L40S,0,lr_ar_wire_b8,total,0.0700799971818924,0.06771200150251389,0.08022399991750717,all_reduce,1024,8192,16384,28672.0
Qwen/Qwen3-8B-Base,49e3418fbbbca6ecbdf9608b4d22e5a407081db4,lr_ar_cap,n/a,8,8,64,,,,,,,n/a,bfloat16,NVIDIA L40S,0,lr_ar_cap_b8,projection,0.013407999649643898,0.013055999763309956,0.01648000068962574,all_reduce,2048,16384,32768,57344.0
Qwen/Qwen3-8B-Base,49e3418fbbbca6ecbdf9608b4d22e5a407081db4,lr_ar_cap,n/a,8,8,64,,,,,,,n/a,bfloat16,NVIDIA L40S,0,lr_ar_cap_b8,collective,0.03646400012075901,0.03513599932193756,0.042688000947237015,all_reduce,2048,16384,32768,57344.0
Qwen/Qwen3-8B-Base,49e3418fbbbca6ecbdf9608b4d22e5a407081db4,lr_ar_cap,n/a,8,8,64,,,,,,,n/a,bfloat16,NVIDIA L40S,0,lr_ar_cap_b8,reconstruction,0.01756799966096878,0.016863999888300896,0.0208320003002882,all_reduce,2048,16384,32768,57344.0
Qwen/Qwen3-8B-Base,49e3418fbbbca6ecbdf9608b4d22e5a407081db4,lr_ar_cap,n/a,8,8,64,,,,,,,n/a,bfloat16,NVIDIA L40S,0,lr_ar_cap_b8,total,0.06652799993753433,0.06304000318050385,0.07868800312280655,all_reduce,2048,16384,32768,57344.0
Qwen/Qwen3-8B-Base,49e3418fbbbca6ecbdf9608b4d22e5a407081db4,c1_ar,n/a,8,8,64,,,,,,,n/a,bfloat16,NVIDIA L40S,0,c1_ar_b8,projection,0.017616000026464462,0.017055999487638474,0.02287999913096428,all_reduce,2048,16384,32768,57344.0
Qwen/Qwen3-8B-Base,49e3418fbbbca6ecbdf9608b4d22e5a407081db4,c1_ar,n/a,8,8,64,,,,,,,n/a,bfloat16,NVIDIA L40S,0,c1_ar_b8,collective,0.03883200138807297,0.03718400001525879,0.045791998505592346,all_reduce,2048,16384,32768,57344.0
Qwen/Qwen3-8B-Base,49e3418fbbbca6ecbdf9608b4d22e5a407081db4,c1_ar,n/a,8,8,64,,,,,,,n/a,bfloat16,NVIDIA L40S,0,c1_ar_b8,reconstruction,0.01788800023496151,0.01759999990463257,0.019999999552965164,all_reduce,2048,16384,32768,57344.0
Qwen/Qwen3-8B-Base,49e3418fbbbca6ecbdf9608b4d22e5a407081db4,c1_ar,n/a,8,8,64,,,,,,,n/a,bfloat16,NVIDIA L40S,0,c1_ar_b8,total,0.09193599969148636,0.08860799670219421,0.10320000350475311,all_reduce,2048,16384,32768,57344.0
Qwen/Qwen3-8B-Base,49e3418fbbbca6ecbdf9608b4d22e5a407081db4,basiskv_ag,n/a,8,8,64,,,,,,,n/a,bfloat16,NVIDIA L40S,0,basiskv_ag_b8,projection,0.013008000329136848,0.012512000277638435,0.017855999991297722,all_gather,256,2048,4096,28672.0
Qwen/Qwen3-8B-Base,49e3418fbbbca6ecbdf9608b4d22e5a407081db4,basiskv_ag,n/a,8,8,64,,,,,,,n/a,bfloat16,NVIDIA L40S,0,basiskv_ag_b8,collective,0.01945599913597107,0.018912000581622124,0.019999999552965164,all_gather,256,2048,4096,28672.0
Qwen/Qwen3-8B-Base,49e3418fbbbca6ecbdf9608b4d22e5a407081db4,basiskv_ag,n/a,8,8,64,,,,,,,n/a,bfloat16,NVIDIA L40S,0,basiskv_ag_b8,reconstruction,0.018063999712467194,0.01788800023496151,0.018303999677300453,all_gather,256,2048,4096,28672.0
Qwen/Qwen3-8B-Base,49e3418fbbbca6ecbdf9608b4d22e5a407081db4,basiskv_ag,n/a,8,8,64,,,,,,,n/a,bfloat16,NVIDIA L40S,0,basiskv_ag_b8,total,0.039135999977588654,0.03846399858593941,0.04016000032424927,all_gather,256,2048,4096,28672.0
Qwen/Qwen3-8B-Base,49e3418fbbbca6ecbdf9608b4d22e5a407081db4,dense_ar,n/a,8,8,64,,,,,,,n/a,bfloat16,NVIDIA L40S,1,dense_ar_b8,projection,0.013311999849975109,0.012992000207304955,0.01708799973130226,all_reduce,4096,32768,65536,114688.0
Qwen/Qwen3-8B-Base,49e3418fbbbca6ecbdf9608b4d22e5a407081db4,dense_ar,n/a,8,8,64,,,,,,,n/a,bfloat16,NVIDIA L40S,1,dense_ar_b8,collective,0.03651199862360954,0.03516799956560135,0.04281599819660187,all_reduce,4096,32768,65536,114688.0
Qwen/Qwen3-8B-Base,49e3418fbbbca6ecbdf9608b4d22e5a407081db4,dense_ar,n/a,8,8,64,,,,,,,n/a,bfloat16,NVIDIA L40S,1,dense_ar_b8,reconstruction,0.010304000228643417,0.0098879998549819,0.01881599985063076,all_reduce,4096,32768,65536,114688.0
Qwen/Qwen3-8B-Base,49e3418fbbbca6ecbdf9608b4d22e5a407081db4,dense_ar,n/a,8,8,64,,,,,,,n/a,bfloat16,NVIDIA L40S,1,dense_ar_b8,total,0.07593599706888199,0.07295999675989151,0.0870399996638298,all_reduce,4096,32768,65536,114688.0
Qwen/Qwen3-8B-Base,49e3418fbbbca6ecbdf9608b4d22e5a407081db4,lr_ar_wire,n/a,8,8,64,,,,,,,n/a,bfloat16,NVIDIA L40S,1,lr_ar_wire_b8,projection,0.013520000036805868,0.013055999763309956,0.018783999606966972,all_reduce,1024,8192,16384,28672.0
Qwen/Qwen3-8B-Base,49e3418fbbbca6ecbdf9608b4d22e5a407081db4,lr_ar_wire,n/a,8,8,64,,,,,,,n/a,bfloat16,NVIDIA L40S,1,lr_ar_wire_b8,collective,0.03799999877810478,0.03574400022625923,0.048576001077890396,all_reduce,1024,8192,16384,28672.0
Qwen/Qwen3-8B-Base,49e3418fbbbca6ecbdf9608b4d22e5a407081db4,lr_ar_wire,n/a,8,8,64,,,,,,,n/a,bfloat16,NVIDIA L40S,1,lr_ar_wire_b8,reconstruction,0.014832000248134136,0.014368000440299511,0.018848000094294548,all_reduce,1024,8192,16384,28672.0
Qwen/Qwen3-8B-Base,49e3418fbbbca6ecbdf9608b4d22e5a407081db4,lr_ar_wire,n/a,8,8,64,,,,,,,n/a,bfloat16,NVIDIA L40S,1,lr_ar_wire_b8,total,0.0690079964697361,0.06748799979686737,0.07660800218582153,all_reduce,1024,8192,16384,28672.0
Qwen/Qwen3-8B-Base,49e3418fbbbca6ecbdf9608b4d22e5a407081db4,lr_ar_cap,n/a,8,8,64,,,,,,,n/a,bfloat16,NVIDIA L40S,1,lr_ar_cap_b8,projection,0.013439999893307686,0.013055999763309956,0.016992000862956047,all_reduce,2048,16384,32768,57344.0
Qwen/Qwen3-8B-Base,49e3418fbbbca6ecbdf9608b4d22e5a407081db4,lr_ar_cap,n/a,8,8,64,,,,,,,n/a,bfloat16,NVIDIA L40S,1,lr_ar_cap_b8,collective,0.034832000732421875,0.0331839993596077,0.03948799893260002,all_reduce,2048,16384,32768,57344.0
Qwen/Qwen3-8B-Base,49e3418fbbbca6ecbdf9608b4d22e5a407081db4,lr_ar_cap,n/a,8,8,64,,,,,,,n/a,bfloat16,NVIDIA L40S,1,lr_ar_cap_b8,reconstruction,0.017343999817967415,0.016831999644637108,0.019936000928282738,all_reduce,2048,16384,32768,57344.0
Qwen/Qwen3-8B-Base,49e3418fbbbca6ecbdf9608b4d22e5a407081db4,lr_ar_cap,n/a,8,8,64,,,,,,,n/a,bfloat16,NVIDIA L40S,1,lr_ar_cap_b8,total,0.0671519972383976,0.06454399973154068,0.07686399668455124,all_reduce,2048,16384,32768,57344.0
Qwen/Qwen3-8B-Base,49e3418fbbbca6ecbdf9608b4d22e5a407081db4,c1_ar,n/a,8,8,64,,,,,,,n/a,bfloat16,NVIDIA L40S,1,c1_ar_b8,projection,0.018672000616788864,0.017376000061631203,0.025728000327944756,all_reduce,2048,16384,32768,57344.0
Qwen/Qwen3-8B-Base,49e3418fbbbca6ecbdf9608b4d22e5a407081db4,c1_ar,n/a,8,8,64,,,,,,,n/a,bfloat16,NVIDIA L40S,1,c1_ar_b8,collective,0.03743999823927879,0.035711999982595444,0.04585599899291992,all_reduce,2048,16384,32768,57344.0
Qwen/Qwen3-8B-Base,49e3418fbbbca6ecbdf9608b4d22e5a407081db4,c1_ar,n/a,8,8,64,,,,,,,n/a,bfloat16,NVIDIA L40S,1,c1_ar_b8,reconstruction,0.017952000722289085,0.017664000391960144,0.018783999606966972,all_reduce,2048,16384,32768,57344.0
Qwen/Qwen3-8B-Base,49e3418fbbbca6ecbdf9608b4d22e5a407081db4,c1_ar,n/a,8,8,64,,,,,,,n/a,bfloat16,NVIDIA L40S,1,c1_ar_b8,total,0.0899839997291565,0.08764799684286118,0.09827200323343277,all_reduce,2048,16384,32768,57344.0
Qwen/Qwen3-8B-Base,49e3418fbbbca6ecbdf9608b4d22e5a407081db4,basiskv_ag,n/a,8,8,64,,,,,,,n/a,bfloat16,NVIDIA L40S,1,basiskv_ag_b8,projection,0.012671999633312225,0.01244799979031086,0.015168000012636185,all_gather,256,2048,4096,28672.0
Qwen/Qwen3-8B-Base,49e3418fbbbca6ecbdf9608b4d22e5a407081db4,basiskv_ag,n/a,8,8,64,,,,,,,n/a,bfloat16,NVIDIA L40S,1,basiskv_ag_b8,collective,0.01958400011062622,0.01913600042462349,0.020735999569296837,all_gather,256,2048,4096,28672.0
Qwen/Qwen3-8B-Base,49e3418fbbbca6ecbdf9608b4d22e5a407081db4,basiskv_ag,n/a,8,8,64,,,,,,,n/a,bfloat16,NVIDIA L40S,1,basiskv_ag_b8,reconstruction,0.018079999834299088,0.01788800023496151,0.018464000895619392,all_gather,256,2048,4096,28672.0
Qwen/Qwen3-8B-Base,49e3418fbbbca6ecbdf9608b4d22e5a407081db4,basiskv_ag,n/a,8,8,64,,,,,,,n/a,bfloat16,NVIDIA L40S,1,basiskv_ag_b8,total,0.04676799848675728,0.0387520007789135,0.05910399928689003,all_gather,256,2048,4096,28672.0
Qwen/Qwen3-8B-Base,49e3418fbbbca6ecbdf9608b4d22e5a407081db4,dense_ar,n/a,8,8,64,,,,,,,n/a,bfloat16,NVIDIA L40S,2,dense_ar_b8,projection,0.013279999606311321,0.013024000450968742,0.01571200042963028,all_reduce,4096,32768,65536,114688.0
Qwen/Qwen3-8B-Base,49e3418fbbbca6ecbdf9608b4d22e5a407081db4,dense_ar,n/a,8,8,64,,,,,,,n/a,bfloat16,NVIDIA L40S,2,dense_ar_b8,collective,0.038336001336574554,0.035711999982595444,0.04585599899291992,all_reduce,4096,32768,65536,114688.0
Qwen/Qwen3-8B-Base,49e3418fbbbca6ecbdf9608b4d22e5a407081db4,dense_ar,n/a,8,8,64,,,,,,,n/a,bfloat16,NVIDIA L40S,2,dense_ar_b8,reconstruction,0.010048000141978264,0.009696000255644321,0.0144640002399683,all_reduce,4096,32768,65536,114688.0
Qwen/Qwen3-8B-Base,49e3418fbbbca6ecbdf9608b4d22e5a407081db4,dense_ar,n/a,8,8,64,,,,,,,n/a,bfloat16,NVIDIA L40S,2,dense_ar_b8,total,0.07560000196099281,0.07353600114583969,0.08528000116348267,all_reduce,4096,32768,65536,114688.0
Qwen/Qwen3-8B-Base,49e3418fbbbca6ecbdf9608b4d22e5a407081db4,lr_ar_wire,n/a,8,8,64,,,,,,,n/a,bfloat16,NVIDIA L40S,2,lr_ar_wire_b8,projection,0.013279999606311321,0.013024000450968742,0.017376000061631203,all_reduce,1024,8192,16384,28672.0
Qwen/Qwen3-8B-Base,49e3418fbbbca6ecbdf9608b4d22e5a407081db4,lr_ar_wire,n/a,8,8,64,,,,,,,n/a,bfloat16,NVIDIA L40S,2,lr_ar_wire_b8,collective,0.0359519999474287,0.034143999218940735,0.04287999868392944,all_reduce,1024,8192,16384,28672.0
Qwen/Qwen3-8B-Base,49e3418fbbbca6ecbdf9608b4d22e5a407081db4,lr_ar_wire,n/a,8,8,64,,,,,,,n/a,bfloat16,NVIDIA L40S,2,lr_ar_wire_b8,reconstruction,0.016127999871969223,0.014976000413298607,0.019999999552965164,all_reduce,1024,8192,16384,28672.0
Qwen/Qwen3-8B-Base,49e3418fbbbca6ecbdf9608b4d22e5a407081db4,lr_ar_wire,n/a,8,8,64,,,,,,,n/a,bfloat16,NVIDIA L40S,2,lr_ar_wire_b8,total,0.06942399963736534,0.06748799979686737,0.07827199995517731,all_reduce,1024,8192,16384,28672.0
Qwen/Qwen3-8B-Base,49e3418fbbbca6ecbdf9608b4d22e5a407081db4,lr_ar_cap,n/a,8,8,64,,,,,,,n/a,bfloat16,NVIDIA L40S,2,lr_ar_cap_b8,projection,0.019807999953627586,0.013791999779641628,0.022911999374628067,all_reduce,2048,16384,32768,57344.0
Qwen/Qwen3-8B-Base,49e3418fbbbca6ecbdf9608b4d22e5a407081db4,lr_ar_cap,n/a,8,8,64,,,,,,,n/a,bfloat16,NVIDIA L40S,2,lr_ar_cap_b8,collective,0.03726400062441826,0.03392000123858452,0.04156799986958504,all_reduce,2048,16384,32768,57344.0
Qwen/Qwen3-8B-Base,49e3418fbbbca6ecbdf9608b4d22e5a407081db4,lr_ar_cap,n/a,8,8,64,,,,,,,n/a,bfloat16,NVIDIA L40S,2,lr_ar_cap_b8,reconstruction,0.01809599995613098,0.017023999243974686,0.02099199965596199,all_reduce,2048,16384,32768,57344.0
Qwen/Qwen3-8B-Base,49e3418fbbbca6ecbdf9608b4d22e5a407081db4,lr_ar_cap,n/a,8,8,64,,,,,,,n/a,bfloat16,NVIDIA L40S,2,lr_ar_cap_b8,total,0.06507200002670288,0.06355199962854385,0.07347200065851212,all_reduce,2048,16384,32768,57344.0
Qwen/Qwen3-8B-Base,49e3418fbbbca6ecbdf9608b4d22e5a407081db4,c1_ar,n/a,8,8,64,,,,,,,n/a,bfloat16,NVIDIA L40S,2,c1_ar_b8,projection,0.017472000792622566,0.017055999487638474,0.023135999217629433,all_reduce,2048,16384,32768,57344.0
Qwen/Qwen3-8B-Base,49e3418fbbbca6ecbdf9608b4d22e5a407081db4,c1_ar,n/a,8,8,64,,,,,,,n/a,bfloat16,NVIDIA L40S,2,c1_ar_b8,collective,0.03593599982559681,0.03471999987959862,0.040511999279260635,all_reduce,2048,16384,32768,57344.0
Qwen/Qwen3-8B-Base,49e3418fbbbca6ecbdf9608b4d22e5a407081db4,c1_ar,n/a,8,8,64,,,,,,,n/a,bfloat16,NVIDIA L40S,2,c1_ar_b8,reconstruction,0.017855999991297722,0.017632000148296356,0.0226879995316267,all_reduce,2048,16384,32768,57344.0
Qwen/Qwen3-8B-Base,49e3418fbbbca6ecbdf9608b4d22e5a407081db4,c1_ar,n/a,8,8,64,,,,,,,n/a,bfloat16,NVIDIA L40S,2,c1_ar_b8,total,0.09220800176262856,0.08793599903583527,0.1035199984908104,all_reduce,2048,16384,32768,57344.0
Qwen/Qwen3-8B-Base,49e3418fbbbca6ecbdf9608b4d22e5a407081db4,basiskv_ag,n/a,8,8,64,,,,,,,n/a,bfloat16,NVIDIA L40S,2,basiskv_ag_b8,projection,0.012703999876976013,0.012480000033974648,0.016704000532627106,all_gather,256,2048,4096,28672.0
Qwen/Qwen3-8B-Base,49e3418fbbbca6ecbdf9608b4d22e5a407081db4,basiskv_ag,n/a,8,8,64,,,,,,,n/a,bfloat16,NVIDIA L40S,2,basiskv_ag_b8,collective,0.01942400075495243,0.01897599920630455,0.020031999796628952,all_gather,256,2048,4096,28672.0
Qwen/Qwen3-8B-Base,49e3418fbbbca6ecbdf9608b4d22e5a407081db4,basiskv_ag,n/a,8,8,64,,,,,,,n/a,bfloat16,NVIDIA L40S,2,basiskv_ag_b8,reconstruction,0.022223999723792076,0.018112000077962875,0.02505600079894066,all_gather,256,2048,4096,28672.0
Qwen/Qwen3-8B-Base,49e3418fbbbca6ecbdf9608b4d22e5a407081db4,basiskv_ag,n/a,8,8,64,,,,,,,n/a,bfloat16,NVIDIA L40S,2,basiskv_ag_b8,total,0.039264000952243805,0.03846399858593941,0.04032000154256821,all_gather,256,2048,4096,28672.0
Qwen/Qwen3-8B-Base,49e3418fbbbca6ecbdf9608b4d22e5a407081db4,dense_ar,n/a,16,8,64,,,,,,,n/a,bfloat16,NVIDIA L40S,0,dense_ar_b16,projection,0.013344000093638897,0.012959999963641167,0.016992000862956047,all_reduce,4096,65536,131072,229376.0
Qwen/Qwen3-8B-Base,49e3418fbbbca6ecbdf9608b4d22e5a407081db4,dense_ar,n/a,16,8,64,,,,,,,n/a,bfloat16,NVIDIA L40S,0,dense_ar_b16,collective,0.04940799996256828,0.048928000032901764,0.05020799860358238,all_reduce,4096,65536,131072,229376.0
Qwen/Qwen3-8B-Base,49e3418fbbbca6ecbdf9608b4d22e5a407081db4,dense_ar,n/a,16,8,64,,,,,,,n/a,bfloat16,NVIDIA L40S,0,dense_ar_b16,reconstruction,0.009983999654650688,0.009759999811649323,0.012575999833643436,all_reduce,4096,65536,131072,229376.0
Qwen/Qwen3-8B-Base,49e3418fbbbca6ecbdf9608b4d22e5a407081db4,dense_ar,n/a,16,8,64,,,,,,,n/a,bfloat16,NVIDIA L40S,0,dense_ar_b16,total,0.0796000026166439,0.07667200267314911,0.0907839983701706,all_reduce,4096,65536,131072,229376.0
Qwen/Qwen3-8B-Base,49e3418fbbbca6ecbdf9608b4d22e5a407081db4,lr_ar_wire,n/a,16,8,64,,,,,,,n/a,bfloat16,NVIDIA L40S,0,lr_ar_wire_b16,projection,0.01812800019979477,0.013344000093638897,0.02179200015962124,all_reduce,1024,16384,32768,57344.0
Qwen/Qwen3-8B-Base,49e3418fbbbca6ecbdf9608b4d22e5a407081db4,lr_ar_wire,n/a,16,8,64,,,,,,,n/a,bfloat16,NVIDIA L40S,0,lr_ar_wire_b16,collective,0.04238399863243103,0.03680000081658363,0.056384000927209854,all_reduce,1024,16384,32768,57344.0
Qwen/Qwen3-8B-Base,49e3418fbbbca6ecbdf9608b4d22e5a407081db4,lr_ar_wire,n/a,16,8,64,,,,,,,n/a,bfloat16,NVIDIA L40S,0,lr_ar_wire_b16,reconstruction,0.015519999898970127,0.01532800029963255,0.018464000895619392,all_reduce,1024,16384,32768,57344.0
Qwen/Qwen3-8B-Base,49e3418fbbbca6ecbdf9608b4d22e5a407081db4,lr_ar_wire,n/a,16,8,64,,,,,,,n/a,bfloat16,NVIDIA L40S,0,lr_ar_wire_b16,total,0.06431999802589417,0.06284800171852112,0.07385600358247757,all_reduce,1024,16384,32768,57344.0
Qwen/Qwen3-8B-Base,49e3418fbbbca6ecbdf9608b4d22e5a407081db4,lr_ar_cap,n/a,16,8,64,,,,,,,n/a,bfloat16,NVIDIA L40S,0,lr_ar_cap_b16,projection,0.013551999814808369,0.013055999763309956,0.017983999103307724,all_reduce,2048,32768,65536,114688.0
Qwen/Qwen3-8B-Base,49e3418fbbbca6ecbdf9608b4d22e5a407081db4,lr_ar_cap,n/a,16,8,64,,,,,,,n/a,bfloat16,NVIDIA L40S,0,lr_ar_cap_b16,collective,0.03763199970126152,0.03564799949526787,0.042847998440265656,all_reduce,2048,32768,65536,114688.0
Qwen/Qwen3-8B-Base,49e3418fbbbca6ecbdf9608b4d22e5a407081db4,lr_ar_cap,n/a,16,8,64,,,,,,,n/a,bfloat16,NVIDIA L40S,0,lr_ar_cap_b16,reconstruction,0.017487999983131886,0.016704000532627106,0.020447999238967896,all_reduce,2048,32768,65536,114688.0
Qwen/Qwen3-8B-Base,49e3418fbbbca6ecbdf9608b4d22e5a407081db4,lr_ar_cap,n/a,16,8,64,,,,,,,n/a,bfloat16,NVIDIA L40S,0,lr_ar_cap_b16,total,0.07004799693822861,0.0666240006685257,0.08083199709653854,all_reduce,2048,32768,65536,114688.0
Qwen/Qwen3-8B-Base,49e3418fbbbca6ecbdf9608b4d22e5a407081db4,c1_ar,n/a,16,8,64,,,,,,,n/a,bfloat16,NVIDIA L40S,0,c1_ar_b16,projection,0.018240000121295452,0.01708799973130226,0.027327999472618103,all_reduce,2048,32768,65536,114688.0
Qwen/Qwen3-8B-Base,49e3418fbbbca6ecbdf9608b4d22e5a407081db4,c1_ar,n/a,16,8,64,,,,,,,n/a,bfloat16,NVIDIA L40S,0,c1_ar_b16,collective,0.03747199848294258,0.034432001411914825,0.04153599962592125,all_reduce,2048,32768,65536,114688.0
Qwen/Qwen3-8B-Base,49e3418fbbbca6ecbdf9608b4d22e5a407081db4,c1_ar,n/a,16,8,64,,,,,,,n/a,bfloat16,NVIDIA L40S,0,c1_ar_b16,reconstruction,0.024447999894618988,0.02143999934196472,0.02755199931561947,all_reduce,2048,32768,65536,114688.0
Qwen/Qwen3-8B-Base,49e3418fbbbca6ecbdf9608b4d22e5a407081db4,c1_ar,n/a,16,8,64,,,,,,,n/a,bfloat16,NVIDIA L40S,0,c1_ar_b16,total,0.0931360013782978,0.088639996945858,0.1061440035700798,all_reduce,2048,32768,65536,114688.0
Qwen/Qwen3-8B-Base,49e3418fbbbca6ecbdf9608b4d22e5a407081db4,basiskv_ag,n/a,16,8,64,,,,,,,n/a,bfloat16,NVIDIA L40S,0,basiskv_ag_b16,projection,0.012959999963641167,0.012512000277638435,0.018015999346971512,all_gather,256,4096,8192,57344.0
Qwen/Qwen3-8B-Base,49e3418fbbbca6ecbdf9608b4d22e5a407081db4,basiskv_ag,n/a,16,8,64,,,,,,,n/a,bfloat16,NVIDIA L40S,0,basiskv_ag_b16,collective,0.021983999758958817,0.020735999569296837,0.025696000084280968,all_gather,256,4096,8192,57344.0
Qwen/Qwen3-8B-Base,49e3418fbbbca6ecbdf9608b4d22e5a407081db4,basiskv_ag,n/a,16,8,64,,,,,,,n/a,bfloat16,NVIDIA L40S,0,basiskv_ag_b16,reconstruction,0.020447999238967896,0.02022399939596653,0.020800000056624413,all_gather,256,4096,8192,57344.0
Qwen/Qwen3-8B-Base,49e3418fbbbca6ecbdf9608b4d22e5a407081db4,basiskv_ag,n/a,16,8,64,,,,,,,n/a,bfloat16,NVIDIA L40S,0,basiskv_ag_b16,total,0.043136000633239746,0.042399998754262924,0.04412800073623657,all_gather,256,4096,8192,57344.0
Qwen/Qwen3-8B-Base,49e3418fbbbca6ecbdf9608b4d22e5a407081db4,dense_ar,n/a,16,8,64,,,,,,,n/a,bfloat16,NVIDIA L40S,1,dense_ar_b16,projection,0.01321600005030632,0.012896000407636166,0.016767999157309532,all_reduce,4096,65536,131072,229376.0
Qwen/Qwen3-8B-Base,49e3418fbbbca6ecbdf9608b4d22e5a407081db4,dense_ar,n/a,16,8,64,,,,,,,n/a,bfloat16,NVIDIA L40S,1,dense_ar_b16,collective,0.050016000866889954,0.04912000149488449,0.05145600065588951,all_reduce,4096,65536,131072,229376.0
Qwen/Qwen3-8B-Base,49e3418fbbbca6ecbdf9608b4d22e5a407081db4,dense_ar,n/a,16,8,64,,,,,,,n/a,bfloat16,NVIDIA L40S,1,dense_ar_b16,reconstruction,0.009983999654650688,0.009727999567985535,0.011231999844312668,all_reduce,4096,65536,131072,229376.0
Qwen/Qwen3-8B-Base,49e3418fbbbca6ecbdf9608b4d22e5a407081db4,dense_ar,n/a,16,8,64,,,,,,,n/a,bfloat16,NVIDIA L40S,1,dense_ar_b16,total,0.07780799642205238,0.07446400076150894,0.08816000074148178,all_reduce,4096,65536,131072,229376.0
Qwen/Qwen3-8B-Base,49e3418fbbbca6ecbdf9608b4d22e5a407081db4,lr_ar_wire,n/a,16,8,64,,,,,,,n/a,bfloat16,NVIDIA L40S,1,lr_ar_wire_b16,projection,0.013311999849975109,0.012959999963641167,0.017152000218629837,all_reduce,1024,16384,32768,57344.0
Qwen/Qwen3-8B-Base,49e3418fbbbca6ecbdf9608b4d22e5a407081db4,lr_ar_wire,n/a,16,8,64,,,,,,,n/a,bfloat16,NVIDIA L40S,1,lr_ar_wire_b16,collective,0.036159999668598175,0.03488000109791756,0.03977600112557411,all_reduce,1024,16384,32768,57344.0
Qwen/Qwen3-8B-Base,49e3418fbbbca6ecbdf9608b4d22e5a407081db4,lr_ar_wire,n/a,16,8,64,,,,,,,n/a,bfloat16,NVIDIA L40S,1,lr_ar_wire_b16,reconstruction,0.01548799965530634,0.015263999812304974,0.017952000722289085,all_reduce,1024,16384,32768,57344.0
Qwen/Qwen3-8B-Base,49e3418fbbbca6ecbdf9608b4d22e5a407081db4,lr_ar_wire,n/a,16,8,64,,,,,,,n/a,bfloat16,NVIDIA L40S,1,lr_ar_wire_b16,total,0.06326399743556976,0.06172800064086914,0.07177600264549255,all_reduce,1024,16384,32768,57344.0
Qwen/Qwen3-8B-Base,49e3418fbbbca6ecbdf9608b4d22e5a407081db4,lr_ar_cap,n/a,16,8,64,,,,,,,n/a,bfloat16,NVIDIA L40S,1,lr_ar_cap_b16,projection,0.013632000423967838,0.01321600005030632,0.017535999417304993,all_reduce,2048,32768,65536,114688.0
Qwen/Qwen3-8B-Base,49e3418fbbbca6ecbdf9608b4d22e5a407081db4,lr_ar_cap,n/a,16,8,64,,,,,,,n/a,bfloat16,NVIDIA L40S,1,lr_ar_cap_b16,collective,0.03705599904060364,0.03551999852061272,0.043168000876903534,all_reduce,2048,32768,65536,114688.0
Qwen/Qwen3-8B-Base,49e3418fbbbca6ecbdf9608b4d22e5a407081db4,lr_ar_cap,n/a,16,8,64,,,,,,,n/a,bfloat16,NVIDIA L40S,1,lr_ar_cap_b16,reconstruction,0.01692800037562847,0.016607999801635742,0.020479999482631683,all_reduce,2048,32768,65536,114688.0
Qwen/Qwen3-8B-Base,49e3418fbbbca6ecbdf9608b4d22e5a407081db4,lr_ar_cap,n/a,16,8,64,,,,,,,n/a,bfloat16,NVIDIA L40S,1,lr_ar_cap_b16,total,0.06779200211167336,0.06480000168085098,0.07887999713420868,all_reduce,2048,32768,65536,114688.0
Qwen/Qwen3-8B-Base,49e3418fbbbca6ecbdf9608b4d22e5a407081db4,c1_ar,n/a,16,8,64,,,,,,,n/a,bfloat16,NVIDIA L40S,1,c1_ar_b16,projection,0.017472000792622566,0.017023999243974686,0.022816000506281853,all_reduce,2048,32768,65536,114688.0
Qwen/Qwen3-8B-Base,49e3418fbbbca6ecbdf9608b4d22e5a407081db4,c1_ar,n/a,16,8,64,,,,,,,n/a,bfloat16,NVIDIA L40S,1,c1_ar_b16,collective,0.03643200173974037,0.03516799956560135,0.03936000168323517,all_reduce,2048,32768,65536,114688.0
Qwen/Qwen3-8B-Base,49e3418fbbbca6ecbdf9608b4d22e5a407081db4,c1_ar,n/a,16,8,64,,,,,,,n/a,bfloat16,NVIDIA L40S,1,c1_ar_b16,reconstruction,0.020608000457286835,0.02038400061428547,0.020896000787615776,all_reduce,2048,32768,65536,114688.0
Qwen/Qwen3-8B-Base,49e3418fbbbca6ecbdf9608b4d22e5a407081db4,c1_ar,n/a,16,8,64,,,,,,,n/a,bfloat16,NVIDIA L40S,1,c1_ar_b16,total,0.08630400151014328,0.08374399691820145,0.0958079993724823,all_reduce,2048,32768,65536,114688.0
Qwen/Qwen3-8B-Base,49e3418fbbbca6ecbdf9608b4d22e5a407081db4,basiskv_ag,n/a,16,8,64,,,,,,,n/a,bfloat16,NVIDIA L40S,1,basiskv_ag_b16,projection,0.012799999676644802,0.01244799979031086,0.016448000445961952,all_gather,256,4096,8192,57344.0
Qwen/Qwen3-8B-Base,49e3418fbbbca6ecbdf9608b4d22e5a407081db4,basiskv_ag,n/a,16,8,64,,,,,,,n/a,bfloat16,NVIDIA L40S,1,basiskv_ag_b16,collective,0.02179200015962124,0.020640000700950623,0.024639999493956566,all_gather,256,4096,8192,57344.0
Qwen/Qwen3-8B-Base,49e3418fbbbca6ecbdf9608b4d22e5a407081db4,basiskv_ag,n/a,16,8,64,,,,,,,n/a,bfloat16,NVIDIA L40S,1,basiskv_ag_b16,reconstruction,0.02051199972629547,0.020191999152302742,0.023840000852942467,all_gather,256,4096,8192,57344.0
Qwen/Qwen3-8B-Base,49e3418fbbbca6ecbdf9608b4d22e5a407081db4,basiskv_ag,n/a,16,8,64,,,,,,,n/a,bfloat16,NVIDIA L40S,1,basiskv_ag_b16,total,0.04307200014591217,0.042399998754262924,0.04412800073623657,all_gather,256,4096,8192,57344.0
Qwen/Qwen3-8B-Base,49e3418fbbbca6ecbdf9608b4d22e5a407081db4,dense_ar,n/a,16,8,64,,,,,,,n/a,bfloat16,NVIDIA L40S,2,dense_ar_b16,projection,0.018991999328136444,0.014112000353634357,0.02287999913096428,all_reduce,4096,65536,131072,229376.0
Qwen/Qwen3-8B-Base,49e3418fbbbca6ecbdf9608b4d22e5a407081db4,dense_ar,n/a,16,8,64,,,,,,,n/a,bfloat16,NVIDIA L40S,2,dense_ar_b16,collective,0.04934399947524071,0.04879999905824661,0.05008000135421753,all_reduce,4096,65536,131072,229376.0
Qwen/Qwen3-8B-Base,49e3418fbbbca6ecbdf9608b4d22e5a407081db4,dense_ar,n/a,16,8,64,,,,,,,n/a,bfloat16,NVIDIA L40S,2,dense_ar_b16,reconstruction,0.010064000263810158,0.00979200005531311,0.011744000017642975,all_reduce,4096,65536,131072,229376.0
Qwen/Qwen3-8B-Base,49e3418fbbbca6ecbdf9608b4d22e5a407081db4,dense_ar,n/a,16,8,64,,,,,,,n/a,bfloat16,NVIDIA L40S,2,dense_ar_b16,total,0.07956800237298012,0.07542400062084198,0.0891840010881424,all_reduce,4096,65536,131072,229376.0
Qwen/Qwen3-8B-Base,49e3418fbbbca6ecbdf9608b4d22e5a407081db4,lr_ar_wire,n/a,16,8,64,,,,,,,n/a,bfloat16,NVIDIA L40S,2,lr_ar_wire_b16,projection,0.013423999771475792,0.013055999763309956,0.017983999103307724,all_reduce,1024,16384,32768,57344.0
Qwen/Qwen3-8B-Base,49e3418fbbbca6ecbdf9608b4d22e5a407081db4,lr_ar_wire,n/a,16,8,64,,,,,,,n/a,bfloat16,NVIDIA L40S,2,lr_ar_wire_b16,collective,0.0358240008354187,0.03455999866127968,0.04009599983692169,all_reduce,1024,16384,32768,57344.0
Qwen/Qwen3-8B-Base,49e3418fbbbca6ecbdf9608b4d22e5a407081db4,lr_ar_wire,n/a,16,8,64,,,,,,,n/a,bfloat16,NVIDIA L40S,2,lr_ar_wire_b16,reconstruction,0.015968000516295433,0.015296000055968761,0.01945599913597107,all_reduce,1024,16384,32768,57344.0
Qwen/Qwen3-8B-Base,49e3418fbbbca6ecbdf9608b4d22e5a407081db4,lr_ar_wire,n/a,16,8,64,,,,,,,n/a,bfloat16,NVIDIA L40S,2,lr_ar_wire_b16,total,0.06815999746322632,0.06547199934720993,0.07702399790287018,all_reduce,1024,16384,32768,57344.0
Qwen/Qwen3-8B-Base,49e3418fbbbca6ecbdf9608b4d22e5a407081db4,lr_ar_cap,n/a,16,8,64,,,,,,,n/a,bfloat16,NVIDIA L40S,2,lr_ar_cap_b16,projection,0.019967999309301376,0.017823999747633934,0.023104000836610794,all_reduce,2048,32768,65536,114688.0
Qwen/Qwen3-8B-Base,49e3418fbbbca6ecbdf9608b4d22e5a407081db4,lr_ar_cap,n/a,16,8,64,,,,,,,n/a,bfloat16,NVIDIA L40S,2,lr_ar_cap_b16,collective,0.03548799827694893,0.03417599946260452,0.03753599897027016,all_reduce,2048,32768,65536,114688.0
Qwen/Qwen3-8B-Base,49e3418fbbbca6ecbdf9608b4d22e5a407081db4,lr_ar_cap,n/a,16,8,64,,,,,,,n/a,bfloat16,NVIDIA L40S,2,lr_ar_cap_b16,reconstruction,0.01711999997496605,0.016575999557971954,0.020608000457286835,all_reduce,2048,32768,65536,114688.0
Qwen/Qwen3-8B-Base,49e3418fbbbca6ecbdf9608b4d22e5a407081db4,lr_ar_cap,n/a,16,8,64,,,,,,,n/a,bfloat16,NVIDIA L40S,2,lr_ar_cap_b16,total,0.06697600334882736,0.06400000303983688,0.07465600222349167,all_reduce,2048,32768,65536,114688.0
Qwen/Qwen3-8B-Base,49e3418fbbbca6ecbdf9608b4d22e5a407081db4,c1_ar,n/a,16,8,64,,,,,,,n/a,bfloat16,NVIDIA L40S,2,c1_ar_b16,projection,0.017535999417304993,0.017152000218629837,0.02191999927163124,all_reduce,2048,32768,65536,114688.0
Qwen/Qwen3-8B-Base,49e3418fbbbca6ecbdf9608b4d22e5a407081db4,c1_ar,n/a,16,8,64,,,,,,,n/a,bfloat16,NVIDIA L40S,2,c1_ar_b16,collective,0.03620800003409386,0.03494400158524513,0.04185599833726883,all_reduce,2048,32768,65536,114688.0
Qwen/Qwen3-8B-Base,49e3418fbbbca6ecbdf9608b4d22e5a407081db4,c1_ar,n/a,16,8,64,,,,,,,n/a,bfloat16,NVIDIA L40S,2,c1_ar_b16,reconstruction,0.020576000213623047,0.02038400061428547,0.020927999168634415,all_reduce,2048,32768,65536,114688.0
Qwen/Qwen3-8B-Base,49e3418fbbbca6ecbdf9608b4d22e5a407081db4,c1_ar,n/a,16,8,64,,,,,,,n/a,bfloat16,NVIDIA L40S,2,c1_ar_b16,total,0.08905600011348724,0.08611200004816055,0.10320000350475311,all_reduce,2048,32768,65536,114688.0
Qwen/Qwen3-8B-Base,49e3418fbbbca6ecbdf9608b4d22e5a407081db4,basiskv_ag,n/a,16,8,64,,,,,,,n/a,bfloat16,NVIDIA L40S,2,basiskv_ag_b16,projection,0.013743999879807234,0.012575999833643436,0.018112000077962875,all_gather,256,4096,8192,57344.0
Qwen/Qwen3-8B-Base,49e3418fbbbca6ecbdf9608b4d22e5a407081db4,basiskv_ag,n/a,16,8,64,,,,,,,n/a,bfloat16,NVIDIA L40S,2,basiskv_ag_b16,collective,0.020800000056624413,0.02038400061428547,0.02143999934196472,all_gather,256,4096,8192,57344.0
Qwen/Qwen3-8B-Base,49e3418fbbbca6ecbdf9608b4d22e5a407081db4,basiskv_ag,n/a,16,8,64,,,,,,,n/a,bfloat16,NVIDIA L40S,2,basiskv_ag_b16,reconstruction,0.020495999604463577,0.020255999639630318,0.020800000056624413,all_gather,256,4096,8192,57344.0
Qwen/Qwen3-8B-Base,49e3418fbbbca6ecbdf9608b4d22e5a407081db4,basiskv_ag,n/a,16,8,64,,,,,,,n/a,bfloat16,NVIDIA L40S,2,basiskv_ag_b16,total,0.04303999990224838,0.04249599948525429,0.044064000248909,all_gather,256,4096,8192,57344.0
Qwen/Qwen3-8B-Base,49e3418fbbbca6ecbdf9608b4d22e5a407081db4,dense_ar,n/a,32,8,64,,,,,,,n/a,bfloat16,NVIDIA L40S,0,dense_ar_b32,projection,0.013311999849975109,0.012959999963641167,0.016287999227643013,all_reduce,4096,131072,262144,458752.0
Qwen/Qwen3-8B-Base,49e3418fbbbca6ecbdf9608b4d22e5a407081db4,dense_ar,n/a,32,8,64,,,,,,,n/a,bfloat16,NVIDIA L40S,0,dense_ar_b32,collective,0.081727996468544,0.08099199831485748,0.0825280025601387,all_reduce,4096,131072,262144,458752.0
Qwen/Qwen3-8B-Base,49e3418fbbbca6ecbdf9608b4d22e5a407081db4,dense_ar,n/a,32,8,64,,,,,,,n/a,bfloat16,NVIDIA L40S,0,dense_ar_b32,reconstruction,0.012543999589979649,0.0098879998549819,0.015135999768972397,all_reduce,4096,131072,262144,458752.0
Qwen/Qwen3-8B-Base,49e3418fbbbca6ecbdf9608b4d22e5a407081db4,dense_ar,n/a,32,8,64,,,,,,,n/a,bfloat16,NVIDIA L40S,0,dense_ar_b32,total,0.09113600105047226,0.08979199826717377,0.09276799857616425,all_reduce,4096,131072,262144,458752.0
Qwen/Qwen3-8B-Base,49e3418fbbbca6ecbdf9608b4d22e5a407081db4,lr_ar_wire,n/a,32,8,64,,,,,,,n/a,bfloat16,NVIDIA L40S,0,lr_ar_wire_b32,projection,0.013472000136971474,0.013055999763309956,0.017535999417304993,all_reduce,1024,32768,65536,114688.0
Qwen/Qwen3-8B-Base,49e3418fbbbca6ecbdf9608b4d22e5a407081db4,lr_ar_wire,n/a,32,8,64,,,,,,,n/a,bfloat16,NVIDIA L40S,0,lr_ar_wire_b32,collective,0.03473600000143051,0.032896000891923904,0.039712000638246536,all_reduce,1024,32768,65536,114688.0
Qwen/Qwen3-8B-Base,49e3418fbbbca6ecbdf9608b4d22e5a407081db4,lr_ar_wire,n/a,32,8,64,,,,,,,n/a,bfloat16,NVIDIA L40S,0,lr_ar_wire_b32,reconstruction,0.01601599995046854,0.015807999297976494,0.01679999940097332,all_reduce,1024,32768,65536,114688.0
Qwen/Qwen3-8B-Base,49e3418fbbbca6ecbdf9608b4d22e5a407081db4,lr_ar_wire,n/a,32,8,64,,,,,,,n/a,bfloat16,NVIDIA L40S,0,lr_ar_wire_b32,total,0.06499200314283371,0.0628800019621849,0.0729919970035553,all_reduce,1024,32768,65536,114688.0
Qwen/Qwen3-8B-Base,49e3418fbbbca6ecbdf9608b4d22e5a407081db4,lr_ar_cap,n/a,32,8,64,,,,,,,n/a,bfloat16,NVIDIA L40S,0,lr_ar_cap_b32,projection,0.013279999606311321,0.013024000450968742,0.014688000082969666,all_reduce,2048,65536,131072,229376.0
Qwen/Qwen3-8B-Base,49e3418fbbbca6ecbdf9608b4d22e5a407081db4,lr_ar_cap,n/a,32,8,64,,,,,,,n/a,bfloat16,NVIDIA L40S,0,lr_ar_cap_b32,collective,0.04956800118088722,0.048928000032901764,0.0504320003092289,all_reduce,2048,65536,131072,229376.0
Qwen/Qwen3-8B-Base,49e3418fbbbca6ecbdf9608b4d22e5a407081db4,lr_ar_cap,n/a,32,8,64,,,,,,,n/a,bfloat16,NVIDIA L40S,0,lr_ar_cap_b32,reconstruction,0.023711999878287315,0.02271999977529049,0.026176000013947487,all_reduce,2048,65536,131072,229376.0
Qwen/Qwen3-8B-Base,49e3418fbbbca6ecbdf9608b4d22e5a407081db4,lr_ar_cap,n/a,32,8,64,,,,,,,n/a,bfloat16,NVIDIA L40S,0,lr_ar_cap_b32,total,0.0711359977722168,0.07011199742555618,0.0764160007238388,all_reduce,2048,65536,131072,229376.0
Qwen/Qwen3-8B-Base,49e3418fbbbca6ecbdf9608b4d22e5a407081db4,c1_ar,n/a,32,8,64,,,,,,,n/a,bfloat16,NVIDIA L40S,0,c1_ar_b32,projection,0.017535999417304993,0.01711999997496605,0.021536000072956085,all_reduce,2048,65536,131072,229376.0
Qwen/Qwen3-8B-Base,49e3418fbbbca6ecbdf9608b4d22e5a407081db4,c1_ar,n/a,32,8,64,,,,,,,n/a,bfloat16,NVIDIA L40S,0,c1_ar_b32,collective,0.049536000937223434,0.048928000032901764,0.05052800104022026,all_reduce,2048,65536,131072,229376.0
Qwen/Qwen3-8B-Base,49e3418fbbbca6ecbdf9608b4d22e5a407081db4,c1_ar,n/a,32,8,64,,,,,,,n/a,bfloat16,NVIDIA L40S,0,c1_ar_b32,reconstruction,0.020864000543951988,0.02070399932563305,0.021088000386953354,all_reduce,2048,65536,131072,229376.0
Qwen/Qwen3-8B-Base,49e3418fbbbca6ecbdf9608b4d22e5a407081db4,c1_ar,n/a,32,8,64,,,,,,,n/a,bfloat16,NVIDIA L40S,0,c1_ar_b32,total,0.08939200267195702,0.08479999750852585,0.09558399766683578,all_reduce,2048,65536,131072,229376.0
Qwen/Qwen3-8B-Base,49e3418fbbbca6ecbdf9608b4d22e5a407081db4,basiskv_ag,n/a,32,8,64,,,,,,,n/a,bfloat16,NVIDIA L40S,0,basiskv_ag_b32,projection,0.012896000407636166,0.012512000277638435,0.01708799973130226,all_gather,256,8192,16384,114688.0
Qwen/Qwen3-8B-Base,49e3418fbbbca6ecbdf9608b4d22e5a407081db4,basiskv_ag,n/a,32,8,64,,,,,,,n/a,bfloat16,NVIDIA L40S,0,basiskv_ag_b32,collective,0.02956799976527691,0.02860799990594387,0.03046399913728237,all_gather,256,8192,16384,114688.0
Qwen/Qwen3-8B-Base,49e3418fbbbca6ecbdf9608b4d22e5a407081db4,basiskv_ag,n/a,32,8,64,,,,,,,n/a,bfloat16,NVIDIA L40S,0,basiskv_ag_b32,reconstruction,0.02112000063061714,0.020864000543951988,0.02876799926161766,all_gather,256,8192,16384,114688.0
Qwen/Qwen3-8B-Base,49e3418fbbbca6ecbdf9608b4d22e5a407081db4,basiskv_ag,n/a,32,8,64,,,,,,,n/a,bfloat16,NVIDIA L40S,0,basiskv_ag_b32,total,0.052319999784231186,0.05135999992489815,0.053247999399900436,all_gather,256,8192,16384,114688.0
Qwen/Qwen3-8B-Base,49e3418fbbbca6ecbdf9608b4d22e5a407081db4,dense_ar,n/a,32,8,64,,,,,,,n/a,bfloat16,NVIDIA L40S,1,dense_ar_b32,projection,0.018271999433636665,0.015424000099301338,0.02179200015962124,all_reduce,4096,131072,262144,458752.0
Qwen/Qwen3-8B-Base,49e3418fbbbca6ecbdf9608b4d22e5a407081db4,dense_ar,n/a,32,8,64,,,,,,,n/a,bfloat16,NVIDIA L40S,1,dense_ar_b32,collective,0.08153600245714188,0.08089599758386612,0.08246400207281113,all_reduce,4096,131072,262144,458752.0
Qwen/Qwen3-8B-Base,49e3418fbbbca6ecbdf9608b4d22e5a407081db4,dense_ar,n/a,32,8,64,,,,,,,n/a,bfloat16,NVIDIA L40S,1,dense_ar_b32,reconstruction,0.010080000385642052,0.009824000298976898,0.011327999643981457,all_reduce,4096,131072,262144,458752.0
Qwen/Qwen3-8B-Base,49e3418fbbbca6ecbdf9608b4d22e5a407081db4,dense_ar,n/a,32,8,64,,,,,,,n/a,bfloat16,NVIDIA L40S,1,dense_ar_b32,total,0.0904960036277771,0.08979199826717377,0.09164799749851227,all_reduce,4096,131072,262144,458752.0
Qwen/Qwen3-8B-Base,49e3418fbbbca6ecbdf9608b4d22e5a407081db4,lr_ar_wire,n/a,32,8,64,,,,,,,n/a,bfloat16,NVIDIA L40S,1,lr_ar_wire_b32,projection,0.013344000093638897,0.013055999763309956,0.01708799973130226,all_reduce,1024,32768,65536,114688.0
Qwen/Qwen3-8B-Base,49e3418fbbbca6ecbdf9608b4d22e5a407081db4,lr_ar_wire,n/a,32,8,64,,,,,,,n/a,bfloat16,NVIDIA L40S,1,lr_ar_wire_b32,collective,0.03524800017476082,0.03363199904561043,0.0414079986512661,all_reduce,1024,32768,65536,114688.0
Qwen/Qwen3-8B-Base,49e3418fbbbca6ecbdf9608b4d22e5a407081db4,lr_ar_wire,n/a,32,8,64,,,,,,,n/a,bfloat16,NVIDIA L40S,1,lr_ar_wire_b32,reconstruction,0.019567999988794327,0.015936000272631645,0.022784000262618065,all_reduce,1024,32768,65536,114688.0
Qwen/Qwen3-8B-Base,49e3418fbbbca6ecbdf9608b4d22e5a407081db4,lr_ar_wire,n/a,32,8,64,,,,,,,n/a,bfloat16,NVIDIA L40S,1,lr_ar_wire_b32,total,0.06996800005435944,0.06752000004053116,0.08214399963617325,all_reduce,1024,32768,65536,114688.0
Qwen/Qwen3-8B-Base,49e3418fbbbca6ecbdf9608b4d22e5a407081db4,lr_ar_cap,n/a,32,8,64,,,,,,,n/a,bfloat16,NVIDIA L40S,1,lr_ar_cap_b32,projection,0.013311999849975109,0.013024000450968742,0.014783999882638454,all_reduce,2048,65536,131072,229376.0
Qwen/Qwen3-8B-Base,49e3418fbbbca6ecbdf9608b4d22e5a407081db4,lr_ar_cap,n/a,32,8,64,,,,,,,n/a,bfloat16,NVIDIA L40S,1,lr_ar_cap_b32,collective,0.049375999718904495,0.048895999789237976,0.050335999578237534,all_reduce,2048,65536,131072,229376.0
Qwen/Qwen3-8B-Base,49e3418fbbbca6ecbdf9608b4d22e5a407081db4,lr_ar_cap,n/a,32,8,64,,,,,,,n/a,bfloat16,NVIDIA L40S,1,lr_ar_cap_b32,reconstruction,0.020576000213623047,0.016863999888300896,0.02271999977529049,all_reduce,2048,65536,131072,229376.0
Qwen/Qwen3-8B-Base,49e3418fbbbca6ecbdf9608b4d22e5a407081db4,lr_ar_cap,n/a,32,8,64,,,,,,,n/a,bfloat16,NVIDIA L40S,1,lr_ar_cap_b32,total,0.0708480030298233,0.07004799693822861,0.07248000055551529,all_reduce,2048,65536,131072,229376.0
Qwen/Qwen3-8B-Base,49e3418fbbbca6ecbdf9608b4d22e5a407081db4,c1_ar,n/a,32,8,64,,,,,,,n/a,bfloat16,NVIDIA L40S,1,c1_ar_b32,projection,0.017472000792622566,0.01708799973130226,0.02300800010561943,all_reduce,2048,65536,131072,229376.0
Qwen/Qwen3-8B-Base,49e3418fbbbca6ecbdf9608b4d22e5a407081db4,c1_ar,n/a,32,8,64,,,,,,,n/a,bfloat16,NVIDIA L40S,1,c1_ar_b32,collective,0.04947200044989586,0.048895999789237976,0.0504320003092289,all_reduce,2048,65536,131072,229376.0
Qwen/Qwen3-8B-Base,49e3418fbbbca6ecbdf9608b4d22e5a407081db4,c1_ar,n/a,32,8,64,,,,,,,n/a,bfloat16,NVIDIA L40S,1,c1_ar_b32,reconstruction,0.028271999210119247,0.020767999812960625,0.030432000756263733,all_reduce,2048,65536,131072,229376.0
Qwen/Qwen3-8B-Base,49e3418fbbbca6ecbdf9608b4d22e5a407081db4,c1_ar,n/a,32,8,64,,,,,,,n/a,bfloat16,NVIDIA L40S,1,c1_ar_b32,total,0.08649600297212601,0.08454400300979614,0.09312000125646591,all_reduce,2048,65536,131072,229376.0
Qwen/Qwen3-8B-Base,49e3418fbbbca6ecbdf9608b4d22e5a407081db4,basiskv_ag,n/a,32,8,64,,,,,,,n/a,bfloat16,NVIDIA L40S,1,basiskv_ag_b32,projection,0.012736000120639801,0.012512000277638435,0.013663999736309052,all_gather,256,8192,16384,114688.0
Qwen/Qwen3-8B-Base,49e3418fbbbca6ecbdf9608b4d22e5a407081db4,basiskv_ag,n/a,32,8,64,,,,,,,n/a,bfloat16,NVIDIA L40S,1,basiskv_ag_b32,collective,0.029440000653266907,0.028543999418616295,0.030271999537944794,all_gather,256,8192,16384,114688.0
Qwen/Qwen3-8B-Base,49e3418fbbbca6ecbdf9608b4d22e5a407081db4,basiskv_ag,n/a,32,8,64,,,,,,,n/a,bfloat16,NVIDIA L40S,1,basiskv_ag_b32,reconstruction,0.02094399929046631,0.020767999812960625,0.021215999498963356,all_gather,256,8192,16384,114688.0
Qwen/Qwen3-8B-Base,49e3418fbbbca6ecbdf9608b4d22e5a407081db4,basiskv_ag,n/a,32,8,64,,,,,,,n/a,bfloat16,NVIDIA L40S,1,basiskv_ag_b32,total,0.05241600051522255,0.05142400041222572,0.05353600159287453,all_gather,256,8192,16384,114688.0
Qwen/Qwen3-8B-Base,49e3418fbbbca6ecbdf9608b4d22e5a407081db4,dense_ar,n/a,32,8,64,,,,,,,n/a,bfloat16,NVIDIA L40S,2,dense_ar_b32,projection,0.013663999736309052,0.013024000450968742,0.018144000321626663,all_reduce,4096,131072,262144,458752.0
Qwen/Qwen3-8B-Base,49e3418fbbbca6ecbdf9608b4d22e5a407081db4,dense_ar,n/a,32,8,64,,,,,,,n/a,bfloat16,NVIDIA L40S,2,dense_ar_b32,collective,0.08161600306630135,0.0809599980711937,0.08243200182914734,all_reduce,4096,131072,262144,458752.0
Qwen/Qwen3-8B-Base,49e3418fbbbca6ecbdf9608b4d22e5a407081db4,dense_ar,n/a,32,8,64,,,,,,,n/a,bfloat16,NVIDIA L40S,2,dense_ar_b32,reconstruction,0.010304000228643417,0.009855999611318111,0.01974399946630001,all_reduce,4096,131072,262144,458752.0
Qwen/Qwen3-8B-Base,49e3418fbbbca6ecbdf9608b4d22e5a407081db4,dense_ar,n/a,32,8,64,,,,,,,n/a,bfloat16,NVIDIA L40S,2,dense_ar_b32,total,0.09123200178146362,0.09014400094747543,0.0928959995508194,all_reduce,4096,131072,262144,458752.0
Qwen/Qwen3-8B-Base,49e3418fbbbca6ecbdf9608b4d22e5a407081db4,lr_ar_wire,n/a,32,8,64,,,,,,,n/a,bfloat16,NVIDIA L40S,2,lr_ar_wire_b32,projection,0.013248000293970108,0.012992000207304955,0.014527999795973301,all_reduce,1024,32768,65536,114688.0
Qwen/Qwen3-8B-Base,49e3418fbbbca6ecbdf9608b4d22e5a407081db4,lr_ar_wire,n/a,32,8,64,,,,,,,n/a,bfloat16,NVIDIA L40S,2,lr_ar_wire_b32,collective,0.03363199904561043,0.03276799991726875,0.038176000118255615,all_reduce,1024,32768,65536,114688.0
Qwen/Qwen3-8B-Base,49e3418fbbbca6ecbdf9608b4d22e5a407081db4,lr_ar_wire,n/a,32,8,64,,,,,,,n/a,bfloat16,NVIDIA L40S,2,lr_ar_wire_b32,reconstruction,0.015968000516295433,0.015807999297976494,0.016256000846624374,all_reduce,1024,32768,65536,114688.0
Qwen/Qwen3-8B-Base,49e3418fbbbca6ecbdf9608b4d22e5a407081db4,lr_ar_wire,n/a,32,8,64,,,,,,,n/a,bfloat16,NVIDIA L40S,2,lr_ar_wire_b32,total,0.06876800209283829,0.06684800237417221,0.07680000364780426,all_reduce,1024,32768,65536,114688.0
Qwen/Qwen3-8B-Base,49e3418fbbbca6ecbdf9608b4d22e5a407081db4,lr_ar_cap,n/a,32,8,64,,,,,,,n/a,bfloat16,NVIDIA L40S,2,lr_ar_cap_b32,projection,0.013279999606311321,0.012992000207304955,0.017023999243974686,all_reduce,2048,65536,131072,229376.0
Qwen/Qwen3-8B-Base,49e3418fbbbca6ecbdf9608b4d22e5a407081db4,lr_ar_cap,n/a,32,8,64,,,,,,,n/a,bfloat16,NVIDIA L40S,2,lr_ar_cap_b32,collective,0.04934399947524071,0.0488319993019104,0.050144001841545105,all_reduce,2048,65536,131072,229376.0
Qwen/Qwen3-8B-Base,49e3418fbbbca6ecbdf9608b4d22e5a407081db4,lr_ar_cap,n/a,32,8,64,,,,,,,n/a,bfloat16,NVIDIA L40S,2,lr_ar_cap_b32,reconstruction,0.01759999990463257,0.017023999243974686,0.018880000337958336,all_reduce,2048,65536,131072,229376.0
Qwen/Qwen3-8B-Base,49e3418fbbbca6ecbdf9608b4d22e5a407081db4,lr_ar_cap,n/a,32,8,64,,,,,,,n/a,bfloat16,NVIDIA L40S,2,lr_ar_cap_b32,total,0.07095999643206596,0.07014399766921997,0.07206399738788605,all_reduce,2048,65536,131072,229376.0
Qwen/Qwen3-8B-Base,49e3418fbbbca6ecbdf9608b4d22e5a407081db4,c1_ar,n/a,32,8,64,,,,,,,n/a,bfloat16,NVIDIA L40S,2,c1_ar_b32,projection,0.021536000072956085,0.017311999574303627,0.02505600079894066,all_reduce,2048,65536,131072,229376.0
Qwen/Qwen3-8B-Base,49e3418fbbbca6ecbdf9608b4d22e5a407081db4,c1_ar,n/a,32,8,64,,,,,,,n/a,bfloat16,NVIDIA L40S,2,c1_ar_b32,collective,0.04950400069355965,0.048895999789237976,0.050335999578237534,all_reduce,2048,65536,131072,229376.0
Qwen/Qwen3-8B-Base,49e3418fbbbca6ecbdf9608b4d22e5a407081db4,c1_ar,n/a,32,8,64,,,,,,,n/a,bfloat16,NVIDIA L40S,2,c1_ar_b32,reconstruction,0.020896000787615776,0.02067199908196926,0.02115200087428093,all_reduce,2048,65536,131072,229376.0
Qwen/Qwen3-8B-Base,49e3418fbbbca6ecbdf9608b4d22e5a407081db4,c1_ar,n/a,32,8,64,,,,,,,n/a,bfloat16,NVIDIA L40S,2,c1_ar_b32,total,0.08870399743318558,0.08604799956083298,0.09692800045013428,all_reduce,2048,65536,131072,229376.0
Qwen/Qwen3-8B-Base,49e3418fbbbca6ecbdf9608b4d22e5a407081db4,basiskv_ag,n/a,32,8,64,,,,,,,n/a,bfloat16,NVIDIA L40S,2,basiskv_ag_b32,projection,0.013263999950140715,0.012608000077307224,0.021183999255299568,all_gather,256,8192,16384,114688.0
Qwen/Qwen3-8B-Base,49e3418fbbbca6ecbdf9608b4d22e5a407081db4,basiskv_ag,n/a,32,8,64,,,,,,,n/a,bfloat16,NVIDIA L40S,2,basiskv_ag_b32,collective,0.02956799976527691,0.028672000393271446,0.0306560005992651,all_gather,256,8192,16384,114688.0
Qwen/Qwen3-8B-Base,49e3418fbbbca6ecbdf9608b4d22e5a407081db4,basiskv_ag,n/a,32,8,64,,,,,,,n/a,bfloat16,NVIDIA L40S,2,basiskv_ag_b32,reconstruction,0.022592000663280487,0.020959999412298203,0.02864000014960766,all_gather,256,8192,16384,114688.0
Qwen/Qwen3-8B-Base,49e3418fbbbca6ecbdf9608b4d22e5a407081db4,basiskv_ag,n/a,32,8,64,,,,,,,n/a,bfloat16,NVIDIA L40S,2,basiskv_ag_b32,total,0.05241600051522255,0.051552001386880875,0.05337600037455559,all_gather,256,8192,16384,114688.0
